frame,time,cx,cy,w,h,area,x0,y0,x1,y1,mean_r,mean_g,mean_b
1,40.0,40.4,49.2,2,3,5,40,48,41,50,170.6,150.4,141.0
1,40.0,30.5,52.12,4,6,16,29,49,32,54,202.25,187.12,179.0
1,40.0,26.8,51.2,2,4,5,26,50,27,53,213.6,96.6,109.4
1,40.0,97.4,51.2,2,3,5,97,50,98,52,172.0,143.4,140.4
1,40.0,101.6,51.2,2,3,5,101,50,102,52,170.4,142.0,138.8
1,40.0,105.5,51.0,2,3,6,105,50,106,52,171.83,142.67,142.5
1,40.0,109.6,51.2,2,3,5,109,50,110,52,172.6,143.4,140.4
1,40.0,113.5,51.0,2,3,6,113,50,114,52,177.5,141.5,142.83
1,40.0,117.4,51.2,2,3,5,117,50,118,52,177.2,140.8,139.4
1,40.0,23.57,52.29,2,4,7,23,51,24,54,246.86,233.57,236.71
1,40.0,47.22,53.22,5,3,9,45,52,49,54,222.67,211.44,202.22
1,40.0,188.46,74.59,26,8,106,176,71,201,78,210.14,199.82,235.12
1,40.0,206.6,73.8,7,3,15,204,73,210,75,208.6,197.47,223.13
1,40.0,178.53,86.92,26,4,38,168,85,193,88,211.53,205.37,224.55
1,40.0,202.64,89.59,8,5,22,199,87,206,91,207.86,205.23,223.55
1,40.0,7.12,90.38,14,6,52,0,88,13,93,208.63,199.56,209.23
1,40.0,238.0,92.14,9,6,22,234,89,242,94,208.5,195.59,219.45
1,40.0,183.71,90.71,6,2,7,181,90,186,91,211.0,207.43,227.57
1,40.0,194.0,90.0,9,1,9,190,90,198,90,211.56,209.22,227.44
1,40.0,17.4,100.15,22,8,48,5,97,26,104,207.98,205.75,207.04
1,40.0,40.6,103.4,12,4,25,34,102,45,105,207.56,204.68,206.76
1,40.0,50.85,103.46,7,4,13,48,102,54,105,207.31,198.92,202.77
1,40.0,182.89,111.18,26,17,196,172,104,197,120,218.16,150.73,86.45
1,40.0,26.0,107.08,7,3,12,23,106,29,108,210.75,208.83,211.0
1,40.0,53.0,109.5,7,2,10,50,109,56,110,206.9,205.7,219.0
1,40.0,165.83,111.67,8,3,18,162,111,169,113,211.78,200.06,236.28
1,40.0,42.0,113.0,5,1,5,40,113,44,113,209.4,208.6,226.8
1,40.0,55.12,116.5,5,2,8,53,116,57,117,206.5,204.5,222.5
1,40.0,178.36,120.64,6,4,14,176,119,181,122,214.71,136.64,130.86
1,40.0,87.4,125.4,4,2,5,86,125,89,126,210.8,198.4,255.0
1,40.0,107.0,131.75,6,2,8,104,131,109,132,209.88,200.5,243.38
1,40.0,196.91,137.91,5,3,11,195,137,199,139,204.91,166.18,192.18
1,40.0,174.2,139.6,3,2,5,173,139,175,140,220.8,197.4,209.8
1,40.0,201.14,141.43,4,3,7,200,140,203,142,158.29,119.43,135.86
1,40.0,169.3,144.2,4,3,10,168,143,171,145,176.1,130.1,141.4
1,40.0,122.46,154.86,10,7,37,118,151,127,157,128.68,219.27,76.49
1,40.0,86.9,154.1,5,3,10,85,153,89,155,132.7,225.1,75.2
1,40.0,93.2,153.8,5,3,10,91,153,95,155,129.5,215.2,74.5
1,40.0,105.6,155.3,5,5,10,103,153,107,157,131.1,227.6,105.9
1,40.0,110.0,154.0,3,3,5,109,153,111,155,127.6,227.4,95.2
1,40.0,81.4,158.2,2,3,5,81,157,82,159,135.4,226.2,93.8
1,40.0,110.4,157.4,4,2,5,109,157,112,158,131.2,227.2,107.0
1,40.0,58.38,161.54,4,4,13,57,160,60,163,132.62,210.08,91.23
1,40.0,54.04,166.13,5,10,23,52,161,56,170,144.48,210.74,110.57
1,40.0,85.18,169.47,4,6,17,84,167,87,172,134.88,93.41,68.41
1,40.0,70.62,170.12,10,3,16,66,169,75,171,131.25,188.19,85.81
1,40.0,61.7,172.8,4,3,10,60,172,63,174,138.2,195.3,86.4
1,40.0,93.25,174.25,4,3,8,92,173,95,175,141.62,172.88,117.0
1,40.0,36.5,188.17,6,5,24,34,186,39,190,179.08,182.5,93.12
1,40.0,28.3,188.5,6,4,20,26,187,31,190,192.0,178.15,98.4
1,40.0,32.0,192.0,5,1,5,30,192,34,192,148.8,203.0,129.0
1,40.0,13.5,193.0,8,1,8,10,193,17,193,171.25,230.5,148.62
1,40.0,21.5,202.5,2,4,8,21,201,22,204,200.38,56.12,70.75
1,40.0,24.38,202.62,2,5,8,24,201,25,205,208.0,65.12,75.0
1,40.0,283.71,206.5,8,4,28,280,205,287,208,163.61,137.96,20.86
1,40.0,176.0,213.0,7,1,7,173,213,179,213,122.0,107.14,96.43
1,40.0,216.5,213.0,6,1,6,214,213,219,213,122.83,113.5,103.33
1,40.0,129.6,219.2,4,2,5,128,219,131,220,232.6,251.0,239.6
1,40.0,148.8,219.6,3,2,5,148,219,150,220,229.4,241.4,224.2
1,40.0,167.83,219.33,4,2,6,166,219,169,220,241.67,255.0,233.17
1,40.0,177.83,219.33,4,2,6,176,219,179,220,237.83,250.83,231.0
1,40.0,188.83,219.33,4,2,6,187,219,190,220,239.33,254.17,233.33
1,40.0,198.0,219.25,6,2,8,195,219,200,220,233.38,246.62,224.25
2,40.03,40.4,49.2,2,3,5,40,48,41,50,170.6,150.4,141.0
2,40.03,30.5,52.12,4,6,16,29,49,32,54,202.25,187.12,179.0
2,40.03,26.8,51.2,2,4,5,26,50,27,53,213.6,96.6,109.4
2,40.03,97.4,51.2,2,3,5,97,50,98,52,172.0,143.4,140.4
2,40.03,101.6,51.2,2,3,5,101,50,102,52,170.4,142.0,138.8
2,40.03,105.5,51.0,2,3,6,105,50,106,52,171.83,142.67,142.5
2,40.03,109.6,51.2,2,3,5,109,50,110,52,172.6,143.4,140.4
2,40.03,113.5,51.0,2,3,6,113,50,114,52,177.5,141.5,142.83
2,40.03,117.4,51.2,2,3,5,117,50,118,52,177.2,140.8,139.4
2,40.03,23.57,52.29,2,4,7,23,51,24,54,246.86,233.57,236.71
2,40.03,47.22,53.22,5,3,9,45,52,49,54,222.67,211.44,202.22
2,40.03,190.29,70.54,31,10,134,176,67,206,76,210.83,199.31,234.13
2,40.03,169.2,80.6,3,2,5,168,80,170,81,207.4,200.4,221.0
2,40.03,176.75,83.97,24,4,40,167,82,190,85,208.7,201.68,223.05
2,40.03,198.0,82.0,9,1,9,194,82,202,82,205.67,204.33,219.67
2,40.03,184.5,88.0,6,1,6,182,88,187,88,209.17,204.83,238.5
2,40.03,4.4,91.2,4,2,5,3,91,6,92,211.2,209.6,221.0
2,40.03,12.79,96.95,22,4,42,0,95,21,98,208.67,206.38,209.07
2,40.03,39.5,100.5,6,5,18,37,99,42,103,206.72,203.61,225.17
2,40.03,9.83,101.67,4,2,6,8,101,11,102,210.33,207.83,206.67
2,40.03,20.43,104.93,6,3,14,18,104,23,106,210.0,208.36,211.5
2,40.03,55.38,105.38,4,4,8,54,104,57,107,207.88,203.62,226.0
2,40.03,182.52,111.09,26,17,212,172,104,197,120,219.35,154.12,96.24
2,40.03,166.15,110.22,9,4,27,162,109,170,112,207.26,200.3,247.89
2,40.03,178.27,120.73,6,4,15,176,119,181,122,214.93,141.27,138.67
2,40.03,95.67,124.83,5,2,6,94,124,98,125,214.0,201.83,235.67
2,40.03,105.75,131.25,4,3,8,104,130,107,132,208.25,197.0,242.25
2,40.03,197.0,137.67,5,3,9,195,137,199,139,216.44,175.78,205.22
2,40.03,174.2,139.6,3,2,5,173,139,175,140,220.8,197.4,209.8
2,40.03,201.14,141.43,4,3,7,200,140,203,142,158.29,119.43,135.86
2,40.03,169.3,144.2,4,3,10,168,143,171,145,176.1,130.1,141.4
2,40.03,102.37,153.21,11,6,38,97,151,107,156,136.16,221.34,84.92
2,40.03,120.55,154.03,9,6,29,116,151,124,156,130.86,223.76,82.52
2,40.03,89.64,152.86,6,3,14,87,152,92,154,133.5,217.43,79.5
2,40.03,50.84,166.25,9,13,56,47,161,55,173,137.04,198.71,86.98
2,40.03,82.5,169.8,3,6,10,82,168,84,173,135.0,79.4,59.8
2,40.03,108.43,168.57,4,3,7,107,168,110,170,152.43,131.14,101.57
2,40.03,45.0,170.25,5,4,8,43,169,47,172,133.75,190.12,106.38
2,40.03,102.5,171.0,2,3,6,102,170,103,172,123.67,96.5,71.67
2,40.03,117.18,172.0,6,3,11,115,171,120,173,137.82,181.73,110.91
2,40.03,64.67,172.83,3,3,6,64,172,66,174,124.67,183.83,69.0
2,40.03,69.8,173.2,4,2,5,68,173,71,174,125.6,178.4,83.8
2,40.03,36.5,188.17,6,5,24,34,186,39,190,179.75,183.12,94.58
2,40.03,28.3,188.5,6,4,20,26,187,31,190,192.0,178.15,98.2
2,40.03,8.33,190.67,6,2,9,6,190,11,191,172.78,220.56,99.44
2,40.03,13.5,193.0,8,1,8,10,193,17,193,170.88,231.5,149.25
2,40.03,21.5,202.5,2,4,8,21,201,22,204,200.38,56.12,70.75
2,40.03,24.38,202.62,2,5,8,24,201,25,205,208.0,65.12,75.0
2,40.03,283.71,206.5,8,4,28,280,205,287,208,163.61,137.96,20.86
2,40.03,176.0,213.0,7,1,7,173,213,179,213,122.0,107.14,96.43
2,40.03,216.5,213.0,6,1,6,214,213,219,213,122.83,113.5,103.33
2,40.03,129.6,219.2,4,2,5,128,219,131,220,232.6,251.0,239.6
2,40.03,148.8,219.6,3,2,5,148,219,150,220,229.4,241.4,224.2
2,40.03,167.83,219.33,4,2,6,166,219,169,220,241.67,255.0,233.17
2,40.03,177.83,219.33,4,2,6,176,219,179,220,237.83,250.83,231.0
2,40.03,188.83,219.33,4,2,6,187,219,190,220,239.33,254.17,233.33
2,40.03,198.0,219.25,6,2,8,195,219,200,220,233.38,246.62,224.25
3,40.07,40.4,49.2,2,3,5,40,48,41,50,170.6,150.4,141.0
3,40.07,30.5,52.12,4,6,16,29,49,32,54,202.25,187.12,179.0
3,40.07,26.8,51.2,2,4,5,26,50,27,53,213.6,96.6,109.4
3,40.07,97.4,51.2,2,3,5,97,50,98,52,172.0,143.4,140.4
3,40.07,101.6,51.2,2,3,5,101,50,102,52,170.4,142.0,138.8
3,40.07,105.5,51.0,2,3,6,105,50,106,52,171.83,142.67,142.5
3,40.07,109.6,51.2,2,3,5,109,50,110,52,172.6,143.4,140.4
3,40.07,113.5,51.0,2,3,6,113,50,114,52,177.5,141.5,142.83
3,40.07,117.4,51.2,2,3,5,117,50,118,52,177.2,140.8,139.4
3,40.07,23.57,52.29,2,4,7,23,51,24,54,246.86,233.57,236.71
3,40.07,47.22,53.22,5,3,9,45,52,49,54,222.67,211.44,202.22
3,40.07,206.94,58.31,11,2,16,202,58,212,59,211.0,203.88,253.56
3,40.07,177.47,62.07,7,5,15,175,60,181,64,209.13,197.53,242.07
3,40.07,190.71,65.0,3,3,7,190,64,192,66,207.86,204.14,242.71
3,40.07,228.55,67.45,9,3,11,224,67,232,69,208.27,196.73,236.91
3,40.07,167.22,70.33,5,3,9,165,69,169,71,208.33,202.89,230.11
3,40.07,172.12,74.38,7,2,8,169,74,175,75,206.25,200.38,234.38
3,40.07,201.57,78.93,13,2,14,196,78,208,79,206.0,203.43,243.36
3,40.07,183.83,79.67,4,2,6,182,79,185,80,208.67,205.0,238.0
3,40.07,220.56,84.78,7,2,9,217,84,223,85,207.11,206.67,240.11
3,40.07,21.03,95.05,9,6,37,18,93,26,98,208.92,201.62,209.19
3,40.07,1.8,99.1,5,3,10,0,98,4,100,210.5,208.7,223.7
3,40.07,13.17,99.33,3,3,6,12,98,14,100,208.17,208.67,217.33
3,40.07,34.55,102.2,8,4,20,31,101,38,104,207.4,205.4,209.25
3,40.07,162.84,105.38,15,4,32,157,104,171,107,208.84,200.62,234.38
3,40.07,182.45,110.99,26,17,216,172,104,197,120,217.3,154.19,96.92
3,40.07,23.5,107.0,12,1,12,18,107,29,107,213.08,210.83,211.5
3,40.07,36.38,110.15,6,3,13,34,109,39,111,209.92,208.0,211.31
3,40.07,150.25,110.25,6,2,8,148,110,153,111,212.25,199.5,230.62
3,40.07,154.73,113.2,13,3,15,149,112,161,114,212.47,203.87,234.47
3,40.07,178.2,120.67,6,4,15,176,119,181,122,212.87,132.73,126.13
3,40.07,83.4,120.6,9,2,15,80,120,88,121,213.2,195.8,253.53
3,40.07,96.29,125.71,6,2,7,94,125,99,126,210.0,200.57,244.0
3,40.07,197.0,137.67,5,3,9,195,137,199,139,216.44,175.78,205.22
3,40.07,173.57,139.57,4,2,7,172,139,175,140,204.14,173.0,181.29
3,40.07,201.14,141.43,4,3,7,200,140,203,142,158.29,119.43,135.86
3,40.07,169.54,144.85,4,4,13,168,143,171,146,170.08,134.54,137.15
3,40.07,35.8,148.2,3,3,5,35,147,37,149,211.6,214.2,255.0
3,40.07,75.95,153.0,6,5,20,74,151,79,155,129.95,221.4,73.5
3,40.07,95.1,152.0,6,3,10,93,151,98,153,126.6,226.4,88.6
3,40.07,98.95,155.37,6,7,19,96,152,101,158,129.0,221.32,82.74
3,40.07,113.89,155.0,12,6,37,108,152,119,157,128.76,220.27,81.46
3,40.07,38.2,159.6,3,2,5,37,159,39,160,127.0,207.4,101.2
3,40.07,34.7,165.15,9,8,40,31,162,39,169,134.0,205.4,96.45
3,40.07,76.55,168.25,6,7,20,74,165,79,171,134.45,89.1,72.7
3,40.07,97.17,169.33,4,3,6,96,168,99,170,129.67,107.67,74.67
3,40.07,30.57,170.86,6,2,7,28,170,33,171,132.0,189.57,93.71
3,40.07,50.54,171.46,9,3,13,47,170,55,172,134.46,199.23,97.15
3,40.07,69.0,172.76,4,7,17,68,170,71,176,133.65,92.65,70.76
3,40.07,37.81,174.26,13,5,31,32,173,44,177,134.19,191.71,78.97
3,40.07,52.58,175.25,9,2,12,48,175,56,176,138.33,193.58,92.42
3,40.07,71.75,176.5,5,2,8,70,176,74,177,130.25,177.75,90.62
3,40.07,27.23,179.38,8,2,13,24,179,31,180,130.62,199.23,103.23
3,40.07,28.32,188.27,6,5,22,26,186,31,190,192.5,186.82,103.55
3,40.07,36.5,188.17,6,5,24,34,186,39,190,182.83,185.25,96.71
3,40.07,12.0,193.0,5,1,5,10,193,14,193,170.8,229.0,147.4
3,40.07,21.5,202.5,2,4,8,21,201,22,204,200.38,56.12,70.75
3,40.07,24.38,202.62,2,5,8,24,201,25,205,208.0,65.12,75.0
3,40.07,283.71,206.5,8,4,28,280,205,287,208,163.61,137.96,20.86
3,40.07,176.0,213.0,7,1,7,173,213,179,213,122.0,107.14,96.43
3,40.07,216.5,213.0,6,1,6,214,213,219,213,122.83,113.5,103.33
3,40.07,129.6,219.2,4,2,5,128,219,131,220,232.6,251.0,239.6
3,40.07,148.8,219.6,3,2,5,148,219,150,220,229.4,241.4,224.2
3,40.07,167.83,219.33,4,2,6,166,219,169,220,241.67,255.0,233.17
3,40.07,177.83,219.33,4,2,6,176,219,179,220,237.83,250.83,231.0
3,40.07,188.83,219.33,4,2,6,187,219,190,220,239.33,254.17,233.33
3,40.07,198.0,219.25,6,2,8,195,219,200,220,233.38,246.62,224.25
4,40.1,40.4,49.2,2,3,5,40,48,41,50,170.6,150.4,141.0
4,40.1,30.5,52.12,4,6,16,29,49,32,54,202.25,187.12,179.0
4,40.1,26.8,51.2,2,4,5,26,50,27,53,213.6,96.6,109.4
4,40.1,97.4,51.2,2,3,5,97,50,98,52,172.0,143.4,140.4
4,40.1,101.6,51.2,2,3,5,101,50,102,52,170.4,142.0,138.8
4,40.1,105.5,51.0,2,3,6,105,50,106,52,171.83,142.67,142.5
4,40.1,109.6,51.2,2,3,5,109,50,110,52,172.6,143.4,140.4
4,40.1,113.5,51.0,2,3,6,113,50,114,52,177.5,141.5,142.83
4,40.1,117.4,51.2,2,3,5,117,50,118,52,177.2,140.8,139.4
4,40.1,23.57,52.29,2,4,7,23,51,24,54,246.86,233.57,236.71
4,40.1,188.1,52.4,4,4,10,186,51,189,54,216.7,199.3,246.0
4,40.1,47.22,53.22,5,3,9,45,52,49,54,222.67,211.44,202.22
4,40.1,177.56,56.25,7,4,16,175,55,181,58,210.06,195.81,248.31
4,40.1,211.47,57.6,8,3,15,208,57,215,59,207.07,200.0,249.0
4,40.1,220.5,64.0,6,1,6,218,64,223,64,209.33,197.5,244.67
4,40.1,163.78,66.44,5,2,9,162,66,166,67,214.33,206.22,240.89
4,40.1,203.0,67.0,5,1,5,201,67,205,67,206.2,203.6,230.6
4,40.1,195.4,74.8,12,2,15,190,74,201,75,207.33,203.8,243.93
4,40.1,219.5,81.0,8,1,8,216,81,223,81,206.88,209.38,245.5
4,40.1,3.0,85.75,8,3,12,0,85,7,87,209.5,196.75,217.17
4,40.1,6.59,95.25,14,7,63,0,92,13,98,206.51,203.29,217.67
4,40.1,22.86,102.16,20,4,37,12,100,31,103,209.03,206.86,211.38
4,40.1,160.76,104.24,12,5,34,155,102,166,106,208.62,200.88,233.41
4,40.1,182.02,111.78,26,19,237,172,104,197,122,214.98,151.48,98.83
4,40.1,21.4,105.6,4,2,5,20,105,23,106,206.0,203.6,202.6
4,40.1,11.5,106.0,8,1,8,8,106,15,106,209.38,208.62,218.75
4,40.1,31.14,109.07,7,3,14,28,108,34,110,209.57,208.21,210.64
4,40.1,82.63,119.74,12,3,19,77,119,88,121,209.84,196.58,249.11
4,40.1,72.6,124.0,2,3,5,72,123,73,125,211.2,198.8,254.4
4,40.1,93.57,124.29,5,2,7,92,124,96,125,207.14,201.86,248.71
4,40.1,99.17,128.0,3,3,6,98,127,100,129,209.0,201.67,251.33
4,40.1,197.0,137.67,5,3,9,195,137,199,139,216.44,175.78,205.22
4,40.1,173.57,139.57,4,2,7,172,139,175,140,204.14,173.0,181.29
4,40.1,201.14,141.43,4,3,7,200,140,203,142,158.29,119.43,135.86
4,40.1,169.54,144.85,4,4,13,168,143,171,146,170.08,134.54,137.15
4,40.1,34.8,148.2,3,3,5,34,147,36,149,212.4,216.0,255.0
4,40.1,218.2,149.6,3,2,5,217,149,219,150,210.6,201.8,247.4
4,40.1,69.85,152.52,7,6,27,67,150,73,155,130.41,224.52,71.67
4,40.1,110.45,154.69,9,9,42,107,150,115,158,133.02,224.83,76.31
4,40.1,94.57,153.46,8,7,28,91,151,98,157,135.36,225.39,89.11
4,40.1,103.96,153.24,6,6,25,101,151,106,156,136.84,220.0,67.24
4,40.1,60.8,155.6,5,5,15,59,153,63,157,131.67,217.0,84.87
4,40.1,81.2,154.6,3,2,5,80,154,82,155,140.4,221.0,99.6
4,40.1,87.8,155.0,3,3,5,87,154,89,156,134.0,230.6,100.0
4,40.1,27.95,164.0,8,11,43,24,159,31,169,144.12,214.77,107.02
4,40.1,32.57,164.71,2,4,7,32,163,33,166,131.86,194.0,102.71
4,40.1,118.2,164.6,3,2,5,117,164,119,165,125.8,224.8,102.2
4,40.1,71.24,168.72,8,9,25,68,165,75,173,135.76,88.84,72.24
4,40.1,26.08,170.83,5,6,12,24,168,28,173,137.33,200.33,82.75
4,40.1,64.47,172.65,6,7,17,62,170,67,176,135.0,85.82,70.29
4,40.1,88.4,170.8,2,3,5,88,170,89,172,123.4,93.0,66.2
4,40.1,106.17,171.0,3,3,6,105,170,107,172,128.83,163.83,102.83
4,40.1,44.07,171.73,9,3,15,40,171,48,173,134.73,201.07,92.33
4,40.1,69.25,174.5,4,5,12,68,173,71,177,130.92,126.0,85.75
4,40.1,86.5,174.0,2,3,6,86,173,87,175,140.17,91.0,80.33
4,40.1,103.0,174.0,3,3,5,102,173,104,175,133.2,184.4,103.0
4,40.1,22.8,174.6,3,2,5,22,174,24,175,138.0,200.8,92.8
4,40.1,32.6,175.1,9,4,20,28,174,36,177,132.0,189.2,76.05
4,40.1,43.79,175.21,9,3,14,40,174,48,176,129.93,191.57,80.21
4,40.1,83.0,175.0,4,3,6,81,174,84,176,131.33,164.33,92.83
4,40.1,60.4,177.4,4,2,5,59,177,62,178,147.4,204.2,81.4
4,40.1,28.32,188.27,6,5,22,26,186,31,190,192.05,186.32,103.14
4,40.1,36.43,188.09,6,5,23,34,186,39,190,183.48,192.96,98.13
4,40.1,120.5,191.0,6,1,6,118,191,123,191,161.83,226.0,139.5
4,40.1,133.5,191.0,12,1,12,128,191,139,191,150.08,223.42,131.08
4,40.1,13.5,193.0,8,1,8,10,193,17,193,172.0,230.88,148.0
4,40.1,21.5,202.5,2,4,8,21,201,22,204,200.38,56.12,70.75
4,40.1,24.38,202.62,2,5,8,24,201,25,205,208.0,65.12,75.0
4,40.1,283.71,206.5,8,4,28,280,205,287,208,163.61,137.96,20.86
4,40.1,176.0,213.0,7,1,7,173,213,179,213,122.0,107.14,96.43
4,40.1,216.5,213.0,6,1,6,214,213,219,213,122.83,113.5,103.33
4,40.1,129.6,219.2,4,2,5,128,219,131,220,232.6,251.0,239.6
4,40.1,148.8,219.6,3,2,5,148,219,150,220,229.4,241.4,224.2
4,40.1,167.83,219.33,4,2,6,166,219,169,220,241.67,255.0,233.17
4,40.1,177.83,219.33,4,2,6,176,219,179,220,237.83,250.83,231.0
4,40.1,188.83,219.33,4,2,6,187,219,190,220,239.33,254.17,233.33
4,40.1,198.0,219.25,6,2,8,195,219,200,220,233.38,246.62,224.25
5,40.13,194.47,46.86,48,8,74,176,46,223,53,211.23,199.92,237.58
5,40.13,40.4,49.2,2,3,5,40,48,41,50,170.6,150.4,141.0
5,40.13,30.5,52.12,4,6,16,29,49,32,54,202.25,187.12,179.0
5,40.13,26.8,51.2,2,4,5,26,50,27,53,213.6,96.6,109.4
5,40.13,97.4,51.2,2,3,5,97,50,98,52,172.0,143.4,140.4
5,40.13,101.6,51.2,2,3,5,101,50,102,52,170.4,142.0,138.8
5,40.13,105.5,51.0,2,3,6,105,50,106,52,171.83,142.67,142.5
5,40.13,109.6,51.2,2,3,5,109,50,110,52,172.6,143.4,140.4
5,40.13,113.5,51.0,2,3,6,113,50,114,52,177.5,141.5,142.83
5,40.13,117.4,51.2,2,3,5,117,50,118,52,177.2,140.8,139.4
5,40.13,23.57,52.29,2,4,7,23,51,24,54,246.86,233.57,236.71
5,40.13,47.22,53.22,5,3,9,45,52,49,54,222.67,211.44,202.22
5,40.13,164.22,57.56,5,2,9,162,57,166,58,212.11,205.22,238.89
5,40.13,175.2,60.8,4,2,5,174,60,177,61,206.4,203.6,242.0
5,40.13,171.57,63.14,4,3,7,170,62,173,64,206.86,201.14,237.14
5,40.13,255.71,65.29,5,3,7,254,64,258,66,207.71,191.86,245.43
5,40.13,201.35,67.71,12,2,17,196,67,207,68,206.65,202.76,245.35
5,40.13,224.5,74.0,8,1,8,221,74,228,74,207.25,209.62,245.75
5,40.13,12.4,97.0,22,4,42,0,95,21,98,208.62,206.31,208.88
5,40.13,160.64,100.59,13,5,39,155,98,167,102,208.28,201.9,230.79
5,40.13,176.33,101.0,4,3,6,175,100,178,102,211.33,202.83,224.0
5,40.13,10.2,101.6,3,2,5,9,101,11,102,211.0,208.2,207.2
5,40.13,182.38,111.5,25,20,235,173,103,197,122,217.51,152.84,97.03
5,40.13,20.43,104.93,6,3,14,18,104,23,106,210.5,208.86,210.64
5,40.13,31.67,105.0,5,3,9,29,104,33,106,206.67,209.78,206.67
5,40.13,147.57,105.29,5,2,7,146,105,150,106,212.86,200.57,226.29
5,40.13,167.54,110.46,8,3,13,163,109,170,111,210.77,207.0,215.08
5,40.13,76.82,117.65,11,2,17,72,117,82,118,213.24,193.71,254.0
5,40.13,94.83,127.33,3,3,6,94,126,96,128,210.33,201.67,249.17
5,40.13,197.0,137.67,5,3,9,195,137,199,139,216.44,175.78,205.22
5,40.13,173.57,139.57,4,2,7,172,139,175,140,204.14,173.0,181.29
5,40.13,201.14,141.43,4,3,7,200,140,203,142,158.29,119.43,135.86
5,40.13,169.54,144.85,4,4,13,168,143,171,146,170.08,134.54,137.15
5,40.13,32.8,148.2,3,3,5,32,147,34,149,212.4,216.0,255.0
5,40.13,50.46,152.62,6,6,13,48,150,53,155,136.23,222.46,92.31
5,40.13,80.5,151.17,4,3,6,79,150,82,152,136.33,232.5,101.0
5,40.13,61.48,153.64,8,6,33,58,151,65,156,132.7,224.79,67.24
5,40.13,85.52,155.22,12,8,27,80,151,91,158,134.04,216.0,81.41
5,40.13,97.65,153.38,8,6,26,94,151,101,156,136.5,221.65,68.08
5,40.13,105.28,154.9,8,7,29,102,152,109,158,138.83,230.34,82.45
5,40.13,74.6,154.4,4,2,5,73,154,76,155,140.2,218.2,114.6
5,40.13,78.6,155.6,2,4,5,78,154,79,157,136.4,222.2,105.2
5,40.13,71.2,155.6,3,2,5,70,155,72,156,145.0,207.0,103.0
5,40.13,18.8,158.8,2,4,5,18,157,19,160,146.4,220.2,116.2
5,40.13,15.1,165.88,10,10,50,10,162,19,171,140.2,210.26,99.3
5,40.13,61.32,170.42,8,10,31,58,166,65,175,140.87,85.29,71.16
5,40.13,13.18,172.45,4,6,11,12,170,15,175,146.91,214.64,76.73
5,40.13,52.4,170.8,2,3,5,52,170,53,172,128.4,80.2,61.6
5,40.13,82.09,171.95,11,5,22,77,170,87,174,132.32,93.59,67.32
5,40.13,56.5,172.0,2,3,6,56,171,57,173,136.0,74.0,57.33
5,40.13,53.41,176.18,4,6,17,52,174,55,179,141.29,87.76,73.35
5,40.13,18.72,177.24,13,5,29,13,176,25,180,137.03,193.41,80.1
5,40.13,59.09,177.18,4,4,11,58,176,61,179,136.45,121.82,86.09
5,40.13,75.0,177.5,4,3,6,73,176,76,178,126.67,155.5,85.33
5,40.13,78.5,177.0,2,3,6,78,176,79,178,145.5,85.0,80.67
5,40.13,34.69,178.23,10,2,13,30,178,39,179,139.77,195.92,94.92
5,40.13,28.32,188.27,6,5,22,26,186,31,190,192.18,186.82,103.27
5,40.13,36.5,188.17,6,5,24,34,186,39,190,181.79,184.33,95.25
5,40.13,13.5,193.0,8,1,8,10,193,17,193,171.25,230.5,148.12
5,40.13,21.5,202.5,2,4,8,21,201,22,204,200.38,56.12,70.75
5,40.13,24.38,202.62,2,5,8,24,201,25,205,208.0,65.12,75.0
5,40.13,283.71,206.5,8,4,28,280,205,287,208,163.61,137.96,20.86
5,40.13,176.0,213.0,7,1,7,173,213,179,213,122.0,107.14,96.43
5,40.13,216.5,213.0,6,1,6,214,213,219,213,122.83,113.5,103.33
5,40.13,129.6,219.2,4,2,5,128,219,131,220,232.6,251.0,239.6
5,40.13,148.8,219.6,3,2,5,148,219,150,220,229.4,241.4,224.2
5,40.13,167.83,219.33,4,2,6,166,219,169,220,241.67,255.0,233.17
5,40.13,177.83,219.33,4,2,6,176,219,179,220,237.83,250.83,231.0
5,40.13,188.83,219.33,4,2,6,187,219,190,220,239.33,254.17,233.33
5,40.13,198.0,219.25,6,2,8,195,219,200,220,233.38,246.62,224.25
6,40.17,40.4,49.2,2,3,5,40,48,41,50,170.6,150.4,141.0
6,40.17,30.5,52.12,4,6,16,29,49,32,54,202.25,187.12,179.0
6,40.17,26.8,51.2,2,4,5,26,50,27,53,213.6,96.6,109.4
6,40.17,97.4,51.2,2,3,5,97,50,98,52,172.0,143.4,140.4
6,40.17,101.6,51.2,2,3,5,101,50,102,52,170.4,142.0,138.8
6,40.17,105.5,51.0,2,3,6,105,50,106,52,171.83,142.67,142.5
6,40.17,109.6,51.2,2,3,5,109,50,110,52,172.6,143.4,140.4
6,40.17,113.5,51.0,2,3,6,113,50,114,52,177.5,141.5,142.83
6,40.17,117.4,51.2,2,3,5,117,50,118,52,177.2,140.8,139.4
6,40.17,23.57,52.29,2,4,7,23,51,24,54,246.86,233.57,236.71
6,40.17,47.22,53.22,5,3,9,45,52,49,54,222.67,211.44,202.22
6,40.17,4.79,92.82,10,4,28,0,91,9,94,206.75,204.32,208.61
6,40.17,156.2,98.15,16,6,46,149,95,164,100,208.8,200.61,231.83
6,40.17,163.83,95.83,5,2,6,162,95,166,96,210.0,198.33,230.67
6,40.17,7.79,101.57,6,4,14,5,100,10,103,210.93,208.64,211.57
6,40.17,20.67,101.5,2,4,6,20,100,21,103,207.83,210.17,207.33
6,40.17,143.71,102.86,4,3,7,142,102,145,104,212.29,197.86,229.29
6,40.17,182.09,111.13,26,21,245,172,102,197,122,217.21,151.8,101.18
6,40.17,148.86,106.1,15,3,21,142,105,156,107,212.29,204.05,232.57
6,40.17,164.43,108.79,11,2,14,159,108,169,109,211.0,206.57,216.36
6,40.17,69.55,114.95,11,3,22,65,114,75,116,212.09,195.09,253.73
6,40.17,83.67,120.83,5,2,6,82,120,86,121,207.0,201.67,251.33
6,40.17,83.6,125.6,4,2,5,82,125,85,126,207.0,200.6,250.8
6,40.17,197.0,137.67,5,3,9,195,137,199,139,216.44,175.78,205.22
6,40.17,173.18,140.09,5,3,11,171,139,175,141,195.36,163.55,172.73
6,40.17,201.14,141.43,4,3,7,200,140,203,142,158.29,119.43,135.86
6,40.17,169.54,144.85,4,4,13,168,143,171,146,173.77,133.38,137.15
6,40.17,70.8,149.6,3,2,5,70,149,72,150,132.0,225.0,95.2
6,40.17,214.83,149.67,4,2,6,213,149,216,150,208.67,200.33,248.83
6,40.17,37.27,151.55,6,4,11,35,150,40,153,132.64,220.09,85.55
6,40.17,48.69,152.63,10,6,35,44,150,53,155,132.6,226.77,67.97
6,40.17,89.64,152.88,8,6,25,86,150,93,155,127.8,217.72,76.56
6,40.17,97.3,154.95,11,8,44,93,151,103,158,132.8,226.45,77.43
6,40.17,53.86,154.71,3,4,7,53,153,55,156,137.71,223.57,79.14
6,40.17,61.0,155.2,3,3,5,60,154,62,156,140.2,209.0,115.8
6,40.17,71.44,155.17,8,4,18,68,154,75,157,133.39,224.72,103.22
6,40.17,4.88,159.5,5,2,8,3,159,7,160,130.75,216.12,97.5
6,40.17,1.92,165.27,5,8,26,0,162,4,169,140.08,208.23,97.69
6,40.17,48.29,168.43,3,4,7,47,167,49,170,133.14,92.0,73.57
6,40.17,52.67,173.56,6,6,18,50,172,55,177,144.72,86.83,70.11
6,40.17,74.8,172.6,3,2,5,74,172,76,173,131.6,97.8,64.6
6,40.17,42.22,176.35,6,8,23,40,173,45,180,135.43,86.65,66.91
6,40.17,69.44,175.33,4,7,18,68,173,71,179,133.89,93.67,74.5
6,40.17,20.75,176.25,4,3,8,19,175,22,177,138.62,211.12,101.12
6,40.17,1.64,177.91,5,3,11,0,177,4,179,134.64,195.64,81.0
6,40.17,46.65,179.52,8,6,23,43,177,50,182,135.48,158.04,90.04
6,40.17,79.88,178.38,4,4,8,78,177,81,180,131.25,189.25,99.25
6,40.17,6.71,178.93,7,4,14,4,178,10,181,135.64,191.5,76.79
6,40.17,18.0,179.28,11,3,18,13,178,23,180,131.5,192.89,83.5
6,40.17,37.75,181.38,4,3,8,36,180,39,182,142.88,188.5,74.75
6,40.17,28.17,188.08,6,5,24,26,186,31,190,188.0,189.54,104.75
6,40.17,36.25,187.5,6,4,20,34,186,39,189,156.45,184.3,84.2
6,40.17,13.5,193.0,8,1,8,10,193,17,193,171.25,231.0,148.88
6,40.17,21.5,202.5,2,4,8,21,201,22,204,200.38,56.12,70.75
6,40.17,24.38,202.62,2,5,8,24,201,25,205,208.0,65.12,75.0
6,40.17,283.71,206.5,8,4,28,280,205,287,208,163.61,137.96,20.86
6,40.17,176.0,213.0,7,1,7,173,213,179,213,122.0,107.14,96.43
6,40.17,216.5,213.0,6,1,6,214,213,219,213,122.83,113.5,103.33
6,40.17,129.6,219.2,4,2,5,128,219,131,220,232.6,251.0,239.6
6,40.17,148.8,219.6,3,2,5,148,219,150,220,229.4,241.4,224.2
6,40.17,167.83,219.33,4,2,6,166,219,169,220,241.67,255.0,233.17
6,40.17,177.83,219.33,4,2,6,176,219,179,220,237.83,250.83,231.0
6,40.17,188.83,219.33,4,2,6,187,219,190,220,239.33,254.17,233.33
6,40.17,198.0,219.25,6,2,8,195,219,200,220,233.38,246.62,224.25
7,40.2,40.4,49.2,2,3,5,40,48,41,50,170.6,150.4,141.0
7,40.2,30.5,52.12,4,6,16,29,49,32,54,202.25,187.12,179.0
7,40.2,26.8,51.2,2,4,5,26,50,27,53,213.6,96.6,109.4
7,40.2,97.4,51.2,2,3,5,97,50,98,52,172.0,143.4,140.4
7,40.2,101.6,51.2,2,3,5,101,50,102,52,170.4,142.0,138.8
7,40.2,105.5,51.0,2,3,6,105,50,106,52,171.83,142.67,142.5
7,40.2,109.6,51.2,2,3,5,109,50,110,52,172.6,143.4,140.4
7,40.2,113.5,51.0,2,3,6,113,50,114,52,177.5,141.5,142.83
7,40.2,117.4,51.2,2,3,5,117,50,118,52,177.2,140.8,139.4
7,40.2,23.57,52.29,2,4,7,23,51,24,54,246.86,233.57,236.71
7,40.2,47.22,53.22,5,3,9,45,52,49,54,222.67,211.44,202.22
7,40.2,154.2,91.2,4,2,5,153,91,156,92,207.6,199.2,233.4
7,40.2,167.88,92.5,5,2,8,166,92,170,93,208.12,197.75,211.0
7,40.2,148.7,95.0,7,5,20,146,93,152,97,209.9,195.85,230.55
7,40.2,8.57,97.29,2,4,7,8,96,9,99,208.57,209.29,208.57
7,40.2,140.75,99.62,6,2,8,138,99,143,100,211.38,201.0,208.5
7,40.2,180.2,99.6,3,2,5,179,99,181,100,193.4,193.8,170.2
7,40.2,151.8,102.8,4,2,5,150,102,153,103,207.4,202.6,206.2
7,40.2,140.8,103.8,4,2,5,139,103,142,104,211.4,203.0,212.0
7,40.2,183.07,110.31,26,18,245,172,103,197,120,211.22,155.91,95.49
7,40.2,163.68,106.11,13,4,19,157,105,169,108,201.47,194.11,195.68
7,40.2,63.3,112.61,14,2,23,57,112,70,113,212.96,196.13,254.04
7,40.2,77.0,119.0,5,1,5,75,119,79,119,206.8,204.6,244.6
7,40.2,178.2,120.67,6,4,15,176,119,181,122,212.33,127.4,117.87
7,40.2,83.12,122.88,5,3,8,81,122,85,124,209.62,204.25,250.25
7,40.2,197.0,137.67,5,3,9,195,137,199,139,216.44,175.78,205.22
7,40.2,172.82,140.09,6,3,11,170,139,175,141,189.55,154.91,164.18
7,40.2,201.14,141.43,4,3,7,200,140,203,142,158.29,119.43,135.86
7,40.2,169.4,144.6,4,4,15,168,143,171,146,173.33,134.73,135.8
7,40.2,37.05,152.61,10,8,41,33,149,42,156,129.22,213.61,74.66
7,40.2,67.22,151.44,5,2,9,65,151,69,152,124.67,217.44,89.44
7,40.2,84.75,152.25,4,4,8,83,151,86,154,131.75,230.75,76.5
7,40.2,89.71,154.33,8,8,21,87,151,94,158,131.1,235.0,71.62
7,40.2,83.0,154.2,3,3,5,82,153,84,155,134.2,235.8,65.6
7,40.2,58.14,155.71,5,2,7,56,155,60,156,132.14,225.43,91.14
7,40.2,65.27,156.8,7,3,15,62,156,68,158,133.27,215.13,92.67
7,40.2,96.6,166.8,2,3,5,96,166,97,168,131.2,230.8,97.8
7,40.2,38.85,174.5,6,8,26,36,171,41,178,135.92,87.65,68.65
7,40.2,65.23,173.54,4,5,13,64,171,67,175,138.08,86.54,71.77
7,40.2,27.76,177.15,10,12,46,24,172,33,183,135.15,86.54,66.04
7,40.2,57.92,178.88,6,8,25,56,176,61,183,141.12,84.52,78.24
7,40.2,35.4,181.6,4,6,15,34,179,37,184,131.73,118.2,75.87
7,40.2,1.1,182.0,4,4,10,0,181,3,184,135.8,200.4,94.5
7,40.2,6.8,181.4,3,2,5,6,181,8,182,132.2,193.8,89.0
7,40.2,11.75,182.75,6,3,8,9,182,14,184,138.5,187.88,92.38
7,40.2,23.0,184.2,3,3,5,22,183,24,185,136.8,198.2,51.8
7,40.2,31.17,184.33,5,2,6,29,184,33,185,141.0,217.67,103.83
7,40.2,27.81,188.24,8,4,21,24,187,31,190,162.62,147.48,79.24
7,40.2,36.06,188.35,7,4,17,33,187,39,190,165.65,142.59,70.53
7,40.2,12.5,193.0,6,1,6,10,193,15,193,174.17,232.83,149.33
7,40.2,21.5,202.5,2,4,8,21,201,22,204,200.38,56.12,70.75
7,40.2,24.38,202.62,2,5,8,24,201,25,205,208.0,65.12,75.0
7,40.2,283.71,206.5,8,4,28,280,205,287,208,163.61,137.96,20.86
7,40.2,176.0,213.0,7,1,7,173,213,179,213,122.0,107.14,96.43
7,40.2,216.5,213.0,6,1,6,214,213,219,213,122.83,113.5,103.33
7,40.2,129.6,219.2,4,2,5,128,219,131,220,232.6,251.0,239.6
7,40.2,148.8,219.6,3,2,5,148,219,150,220,229.4,241.4,224.2
7,40.2,167.83,219.33,4,2,6,166,219,169,220,241.67,255.0,233.17
7,40.2,177.83,219.33,4,2,6,176,219,179,220,237.83,250.83,231.0
7,40.2,188.83,219.33,4,2,6,187,219,190,220,239.33,254.17,233.33
7,40.2,198.0,219.25,6,2,8,195,219,200,220,233.38,246.62,224.25
8,40.23,40.4,49.2,2,3,5,40,48,41,50,170.6,150.4,141.0
8,40.23,30.5,52.12,4,6,16,29,49,32,54,202.25,187.12,179.0
8,40.23,26.8,51.2,2,4,5,26,50,27,53,213.6,96.6,109.4
8,40.23,97.4,51.2,2,3,5,97,50,98,52,172.0,143.4,140.4
8,40.23,101.6,51.2,2,3,5,101,50,102,52,170.4,142.0,138.8
8,40.23,105.5,51.0,2,3,6,105,50,106,52,171.83,142.67,142.5
8,40.23,109.6,51.2,2,3,5,109,50,110,52,172.6,143.4,140.4
8,40.23,113.5,51.0,2,3,6,113,50,114,52,177.5,141.5,142.83
8,40.23,117.4,51.2,2,3,5,117,50,118,52,177.2,140.8,139.4
8,40.23,23.57,52.29,2,4,7,23,51,24,54,246.86,233.57,236.71
8,40.23,47.22,53.22,5,3,9,45,52,49,54,222.67,211.44,202.22
8,40.23,158.0,85.0,5,1,5,156,85,160,85,210.4,194.0,236.2
8,40.23,149.83,88.8,11,6,35,145,86,155,91,209.11,200.0,205.54
8,40.23,163.6,86.4,4,2,5,162,86,165,87,205.6,201.0,204.4
8,40.23,167.83,86.33,4,2,6,166,86,169,87,211.33,196.83,216.17
8,40.23,139.82,94.27,8,3,11,136,93,143,95,209.55,195.45,221.91
8,40.23,149.0,98.0,5,1,5,147,98,151,98,208.8,203.6,209.0
8,40.23,165.4,100.4,3,3,5,164,99,166,101,209.2,206.6,213.6
8,40.23,157.0,101.0,9,1,9,153,101,161,101,211.78,210.89,209.44
8,40.23,182.68,110.83,26,18,209,172,103,197,120,214.52,153.47,91.95
8,40.23,52.21,110.44,11,6,34,47,108,57,113,207.91,199.94,246.88
8,40.23,60.2,111.4,3,2,5,59,111,61,112,205.4,205.0,236.0
8,40.23,60.57,116.57,6,2,7,58,116,63,117,209.0,204.86,240.43
8,40.23,58.0,119.0,5,1,5,56,119,60,119,208.4,203.8,233.2
8,40.23,178.2,120.67,6,4,15,176,119,181,122,213.07,127.2,116.87
8,40.23,197.0,137.67,5,3,9,195,137,199,139,216.44,175.78,205.22
8,40.23,173.18,140.09,5,3,11,171,139,175,141,195.36,163.55,172.73
8,40.23,201.14,141.43,4,3,7,200,140,203,142,158.29,119.43,135.86
8,40.23,169.54,144.85,4,4,13,168,143,171,146,173.77,133.38,137.15
8,40.23,21.04,151.0,11,9,49,16,147,26,155,134.37,211.88,76.88
8,40.23,2.25,148.25,6,2,8,0,148,5,149,129.0,169.75,98.38
8,40.23,9.4,148.6,4,2,5,8,148,11,149,139.6,210.8,108.0
8,40.23,53.2,151.6,2,4,5,53,150,54,153,128.2,229.4,105.8
8,40.23,70.88,153.38,7,7,24,68,150,74,156,125.58,219.5,64.46
8,40.23,76.29,153.68,7,8,28,73,150,79,157,128.5,223.29,62.5
8,40.23,5.67,152.67,3,3,6,5,152,7,154,125.5,222.5,78.0
8,40.23,82.46,153.92,6,5,13,80,152,85,156,136.31,228.08,47.92
8,40.23,53.4,156.2,4,2,5,52,156,55,157,133.6,220.4,109.4
8,40.23,76.17,160.33,3,3,6,75,159,77,161,124.17,220.17,103.33
8,40.23,22.62,173.85,10,12,39,18,169,27,180,136.87,88.44,70.79
8,40.23,46.41,177.09,14,12,54,40,173,53,184,135.69,84.0,66.67
8,40.23,9.6,174.2,4,2,5,8,174,11,175,123.0,86.8,63.0
8,40.23,14.5,176.0,2,3,6,14,175,15,177,128.0,77.0,58.0
8,40.23,73.8,176.2,4,2,5,72,176,75,177,138.2,145.6,108.2
8,40.23,11.26,181.79,8,8,39,8,178,15,185,139.05,92.41,69.08
8,40.23,16.5,179.0,2,3,6,16,178,17,180,138.83,79.0,64.0
8,40.23,20.5,182.0,2,5,8,20,180,21,184,134.62,83.0,65.0
8,40.23,51.0,182.43,5,2,7,49,182,53,183,130.0,153.0,103.71
8,40.23,5.33,186.5,4,4,12,4,185,7,188,139.0,185.25,73.17
8,40.23,18.4,185.8,2,3,5,18,185,19,187,129.2,174.2,68.4
8,40.23,27.82,187.73,7,6,22,25,185,31,190,153.77,156.45,89.45
8,40.23,36.73,188.4,7,4,15,34,187,40,190,144.93,130.27,76.73
8,40.23,17.27,189.55,6,2,11,15,189,20,190,140.45,171.64,64.91
8,40.23,23.71,192.57,4,2,7,22,192,25,193,150.43,173.57,123.0
8,40.23,29.8,192.8,4,2,5,28,192,31,193,128.6,169.4,105.2
8,40.23,21.5,202.5,2,4,8,21,201,22,204,196.62,57.5,70.75
8,40.23,24.38,202.62,2,5,8,24,201,25,205,204.12,66.12,75.0
8,40.23,283.71,206.5,8,4,28,280,205,287,208,163.61,137.96,20.86
8,40.23,176.0,213.0,7,1,7,173,213,179,213,121.14,107.29,97.14
8,40.23,216.5,213.0,6,1,6,214,213,219,213,122.83,113.5,103.33
8,40.23,129.6,219.2,4,2,5,128,219,131,220,232.8,251.0,239.0
8,40.23,148.8,219.6,3,2,5,148,219,150,220,229.4,241.4,224.2
8,40.23,167.83,219.33,4,2,6,166,219,169,220,241.67,255.0,233.17
8,40.23,177.83,219.33,4,2,6,176,219,179,220,237.83,250.83,231.0
8,40.23,188.83,219.33,4,2,6,187,219,190,220,238.67,254.17,231.83
8,40.23,198.0,219.25,6,2,8,195,219,200,220,233.38,246.62,224.25
9,40.27,40.4,49.2,2,3,5,40,48,41,50,170.6,150.4,141.0
9,40.27,30.5,52.12,4,6,16,29,49,32,54,202.25,187.12,179.0
9,40.27,26.8,51.2,2,4,5,26,50,27,53,213.6,96.6,109.4
9,40.27,97.4,51.2,2,3,5,97,50,98,52,172.0,143.4,140.4
9,40.27,101.6,51.2,2,3,5,101,50,102,52,170.4,142.0,138.8
9,40.27,105.5,51.0,2,3,6,105,50,106,52,171.83,142.67,142.5
9,40.27,109.6,51.2,2,3,5,109,50,110,52,172.6,143.4,140.4
9,40.27,113.5,51.0,2,3,6,113,50,114,52,177.5,141.5,142.83
9,40.27,117.4,51.2,2,3,5,117,50,118,52,177.2,140.8,139.4
9,40.27,23.57,52.29,2,4,7,23,51,24,54,246.86,233.57,236.71
9,40.27,47.22,53.22,5,3,9,45,52,49,54,222.67,211.44,202.22
9,40.27,150.85,84.0,19,8,80,141,80,159,87,208.26,201.06,213.38
9,40.27,150.5,94.0,10,1,10,146,94,155,94,207.7,210.0,207.7
9,40.27,137.0,95.0,5,1,5,135,95,139,95,210.6,207.6,208.6
9,40.27,159.21,97.5,17,3,28,150,96,166,98,209.14,207.36,214.07
9,40.27,183.15,110.81,24,18,200,174,103,197,120,215.06,150.31,86.18
9,40.27,43.7,107.87,12,5,30,38,106,49,110,211.27,197.43,237.87
9,40.27,33.0,112.5,5,2,8,31,112,35,113,212.38,195.12,234.5
9,40.27,54.52,115.1,14,5,29,48,113,61,117,208.62,204.1,244.86
9,40.27,35.17,115.83,5,2,6,33,115,37,116,215.67,208.5,238.17
9,40.27,178.2,120.67,6,4,15,176,119,181,122,213.13,127.4,117.07
9,40.27,197.0,137.67,5,3,9,195,137,199,139,216.44,175.78,205.22
9,40.27,172.92,140.17,6,3,12,170,139,175,141,192.92,157.17,167.33
9,40.27,201.14,141.43,4,3,7,200,140,203,142,158.29,119.43,135.86
9,40.27,169.4,144.6,4,4,15,168,143,171,146,173.33,134.73,135.8
9,40.27,26.67,148.33,3,3,6,26,147,28,149,211.33,211.33,254.0
9,40.27,28.17,188.08,6,5,24,26,186,31,190,182.25,186.21,93.12
9,40.27,36.5,188.17,6,5,24,34,186,39,190,169.42,171.75,82.92
9,40.27,2.5,191.0,6,1,6,0,191,5,191,166.17,210.17,138.67
9,40.27,12.5,193.0,6,1,6,10,193,15,193,144.33,204.5,122.5
9,40.27,21.5,202.5,2,4,8,21,201,22,204,200.38,56.12,70.75
9,40.27,24.38,202.62,2,5,8,24,201,25,205,208.0,65.12,75.0
9,40.27,283.71,206.5,8,4,28,280,205,287,208,163.61,137.96,20.86
9,40.27,176.0,213.0,7,1,7,173,213,179,213,122.0,107.14,96.43
9,40.27,216.5,213.0,6,1,6,214,213,219,213,122.83,113.5,103.33
9,40.27,129.6,219.2,4,2,5,128,219,131,220,232.6,251.0,239.6
9,40.27,148.8,219.6,3,2,5,148,219,150,220,229.4,241.4,224.2
9,40.27,167.83,219.33,4,2,6,166,219,169,220,241.67,255.0,233.17
9,40.27,177.83,219.33,4,2,6,176,219,179,220,237.83,250.83,231.0
9,40.27,188.83,219.33,4,2,6,187,219,190,220,239.33,254.17,233.33
9,40.27,198.0,219.25,6,2,8,195,219,200,220,233.38,246.62,224.25
10,40.3,40.4,49.2,2,3,5,40,48,41,50,170.6,150.4,141.0
10,40.3,30.5,52.12,4,6,16,29,49,32,54,202.25,187.12,179.0
10,40.3,26.8,51.2,2,4,5,26,50,27,53,213.6,96.6,109.4
10,40.3,97.4,51.2,2,3,5,97,50,98,52,172.0,143.4,140.4
10,40.3,101.6,51.2,2,3,5,101,50,102,52,170.4,142.0,138.8
10,40.3,105.5,51.0,2,3,6,105,50,106,52,171.83,142.67,142.5
10,40.3,109.6,51.2,2,3,5,109,50,110,52,172.6,143.4,140.4
10,40.3,113.5,51.0,2,3,6,113,50,114,52,177.5,141.5,142.83
10,40.3,117.4,51.2,2,3,5,117,50,118,52,177.2,140.8,139.4
10,40.3,23.57,52.29,2,4,7,23,51,24,54,246.86,233.57,236.71
10,40.3,47.22,53.22,5,3,9,45,52,49,54,222.67,211.44,202.22
10,40.3,154.5,74.0,6,1,6,152,74,157,74,210.67,191.0,249.17
10,40.3,142.97,78.94,10,8,31,138,75,147,82,209.58,196.94,234.68
10,40.3,162.8,75.4,3,2,5,162,75,164,76,207.8,193.2,224.4
10,40.3,166.4,75.8,4,2,5,165,75,168,76,213.0,196.0,243.2
10,40.3,150.29,81.0,3,3,7,149,80,151,82,205.29,203.14,229.14
10,40.3,154.17,88.67,12,2,18,148,88,159,89,208.28,203.0,222.22
10,40.3,135.5,90.25,6,2,8,133,90,138,91,212.12,207.5,225.62
10,40.3,160.14,92.52,14,3,21,152,91,165,93,209.29,206.38,225.05
10,40.3,196.8,91.6,3,2,5,196,91,198,92,209.0,189.8,234.8
10,40.3,146.8,93.8,3,3,5,146,93,148,95,208.8,206.6,227.8
10,40.3,37.73,102.36,7,2,11,35,102,41,103,211.36,199.55,231.09
10,40.3,183.32,110.95,24,17,195,174,104,197,120,218.74,147.28,82.38
10,40.3,40.07,111.0,12,3,14,34,110,45,112,208.0,206.57,223.71
10,40.3,59.27,116.27,5,3,11,57,115,61,117,209.55,209.45,226.91
10,40.3,178.2,120.67,6,4,15,176,119,181,122,213.13,127.4,117.07
10,40.3,197.0,137.67,5,3,9,195,137,199,139,216.44,175.78,205.22
10,40.3,172.92,140.17,6,3,12,170,139,175,141,192.92,157.17,167.33
10,40.3,201.14,141.43,4,3,7,200,140,203,142,158.29,119.43,135.86
10,40.3,169.4,144.6,4,4,15,168,143,171,146,173.33,134.73,135.8
10,40.3,25.67,148.33,3,3,6,25,147,27,149,210.0,211.5,254.0
10,40.3,32.54,187.66,14,6,59,26,185,39,190,163.22,184.39,84.42
10,40.3,21.5,202.5,2,4,8,21,201,22,204,200.38,56.12,70.75
10,40.3,24.38,202.62,2,5,8,24,201,25,205,208.0,65.12,75.0
10,40.3,283.71,206.5,8,4,28,280,205,287,208,163.61,137.96,20.86
10,40.3,176.0,213.0,7,1,7,173,213,179,213,122.0,107.14,96.43
10,40.3,216.5,213.0,6,1,6,214,213,219,213,122.83,113.5,103.33
10,40.3,129.6,219.2,4,2,5,128,219,131,220,232.6,251.0,239.6
10,40.3,148.8,219.6,3,2,5,148,219,150,220,229.4,241.4,224.2
10,40.3,167.83,219.33,4,2,6,166,219,169,220,241.67,255.0,233.17
10,40.3,177.83,219.33,4,2,6,176,219,179,220,237.83,250.83,231.0
10,40.3,188.83,219.33,4,2,6,187,219,190,220,239.33,254.17,233.33
10,40.3,198.0,219.25,6,2,8,195,219,200,220,233.38,246.62,224.25
11,40.33,40.4,49.2,2,3,5,40,48,41,50,170.6,150.4,141.0
11,40.33,30.5,52.12,4,6,16,29,49,32,54,202.25,187.12,179.0
11,40.33,26.8,51.2,2,4,5,26,50,27,53,213.6,96.6,109.4
11,40.33,97.4,51.2,2,3,5,97,50,98,52,172.0,143.4,140.4
11,40.33,101.6,51.2,2,3,5,101,50,102,52,170.4,142.0,138.8
11,40.33,105.5,51.0,2,3,6,105,50,106,52,171.83,142.67,142.5
11,40.33,109.6,51.2,2,3,5,109,50,110,52,172.6,143.4,140.4
11,40.33,113.5,51.0,2,3,6,113,50,114,52,177.5,141.5,142.83
11,40.33,117.4,51.2,2,3,5,117,50,118,52,177.2,140.8,139.4
11,40.33,23.57,52.29,2,4,7,23,51,24,54,246.86,233.57,236.71
11,40.33,47.22,53.22,5,3,9,45,52,49,54,222.67,211.44,202.22
11,40.33,150.5,64.0,6,1,6,148,64,153,64,207.83,194.83,229.83
11,40.33,165.67,65.83,5,2,6,164,65,168,66,210.67,196.17,234.33
11,40.33,138.55,69.16,10,7,31,134,66,143,72,209.1,197.29,231.97
11,40.33,152.28,80.72,13,2,18,146,80,158,81,208.44,203.78,222.61
11,40.33,128.16,82.11,10,3,19,124,81,133,83,209.89,204.74,224.21
11,40.33,157.92,84.8,15,4,25,149,83,163,86,208.76,206.08,224.44
11,40.33,24.91,97.27,8,2,11,21,97,28,98,210.64,201.55,225.91
11,40.33,15.4,99.4,4,2,5,14,99,17,100,208.8,196.8,217.6
11,40.33,183.08,111.02,25,17,202,173,104,197,120,221.43,148.9,89.16
11,40.33,38.83,106.0,5,3,12,37,105,41,107,209.25,207.25,225.92
11,40.33,32.0,106.0,5,1,5,30,106,34,106,207.4,206.2,223.6
11,40.33,22.0,107.0,5,1,5,20,107,24,107,208.2,206.8,224.6
11,40.33,29.83,108.67,3,4,6,29,107,31,110,207.0,203.5,220.17
11,40.33,25.5,110.0,6,1,6,23,110,28,110,208.0,203.83,224.33
11,40.33,178.2,120.67,6,4,15,176,119,181,122,213.13,127.4,117.07
11,40.33,129.29,135.43,4,2,7,128,135,131,136,213.86,195.57,223.71
11,40.33,197.0,137.67,5,3,9,195,137,199,139,216.44,175.78,205.22
11,40.33,172.92,140.17,6,3,12,170,139,175,141,192.92,157.17,167.33
11,40.33,201.14,141.43,4,3,7,200,140,203,142,158.29,119.43,135.86
11,40.33,169.4,144.6,4,4,15,168,143,171,146,173.33,134.73,135.8
11,40.33,23.4,148.2,2,3,5,23,147,24,149,211.0,214.2,255.0
11,40.33,206.5,150.0,4,3,6,205,149,208,151,211.17,197.67,252.83
11,40.33,28.28,187.92,6,5,25,26,186,31,190,172.0,183.84,79.0
11,40.33,36.5,188.36,6,4,22,34,187,39,190,174.14,169.0,84.36
11,40.33,21.5,202.5,2,4,8,21,201,22,204,200.38,56.12,70.75
11,40.33,24.38,202.62,2,5,8,24,201,25,205,208.0,65.12,75.0
11,40.33,283.71,206.5,8,4,28,280,205,287,208,163.61,137.96,20.86
11,40.33,176.0,213.0,7,1,7,173,213,179,213,122.0,107.14,96.43
11,40.33,216.5,213.0,6,1,6,214,213,219,213,122.83,113.5,103.33
11,40.33,129.6,219.2,4,2,5,128,219,131,220,232.6,251.0,239.6
11,40.33,148.8,219.6,3,2,5,148,219,150,220,229.4,241.4,224.2
11,40.33,167.83,219.33,4,2,6,166,219,169,220,241.67,255.0,233.17
11,40.33,177.83,219.33,4,2,6,176,219,179,220,237.83,250.83,231.0
11,40.33,188.83,219.33,4,2,6,187,219,190,220,239.33,254.17,233.33
11,40.33,198.0,219.25,6,2,8,195,219,200,220,233.38,246.62,224.25
12,40.37,40.4,49.2,2,3,5,40,48,41,50,170.6,150.4,141.0
12,40.37,30.5,52.12,4,6,16,29,49,32,54,202.25,187.12,179.0
12,40.37,26.8,51.2,2,4,5,26,50,27,53,213.6,96.6,109.4
12,40.37,97.4,51.2,2,3,5,97,50,98,52,173.0,143.0,140.4
12,40.37,101.6,51.2,2,3,5,101,50,102,52,171.2,141.2,138.8
12,40.37,105.5,51.0,2,3,6,105,50,106,52,171.83,142.67,142.5
12,40.37,109.6,51.2,2,3,5,109,50,110,52,173.8,142.8,140.4
12,40.37,113.5,51.0,2,3,6,113,50,114,52,176.83,141.67,142.83
12,40.37,117.4,51.2,2,3,5,117,50,118,52,177.2,140.8,139.4
12,40.37,23.57,52.29,2,4,7,23,51,24,54,246.86,233.57,236.71
12,40.37,47.22,53.22,5,3,9,45,52,49,54,222.67,211.44,202.22
12,40.37,136.65,65.19,10,7,31,132,62,141,68,209.39,198.45,233.35
12,40.37,150.37,76.74,14,2,19,144,76,157,77,208.26,203.47,222.32
12,40.37,128.33,78.11,4,3,9,127,77,130,79,208.67,204.89,222.22
12,40.37,123.38,78.62,5,2,8,121,78,125,79,211.5,205.12,226.12
12,40.37,158.19,80.88,15,4,32,149,79,163,82,208.97,206.28,224.56
12,40.37,141.4,82.4,4,2,5,140,82,143,83,211.8,210.2,231.2
12,40.37,13.62,95.75,4,3,8,12,95,15,97,207.38,196.62,220.0
12,40.37,20.29,96.14,6,2,7,18,96,23,97,207.0,200.57,217.14
12,40.37,5.8,98.8,3,3,5,5,98,7,100,210.0,198.8,218.4
12,40.37,31.4,104.2,4,2,5,30,104,33,105,209.0,207.4,220.6
12,40.37,183.08,111.02,25,17,202,173,104,197,120,219.77,148.99,88.77
12,40.37,19.35,105.18,15,3,17,12,105,26,107,207.59,206.18,223.29
12,40.37,21.71,108.86,6,2,7,19,108,24,109,208.14,204.43,222.29
12,40.37,41.33,112.17,5,2,6,39,112,43,113,207.67,208.33,224.83
12,40.37,178.2,120.67,6,4,15,176,119,181,122,213.13,127.4,117.07
12,40.37,128.22,135.56,5,2,9,126,135,130,136,215.22,193.78,226.56
12,40.37,197.0,137.67,5,3,9,195,137,199,139,216.44,175.78,205.22
12,40.37,172.92,140.17,6,3,12,170,139,175,141,192.92,157.17,167.33
12,40.37,201.14,141.43,4,3,7,200,140,203,142,158.29,119.43,135.86
12,40.37,169.4,144.6,4,4,15,168,143,171,146,173.33,134.73,135.8
12,40.37,22.67,148.33,3,3,6,22,147,24,149,210.67,211.0,252.33
12,40.37,28.28,187.92,6,5,25,26,186,31,190,172.0,183.84,79.0
12,40.37,36.5,188.36,6,4,22,34,187,39,190,174.14,169.0,84.36
12,40.37,21.5,202.5,2,4,8,21,201,22,204,200.38,56.12,70.75
12,40.37,24.38,202.62,2,5,8,24,201,25,205,208.0,65.12,75.0
12,40.37,283.71,206.5,8,4,28,280,205,287,208,161.25,137.04,19.61
12,40.37,176.0,213.0,7,1,7,173,213,179,213,122.0,107.14,96.43
12,40.37,216.5,213.0,6,1,6,214,213,219,213,122.83,113.5,103.33
12,40.37,129.6,219.2,4,2,5,128,219,131,220,232.6,251.0,239.6
12,40.37,148.8,219.6,3,2,5,148,219,150,220,229.4,241.4,224.2
12,40.37,167.83,219.33,4,2,6,166,219,169,220,241.67,255.0,233.17
12,40.37,177.83,219.33,4,2,6,176,219,179,220,237.83,250.83,231.0
12,40.37,188.83,219.33,4,2,6,187,219,190,220,239.33,254.17,233.33
12,40.37,198.0,219.25,6,2,8,195,219,200,220,233.38,246.62,224.25
13,40.4,40.4,49.2,2,3,5,40,48,41,50,170.6,150.4,141.0
13,40.4,30.5,52.12,4,6,16,29,49,32,54,202.25,187.12,179.0
13,40.4,26.8,51.2,2,4,5,26,50,27,53,213.6,96.6,109.4
13,40.4,97.4,51.2,2,3,5,97,50,98,52,173.0,143.0,140.4
13,40.4,101.6,51.2,2,3,5,101,50,102,52,171.2,141.2,138.8
13,40.4,105.5,51.0,2,3,6,105,50,106,52,171.83,142.67,142.5
13,40.4,109.6,51.2,2,3,5,109,50,110,52,173.8,142.8,140.4
13,40.4,113.5,51.0,2,3,6,113,50,114,52,176.83,141.83,142.33
13,40.4,117.4,51.2,2,3,5,117,50,118,52,177.2,141.0,139.0
13,40.4,153.09,51.79,24,4,47,143,50,166,53,212.3,188.79,248.81
13,40.4,23.57,52.29,2,4,7,23,51,24,54,246.86,233.57,236.71
13,40.4,47.22,53.22,5,3,9,45,52,49,54,222.67,211.44,202.22
13,40.4,119.0,65.5,7,2,14,116,65,122,66,208.07,198.79,238.93
13,40.4,125.71,70.48,12,4,21,120,69,131,72,207.24,200.24,241.38
13,40.4,136.4,70.6,4,2,5,135,70,138,71,206.4,205.4,242.0
13,40.4,198.0,73.0,5,1,5,196,73,200,73,207.4,200.6,241.2
13,40.4,172.5,81.0,6,1,6,170,81,175,81,208.33,210.33,246.67
13,40.4,6.0,91.0,13,1,13,0,91,12,91,210.08,198.15,224.23
13,40.4,7.21,102.07,13,2,14,1,102,13,103,208.36,208.21,213.93
13,40.4,183.08,111.02,25,17,202,173,104,197,120,219.63,149.03,88.78
13,40.4,23.69,108.88,7,4,16,21,107,27,110,210.19,208.25,210.19
13,40.4,178.2,120.67,6,4,15,176,119,181,122,213.13,127.4,117.07
13,40.4,126.82,134.64,7,2,11,124,134,130,135,215.64,195.82,224.0
13,40.4,197.0,137.67,5,3,9,195,137,199,139,216.44,175.78,205.22
13,40.4,172.92,140.17,6,3,12,170,139,175,141,192.92,157.17,167.33
13,40.4,201.14,141.43,4,3,7,200,140,203,142,158.29,119.43,135.86
13,40.4,169.4,144.6,4,4,15,168,143,171,146,173.33,134.73,135.8
13,40.4,181.0,155.0,5,1,5,179,155,183,155,150.2,192.8,104.8
13,40.4,28.28,187.92,6,5,25,26,186,31,190,168.8,180.6,76.12
13,40.4,36.5,188.36,6,4,22,34,187,39,190,170.18,165.09,80.45
13,40.4,267.33,189.0,4,5,15,266,187,269,191,138.0,221.07,117.13
13,40.4,21.5,202.5,2,4,8,21,201,22,204,200.38,56.12,70.75
13,40.4,24.38,202.62,2,5,8,24,201,25,205,208.0,65.12,75.0
13,40.4,283.71,206.5,8,4,28,280,205,287,208,163.61,137.96,20.86
13,40.4,176.0,213.0,7,1,7,173,213,179,213,122.0,107.14,96.43
13,40.4,216.5,213.0,6,1,6,214,213,219,213,122.83,113.5,103.33
13,40.4,129.6,219.2,4,2,5,128,219,131,220,232.6,251.0,239.6
13,40.4,148.8,219.6,3,2,5,148,219,150,220,229.4,241.4,224.2
13,40.4,167.83,219.33,4,2,6,166,219,169,220,241.67,255.0,233.17
13,40.4,177.83,219.33,4,2,6,176,219,179,220,237.83,250.83,231.0
13,40.4,188.83,219.33,4,2,6,187,219,190,220,239.33,254.17,233.33
13,40.4,198.0,219.25,6,2,8,195,219,200,220,233.38,246.62,224.25
14,40.43,133.16,46.93,23,5,43,123,46,145,50,208.6,197.21,227.09
14,40.43,154.0,46.0,5,1,5,152,46,156,46,205.0,211.0,216.0
14,40.43,168.87,46.07,14,2,15,162,46,175,47,210.93,200.8,232.87
14,40.43,40.4,49.2,2,3,5,40,48,41,50,170.6,150.4,141.0
14,40.43,30.5,52.12,4,6,16,29,49,32,54,202.25,187.12,179.0
14,40.43,26.8,51.2,2,4,5,26,50,27,53,213.6,96.6,109.4
14,40.43,97.4,51.2,2,3,5,97,50,98,52,172.0,143.4,140.4
14,40.43,101.6,51.2,2,3,5,101,50,102,52,170.4,142.0,138.8
14,40.43,105.5,51.0,2,3,6,105,50,106,52,170.17,143.5,143.33
14,40.43,109.6,51.2,2,3,5,109,50,110,52,170.0,143.6,140.8
14,40.43,23.57,52.29,2,4,7,23,51,24,54,246.86,233.57,236.71
14,40.43,47.22,53.22,5,3,9,45,52,49,54,222.67,211.44,202.22
14,40.43,114.84,56.42,9,4,19,111,55,119,58,208.95,202.21,241.63
14,40.43,121.41,62.22,13,5,27,115,60,127,64,207.37,200.22,241.63
14,40.43,132.4,62.6,4,2,5,131,62,134,63,206.4,205.4,242.0
14,40.43,149.69,67.69,11,2,16,145,67,155,68,206.69,202.81,245.5
14,40.43,7.24,96.86,13,4,29,0,95,12,98,207.41,205.1,209.14
14,40.43,1.2,101.6,3,2,5,0,101,2,102,211.0,208.2,208.4
14,40.43,11.67,105.0,7,3,15,9,104,15,106,210.53,208.53,210.4
14,40.43,22.67,105.0,5,3,9,20,104,24,106,206.22,210.0,208.0
14,40.43,183.08,111.02,25,17,202,173,104,197,120,219.54,149.19,88.88
14,40.43,178.2,120.67,6,4,15,176,119,181,122,213.13,127.4,117.07
14,40.43,122.5,133.0,6,1,6,120,133,125,133,220.17,195.17,235.5
14,40.43,197.0,137.67,5,3,9,195,137,199,139,216.44,175.78,205.22
14,40.43,172.92,140.17,6,3,12,170,139,175,141,192.92,157.17,167.33
14,40.43,201.14,141.43,4,3,7,200,140,203,142,158.29,119.43,135.86
14,40.43,169.4,144.6,4,4,15,168,143,171,146,173.33,134.73,135.8
14,40.43,19.4,148.2,2,3,5,19,147,20,149,211.0,214.2,255.0
14,40.43,180.5,155.0,6,1,6,178,155,183,155,155.0,194.0,104.67
14,40.43,28.28,187.92,6,5,25,26,186,31,190,166.08,177.84,74.04
14,40.43,36.5,188.36,6,4,22,34,187,39,190,170.18,165.09,80.45
14,40.43,267.33,189.0,4,5,15,266,187,269,191,137.87,221.0,117.4
14,40.43,12.5,193.0,6,1,6,10,193,15,193,129.5,188.0,105.0
14,40.43,21.5,202.5,2,4,8,21,201,22,204,200.38,56.12,70.75
14,40.43,24.38,202.62,2,5,8,24,201,25,205,208.0,65.12,75.0
14,40.43,283.71,206.5,8,4,28,280,205,287,208,163.61,137.96,20.86
14,40.43,176.0,213.0,7,1,7,173,213,179,213,122.0,107.14,96.43
14,40.43,216.5,213.0,6,1,6,214,213,219,213,122.83,113.5,103.33
14,40.43,129.6,219.2,4,2,5,128,219,131,220,232.6,251.0,239.6
14,40.43,148.8,219.6,3,2,5,148,219,150,220,229.4,241.4,224.2
14,40.43,167.83,219.33,4,2,6,166,219,169,220,241.67,255.0,233.17
14,40.43,177.83,219.33,4,2,6,176,219,179,220,237.83,250.83,231.0
14,40.43,188.83,219.33,4,2,6,187,219,190,220,239.33,254.17,233.33
14,40.43,198.0,219.25,6,2,8,195,219,200,220,233.38,246.62,224.25
15,40.47,40.4,49.2,2,3,5,40,48,41,50,170.6,150.4,141.0
15,40.47,30.5,52.12,4,6,16,29,49,32,54,202.25,187.12,179.0
15,40.47,26.8,51.2,2,4,5,26,50,27,53,213.6,96.6,109.4
15,40.47,97.4,51.2,2,3,5,97,50,98,52,173.0,143.0,140.4
15,40.47,101.6,51.2,2,3,5,101,50,102,52,171.2,141.2,138.8
15,40.47,105.5,51.0,2,3,6,105,50,106,52,171.0,142.67,142.5
15,40.47,109.6,51.2,2,3,5,109,50,110,52,172.2,143.0,140.4
15,40.47,113.5,51.0,2,3,6,113,50,114,52,176.5,141.83,142.83
15,40.47,117.4,51.2,2,3,5,117,50,118,52,177.2,140.8,139.4
15,40.47,23.57,52.29,2,4,7,23,51,24,54,246.86,233.57,236.71
15,40.47,47.22,53.22,5,3,9,45,52,49,54,222.67,211.44,202.22
15,40.47,2.71,89.29,6,2,7,0,89,5,90,208.71,200.29,221.0
15,40.47,1.0,101.73,4,4,11,0,100,3,103,209.82,208.09,210.55
15,40.47,183.08,111.02,25,17,202,173,104,197,120,219.54,149.19,88.88
15,40.47,178.2,120.67,6,4,15,176,119,181,122,213.13,127.4,117.07
15,40.47,121.44,132.11,8,2,9,118,132,125,133,218.67,193.22,236.78
15,40.47,128.0,134.83,5,2,6,126,134,130,135,212.67,207.67,215.67
15,40.47,196.91,137.91,5,3,11,195,137,199,139,204.45,166.18,190.82
15,40.47,172.82,140.09,6,3,11,170,139,175,141,189.55,154.91,164.18
15,40.47,201.6,141.2,4,3,10,200,140,203,142,172.9,135.2,149.6
15,40.47,169.4,144.6,4,4,15,168,143,171,146,173.33,134.73,135.8
15,40.47,17.8,148.2,3,3,5,17,147,19,149,215.4,215.8,254.8
15,40.47,28.17,187.96,6,5,24,26,186,31,190,163.62,172.79,69.25
15,40.47,36.5,188.36,6,4,22,34,187,39,190,167.05,166.41,81.36
15,40.47,267.7,189.2,4,3,10,266,188,269,190,136.7,221.8,116.4
15,40.47,12.5,193.0,6,1,6,10,193,15,193,129.5,188.0,106.5
15,40.47,21.5,202.5,2,4,8,21,201,22,204,200.38,56.12,70.75
15,40.47,24.38,202.62,2,5,8,24,201,25,205,208.0,65.12,75.0
15,40.47,283.71,206.5,8,4,28,280,205,287,208,163.61,137.96,20.86
15,40.47,176.0,213.0,7,1,7,173,213,179,213,122.0,107.14,96.43
15,40.47,216.5,213.0,6,1,6,214,213,219,213,122.83,113.5,103.33
15,40.47,129.6,219.2,4,2,5,128,219,131,220,232.6,251.0,239.6
15,40.47,148.8,219.6,3,2,5,148,219,150,220,229.4,241.4,224.2
15,40.47,167.83,219.33,4,2,6,166,219,169,220,241.67,255.0,233.17
15,40.47,177.83,219.33,4,2,6,176,219,179,220,237.83,250.83,231.0
15,40.47,188.83,219.33,4,2,6,187,219,190,220,239.33,254.17,233.33
15,40.47,198.0,219.25,6,2,8,195,219,200,220,233.38,246.62,224.25
16,40.5,40.4,49.2,2,3,5,40,48,41,50,170.6,150.4,141.0
16,40.5,30.5,52.12,4,6,16,29,49,32,54,202.25,187.12,179.0
16,40.5,26.8,51.2,2,4,5,26,50,27,53,213.6,96.6,109.4
16,40.5,97.4,51.2,2,3,5,97,50,98,52,173.0,143.0,140.4
16,40.5,101.6,51.2,2,3,5,101,50,102,52,171.2,141.2,138.8
16,40.5,105.5,51.0,2,3,6,105,50,106,52,171.0,142.67,142.5
16,40.5,109.6,51.2,2,3,5,109,50,110,52,172.2,143.0,140.4
16,40.5,113.5,51.0,2,3,6,113,50,114,52,176.5,141.83,142.83
16,40.5,117.4,51.2,2,3,5,117,50,118,52,177.2,140.8,139.4
16,40.5,23.57,52.29,2,4,7,23,51,24,54,246.86,233.57,236.71
16,40.5,47.22,53.22,5,3,9,45,52,49,54,222.67,211.44,202.22
16,40.5,4.83,99.33,3,3,6,4,98,6,100,206.67,210.17,208.33
16,40.5,183.08,111.02,25,17,202,173,104,197,120,219.54,149.19,88.88
16,40.5,178.2,120.67,6,4,15,176,119,181,122,213.13,127.4,117.07
16,40.5,117.43,131.14,6,2,7,115,131,120,132,217.0,193.43,231.29
16,40.5,126.0,133.0,5,1,5,124,133,128,133,212.0,198.6,218.0
16,40.5,196.91,137.91,5,3,11,195,137,199,139,204.45,166.18,190.82
16,40.5,172.82,140.09,6,3,11,170,139,175,141,189.55,154.91,164.18
16,40.5,201.6,141.2,4,3,10,200,140,203,142,172.9,135.2,149.6
16,40.5,169.4,144.6,4,4,15,168,143,171,146,173.33,134.73,135.8
16,40.5,28.26,188.09,6,5,23,26,186,31,190,165.74,170.96,77.26
16,40.5,36.5,188.36,6,4,22,34,187,39,190,169.91,164.86,80.18
16,40.5,267.78,189.11,4,3,9,266,188,269,190,135.67,222.44,115.33
16,40.5,13.5,193.0,8,1,8,10,193,17,193,129.75,188.5,109.5
16,40.5,21.5,202.5,2,4,8,21,201,22,204,200.38,56.12,70.75
16,40.5,24.38,202.62,2,5,8,24,201,25,205,208.0,65.12,75.0
16,40.5,283.71,206.5,8,4,28,280,205,287,208,163.61,137.96,20.86
16,40.5,176.0,213.0,7,1,7,173,213,179,213,122.0,107.14,96.43
16,40.5,216.5,213.0,6,1,6,214,213,219,213,122.83,113.5,103.33
16,40.5,129.6,219.2,4,2,5,128,219,131,220,232.6,251.0,239.6
16,40.5,148.8,219.6,3,2,5,148,219,150,220,229.4,241.4,224.2
16,40.5,167.83,219.33,4,2,6,166,219,169,220,241.67,255.0,233.17
16,40.5,177.83,219.33,4,2,6,176,219,179,220,237.83,250.83,231.0
16,40.5,188.83,219.33,4,2,6,187,219,190,220,239.33,254.17,233.33
16,40.5,198.0,219.25,6,2,8,195,219,200,220,233.38,246.62,224.25
17,40.53,40.4,49.2,2,3,5,40,48,41,50,170.6,150.4,141.0
17,40.53,30.5,52.12,4,6,16,29,49,32,54,202.25,187.12,179.0
17,40.53,26.8,51.2,2,4,5,26,50,27,53,213.6,96.6,109.4
17,40.53,97.4,51.2,2,3,5,97,50,98,52,173.0,143.0,140.4
17,40.53,101.6,51.2,2,3,5,101,50,102,52,171.2,141.2,138.8
17,40.53,105.5,51.0,2,3,6,105,50,106,52,171.0,142.67,142.5
17,40.53,109.6,51.2,2,3,5,109,50,110,52,172.2,143.0,140.4
17,40.53,113.5,51.0,2,3,6,113,50,114,52,176.5,141.83,142.83
17,40.53,117.4,51.2,2,3,5,117,50,118,52,177.2,140.8,139.4
17,40.53,23.57,52.29,2,4,7,23,51,24,54,246.86,233.57,236.71
17,40.53,47.22,53.22,5,3,9,45,52,49,54,222.67,211.44,202.22
17,40.53,183.08,111.02,25,17,202,173,104,197,120,219.54,149.19,88.9
17,40.53,178.2,120.67,6,4,15,176,119,181,122,213.13,127.4,117.07
17,40.53,196.91,137.91,5,3,11,195,137,199,139,204.45,166.18,190.82
17,40.53,172.6,140.27,6,4,15,170,139,175,142,197.27,152.13,166.8
17,40.53,201.6,141.2,4,3,10,200,140,203,142,172.9,135.2,149.6
17,40.53,169.29,144.29,4,5,17,168,142,171,146,179.18,134.18,136.0
17,40.53,28.26,188.09,6,5,23,26,186,31,190,165.83,171.04,77.35
17,40.53,36.5,188.36,6,4,22,34,187,39,190,173.86,169.18,84.36
17,40.53,267.7,189.2,4,3,10,266,188,269,190,136.7,221.8,116.4
17,40.53,21.5,202.5,2,4,8,21,201,22,204,200.38,56.12,70.75
17,40.53,24.38,202.62,2,5,8,24,201,25,205,208.0,65.12,75.0
17,40.53,283.71,206.5,8,4,28,280,205,287,208,163.61,137.96,20.86
17,40.53,176.0,213.0,7,1,7,173,213,179,213,122.0,107.14,96.43
17,40.53,216.5,213.0,6,1,6,214,213,219,213,122.83,113.5,103.33
17,40.53,129.6,219.2,4,2,5,128,219,131,220,232.6,251.0,239.6
17,40.53,148.8,219.6,3,2,5,148,219,150,220,229.4,241.4,224.2
17,40.53,167.83,219.33,4,2,6,166,219,169,220,241.67,255.0,233.17
17,40.53,177.83,219.33,4,2,6,176,219,179,220,237.83,250.83,231.0
17,40.53,188.83,219.33,4,2,6,187,219,190,220,239.33,254.17,233.33
17,40.53,198.0,219.25,6,2,8,195,219,200,220,233.38,246.62,224.25
18,40.57,40.4,49.2,2,3,5,40,48,41,50,170.6,150.4,141.0
18,40.57,30.5,52.12,4,6,16,29,49,32,54,202.25,187.12,179.0
18,40.57,26.8,51.2,2,4,5,26,50,27,53,213.6,96.6,109.4
18,40.57,97.4,51.2,2,3,5,97,50,98,52,173.0,143.0,140.4
18,40.57,101.6,51.2,2,3,5,101,50,102,52,171.2,141.2,138.8
18,40.57,105.5,51.0,2,3,6,105,50,106,52,171.0,142.67,142.5
18,40.57,109.6,51.2,2,3,5,109,50,110,52,172.2,143.0,140.4
18,40.57,113.5,51.0,2,3,6,113,50,114,52,176.5,141.83,142.83
18,40.57,117.4,51.2,2,3,5,117,50,118,52,177.2,140.8,139.4
18,40.57,23.57,52.29,2,4,7,23,51,24,54,246.86,233.57,236.71
18,40.57,47.22,53.22,5,3,9,45,52,49,54,222.67,211.44,202.22
18,40.57,183.08,111.02,25,17,202,173,104,197,120,219.54,149.19,88.9
18,40.57,178.2,120.67,6,4,15,176,119,181,122,213.13,127.4,117.07
18,40.57,123.0,131.0,5,1,5,121,131,125,131,214.4,207.2,239.2
18,40.57,196.91,137.91,5,3,11,195,137,199,139,204.45,166.18,190.82
18,40.57,172.6,140.27,6,4,15,170,139,175,142,197.27,152.13,166.8
18,40.57,201.6,141.2,4,3,10,200,140,203,142,172.9,135.2,149.6
18,40.57,169.29,144.29,4,5,17,168,142,171,146,179.18,134.18,136.0
18,40.57,14.6,148.4,3,3,5,14,147,16,149,211.6,211.0,254.0
18,40.57,187.83,160.33,3,3,6,187,159,189,161,138.0,204.17,116.83
18,40.57,180.29,160.86,6,2,7,178,160,183,161,136.71,207.57,114.14
18,40.57,28.5,188.36,6,4,22,26,187,31,190,169.77,168.5,84.86
18,40.57,36.5,188.36,6,4,22,34,187,39,190,173.68,169.05,84.68
18,40.57,21.5,202.5,2,4,8,21,201,22,204,200.38,56.12,70.75
18,40.57,24.38,202.62,2,5,8,24,201,25,205,208.0,65.12,75.0
18,40.57,283.71,206.5,8,4,28,280,205,287,208,163.61,137.96,20.86
18,40.57,176.0,213.0,7,1,7,173,213,179,213,122.0,107.14,96.43
18,40.57,216.5,213.0,6,1,6,214,213,219,213,122.83,113.5,103.33
18,40.57,129.6,219.2,4,2,5,128,219,131,220,232.6,251.0,239.6
18,40.57,148.8,219.6,3,2,5,148,219,150,220,229.4,241.4,224.2
18,40.57,167.83,219.33,4,2,6,166,219,169,220,241.67,255.0,233.17
18,40.57,177.83,219.33,4,2,6,176,219,179,220,237.83,250.83,231.0
18,40.57,188.83,219.33,4,2,6,187,219,190,220,239.33,254.17,233.33
18,40.57,198.0,219.25,6,2,8,195,219,200,220,233.38,246.62,224.25
19,40.6,40.4,49.2,2,3,5,40,48,41,50,170.6,150.4,141.0
19,40.6,30.5,52.12,4,6,16,29,49,32,54,202.25,187.12,179.0
19,40.6,26.8,51.2,2,4,5,26,50,27,53,213.6,96.6,109.4
19,40.6,97.4,51.2,2,3,5,97,50,98,52,173.0,143.0,140.4
19,40.6,101.6,51.2,2,3,5,101,50,102,52,171.2,141.2,138.8
19,40.6,105.5,51.0,2,3,6,105,50,106,52,171.0,142.67,142.5
19,40.6,109.6,51.2,2,3,5,109,50,110,52,172.2,143.0,140.4
19,40.6,113.5,51.0,2,3,6,113,50,114,52,176.5,141.83,142.83
19,40.6,117.4,51.2,2,3,5,117,50,118,52,177.2,140.8,139.4
19,40.6,23.57,52.29,2,4,7,23,51,24,54,246.86,233.57,236.71
19,40.6,47.22,53.22,5,3,9,45,52,49,54,222.67,211.44,202.22
19,40.6,183.08,111.02,25,17,202,173,104,197,120,219.54,149.19,88.9
19,40.6,178.2,120.67,6,4,15,176,119,181,122,213.13,127.4,117.07
19,40.6,106.0,127.0,9,1,9,102,127,110,127,207.78,197.89,250.22
19,40.6,196.83,137.92,5,3,12,195,137,199,139,205.25,166.5,188.25
19,40.6,172.6,140.27,6,4,15,170,139,175,142,197.27,152.13,166.8
19,40.6,201.6,141.2,4,3,10,200,140,203,142,172.9,135.5,145.4
19,40.6,169.4,144.6,4,4,15,168,143,171,146,181.93,133.8,139.4
19,40.6,12.6,148.4,3,3,5,12,147,14,149,214.2,212.4,253.2
19,40.6,186.83,155.33,4,2,6,185,155,188,156,137.67,217.5,98.33
19,40.6,28.5,188.36,6,4,22,26,187,31,190,170.23,165.09,80.5
19,40.6,36.5,188.36,6,4,22,34,187,39,190,176.91,172.36,87.5
19,40.6,21.5,202.5,2,4,8,21,201,22,204,200.38,56.12,70.75
19,40.6,24.38,202.62,2,5,8,24,201,25,205,208.0,65.12,75.0
19,40.6,283.71,206.5,8,4,28,280,205,287,208,163.61,137.96,20.86
19,40.6,176.0,213.0,7,1,7,173,213,179,213,122.0,107.14,96.43
19,40.6,216.5,213.0,6,1,6,214,213,219,213,122.83,113.5,103.33
19,40.6,129.6,219.2,4,2,5,128,219,131,220,232.6,251.0,239.6
19,40.6,148.8,219.6,3,2,5,148,219,150,220,229.4,241.4,224.2
19,40.6,167.83,219.33,4,2,6,166,219,169,220,241.67,255.0,233.17
19,40.6,177.83,219.33,4,2,6,176,219,179,220,237.83,250.83,231.0
19,40.6,188.83,219.33,4,2,6,187,219,190,220,239.33,254.17,233.33
19,40.6,198.0,219.25,6,2,8,195,219,200,220,233.38,246.62,224.25
20,40.63,40.4,49.2,2,3,5,40,48,41,50,170.6,150.4,141.0
20,40.63,30.5,52.12,4,6,16,29,49,32,54,202.25,187.12,179.0
20,40.63,26.8,51.2,2,4,5,26,50,27,53,213.6,96.6,109.4
20,40.63,97.4,51.2,2,3,5,97,50,98,52,173.0,143.0,140.4
20,40.63,101.6,51.2,2,3,5,101,50,102,52,171.2,141.2,138.8
20,40.63,105.5,51.0,2,3,6,105,50,106,52,171.5,142.67,142.5
20,40.63,109.6,51.2,2,3,5,109,50,110,52,173.0,143.0,140.4
20,40.63,113.5,51.0,2,3,6,113,50,114,52,176.5,141.83,142.83
20,40.63,117.4,51.2,2,3,5,117,50,118,52,177.2,140.8,139.4
20,40.63,23.57,52.29,2,4,7,23,51,24,54,246.86,233.57,236.71
20,40.63,47.22,53.22,5,3,9,45,52,49,54,222.67,211.44,202.22
20,40.63,183.08,111.02,25,17,202,173,104,197,120,219.54,149.19,88.88
20,40.63,178.2,120.67,6,4,15,176,119,181,122,213.13,127.4,117.07
20,40.63,100.82,124.18,10,2,11,96,124,105,125,209.09,199.82,246.27
20,40.63,109.0,128.0,7,1,7,106,128,112,128,211.43,204.14,251.71
20,40.63,196.83,137.92,5,3,12,195,137,199,139,205.25,166.5,188.25
20,40.63,172.82,140.09,6,3,11,170,139,175,141,189.55,154.91,164.18
20,40.63,201.6,141.2,4,3,10,200,140,203,142,172.9,135.5,145.4
20,40.63,169.73,145.0,4,4,11,168,143,171,146,177.55,131.45,138.36
20,40.63,10.6,148.4,3,3,5,10,147,12,149,214.0,212.4,252.6
20,40.63,178.56,161.33,6,3,9,176,160,181,162,136.78,208.56,113.11
20,40.63,28.38,188.43,6,4,21,26,187,31,190,168.05,163.71,80.43
20,40.63,36.5,188.36,6,4,22,34,187,39,190,177.59,172.91,88.14
20,40.63,138.5,191.0,6,1,6,136,191,141,191,154.0,218.17,132.5
20,40.63,12.5,193.0,6,1,6,10,193,15,193,129.5,187.33,108.17
20,40.63,21.5,202.5,2,4,8,21,201,22,204,200.38,56.12,70.75
20,40.63,24.38,202.62,2,5,8,24,201,25,205,208.0,65.12,75.0
20,40.63,283.71,206.5,8,4,28,280,205,287,208,163.61,137.96,20.86
20,40.63,176.0,213.0,7,1,7,173,213,179,213,122.0,107.14,96.43
20,40.63,216.5,213.0,6,1,6,214,213,219,213,122.83,113.5,103.33
20,40.63,129.6,219.2,4,2,5,128,219,131,220,232.6,251.0,239.6
20,40.63,148.8,219.6,3,2,5,148,219,150,220,229.4,241.4,224.2
20,40.63,167.83,219.33,4,2,6,166,219,169,220,241.67,255.0,233.17
20,40.63,177.83,219.33,4,2,6,176,219,179,220,237.83,250.83,231.0
20,40.63,188.83,219.33,4,2,6,187,219,190,220,239.33,254.17,233.33
20,40.63,198.0,219.25,6,2,8,195,219,200,220,233.38,246.62,224.25
21,40.67,40.4,49.2,2,3,5,40,48,41,50,170.6,150.4,141.0
21,40.67,30.5,52.12,4,6,16,29,49,32,54,202.25,187.12,179.0
21,40.67,26.8,51.2,2,4,5,26,50,27,53,213.6,96.6,109.4
21,40.67,97.4,51.2,2,3,5,97,50,98,52,173.0,143.0,140.4
21,40.67,101.6,51.2,2,3,5,101,50,102,52,171.2,141.2,138.8
21,40.67,105.5,51.0,2,3,6,105,50,106,52,171.5,142.67,142.5
21,40.67,109.6,51.2,2,3,5,109,50,110,52,173.0,143.0,140.4
21,40.67,113.5,51.0,2,3,6,113,50,114,52,176.5,141.83,142.83
21,40.67,117.4,51.2,2,3,5,117,50,118,52,177.2,140.8,139.4
21,40.67,23.57,52.29,2,4,7,23,51,24,54,246.86,233.57,236.71
21,40.67,47.22,53.22,5,3,9,45,52,49,54,222.67,211.44,202.22
21,40.67,183.08,111.02,25,17,202,173,104,197,120,219.54,149.19,88.88
21,40.67,178.2,120.67,6,4,15,176,119,181,122,213.13,127.4,117.07
21,40.67,98.33,124.17,11,2,12,93,124,103,125,210.5,200.17,247.83
21,40.67,107.0,128.0,7,1,7,104,128,110,128,211.43,204.29,251.71
21,40.67,196.83,137.92,5,3,12,195,137,199,139,205.42,166.83,188.25
21,40.67,172.82,140.09,6,3,11,170,139,175,141,187.36,155.45,164.18
21,40.67,201.6,141.2,4,3,10,200,140,203,142,173.3,135.4,145.4
21,40.67,169.73,145.0,4,4,11,168,143,171,146,177.55,131.45,138.36
21,40.67,9.6,148.4,3,3,5,9,147,11,149,213.6,212.4,254.0
21,40.67,179.29,161.57,4,2,7,178,161,181,162,138.14,211.43,114.71
21,40.67,188.5,161.0,6,1,6,186,161,191,161,136.33,201.67,113.83
21,40.67,28.38,188.43,6,4,21,26,187,31,190,168.05,163.71,80.43
21,40.67,36.5,188.36,6,4,22,34,187,39,190,177.59,172.91,88.14
21,40.67,12.5,193.0,6,1,6,10,193,15,193,129.5,187.33,108.17
21,40.67,21.5,202.5,2,4,8,21,201,22,204,200.38,56.12,70.75
21,40.67,24.38,202.62,2,5,8,24,201,25,205,208.0,65.12,75.0
21,40.67,283.71,206.5,8,4,28,280,205,287,208,163.61,137.96,20.86
21,40.67,176.0,213.0,7,1,7,173,213,179,213,122.0,107.14,96.43
21,40.67,216.5,213.0,6,1,6,214,213,219,213,122.83,113.5,103.33
21,40.67,129.6,219.2,4,2,5,128,219,131,220,232.6,251.0,239.6
21,40.67,148.8,219.6,3,2,5,148,219,150,220,229.4,241.4,224.2
21,40.67,167.83,219.33,4,2,6,166,219,169,220,241.67,255.0,233.17
21,40.67,177.83,219.33,4,2,6,176,219,179,220,237.83,250.83,231.0
21,40.67,188.83,219.33,4,2,6,187,219,190,220,239.33,254.17,233.33
21,40.67,198.0,219.25,6,2,8,195,219,200,220,233.38,246.62,224.25
22,40.7,40.4,49.2,2,3,5,40,48,41,50,170.6,150.4,141.0
22,40.7,30.5,52.12,4,6,16,29,49,32,54,202.25,187.12,179.0
22,40.7,26.8,51.2,2,4,5,26,50,27,53,213.6,96.6,109.4
22,40.7,97.4,51.2,2,3,5,97,50,98,52,173.0,143.0,140.4
22,40.7,101.6,51.2,2,3,5,101,50,102,52,171.2,141.2,138.8
22,40.7,105.5,51.0,2,3,6,105,50,106,52,171.5,142.67,142.5
22,40.7,109.6,51.2,2,3,5,109,50,110,52,173.0,143.0,140.4
22,40.7,113.5,51.0,2,3,6,113,50,114,52,176.5,141.83,142.83
22,40.7,117.4,51.2,2,3,5,117,50,118,52,177.2,140.8,139.4
22,40.7,23.57,52.29,2,4,7,23,51,24,54,246.86,233.57,236.71
22,40.7,47.22,53.22,5,3,9,45,52,49,54,222.67,211.44,202.22
22,40.7,183.08,111.02,25,17,202,173,104,197,120,219.54,149.19,88.88
22,40.7,178.2,120.67,6,4,15,176,119,181,122,213.13,127.4,117.07
22,40.7,91.92,121.33,8,2,12,89,121,96,122,207.58,195.17,252.42
22,40.7,196.83,137.92,5,3,12,195,137,199,139,206.25,166.5,188.25
22,40.7,172.82,140.09,6,3,11,170,139,175,141,187.36,155.45,164.18
22,40.7,201.46,140.69,4,4,13,200,139,203,142,179.0,135.08,151.77
22,40.7,169.73,145.0,4,4,11,168,143,171,146,175.18,130.09,136.64
22,40.7,202.8,157.4,3,2,5,202,157,204,158,133.2,220.8,102.8
22,40.7,28.5,188.36,6,4,22,26,187,31,190,165.73,164.5,81.27
22,40.7,36.5,188.36,6,4,22,34,187,39,190,177.45,172.82,88.23
22,40.7,12.5,193.0,6,1,6,10,193,15,193,129.5,187.33,108.83
22,40.7,21.5,202.5,2,4,8,21,201,22,204,200.38,56.12,70.75
22,40.7,24.38,202.62,2,5,8,24,201,25,205,208.0,65.12,75.0
22,40.7,283.71,206.5,8,4,28,280,205,287,208,163.61,137.96,20.86
22,40.7,176.0,213.0,7,1,7,173,213,179,213,122.0,107.14,96.43
22,40.7,216.5,213.0,6,1,6,214,213,219,213,122.83,113.5,103.33
22,40.7,129.6,219.2,4,2,5,128,219,131,220,232.6,251.0,239.6
22,40.7,148.8,219.6,3,2,5,148,219,150,220,229.4,241.4,224.2
22,40.7,167.83,219.33,4,2,6,166,219,169,220,241.67,255.0,233.17
22,40.7,177.83,219.33,4,2,6,176,219,179,220,237.83,250.83,231.0
22,40.7,188.83,219.33,4,2,6,187,219,190,220,239.33,254.17,233.33
22,40.7,198.0,219.25,6,2,8,195,219,200,220,233.38,246.62,224.25
23,40.73,40.4,49.2,2,3,5,40,48,41,50,170.6,150.4,141.0
23,40.73,30.5,52.12,4,6,16,29,49,32,54,202.25,187.12,179.0
23,40.73,26.8,51.2,2,4,5,26,50,27,53,213.6,96.6,109.4
23,40.73,97.4,51.2,2,3,5,97,50,98,52,173.0,143.0,140.4
23,40.73,101.6,51.2,2,3,5,101,50,102,52,171.2,141.2,138.8
23,40.73,105.5,51.0,2,3,6,105,50,106,52,171.5,142.67,142.5
23,40.73,109.6,51.2,2,3,5,109,50,110,52,173.0,143.0,140.4
23,40.73,113.5,51.0,2,3,6,113,50,114,52,176.5,141.83,142.83
23,40.73,117.4,51.2,2,3,5,117,50,118,52,177.2,140.8,139.4
23,40.73,23.57,52.29,2,4,7,23,51,24,54,246.86,233.57,236.71
23,40.73,47.22,53.22,5,3,9,45,52,49,54,222.67,211.44,202.22
23,40.73,183.08,111.02,25,17,202,173,104,197,120,219.54,149.19,88.88
23,40.73,85.5,118.0,6,1,6,83,118,88,118,208.0,192.33,247.33
23,40.73,178.2,120.67,6,4,15,176,119,181,122,213.13,127.4,117.07
23,40.73,106.08,126.46,9,2,13,102,126,110,127,207.92,200.15,249.0
23,40.73,196.83,137.92,5,3,12,195,137,199,139,206.25,166.5,188.25
23,40.73,172.82,140.09,6,3,11,170,139,175,141,187.36,155.45,164.18
23,40.73,201.46,140.69,4,4,13,200,139,203,142,179.0,135.08,151.77
23,40.73,169.67,144.92,4,4,12,168,143,171,146,172.67,129.5,134.5
23,40.73,36.43,188.09,6,5,23,34,186,39,190,181.13,184.43,92.65
23,40.73,28.0,188.52,8,4,25,24,187,31,190,167.72,176.92,91.16
23,40.73,12.5,193.0,6,1,6,10,193,15,193,129.5,187.33,108.83
23,40.73,21.5,202.5,2,4,8,21,201,22,204,200.38,56.12,70.75
23,40.73,24.38,202.62,2,5,8,24,201,25,205,208.0,65.12,75.0
23,40.73,283.71,206.5,8,4,28,280,205,287,208,163.61,137.96,20.86
23,40.73,176.0,213.0,7,1,7,173,213,179,213,122.0,107.14,96.43
23,40.73,216.5,213.0,6,1,6,214,213,219,213,122.83,113.5,103.33
23,40.73,129.6,219.2,4,2,5,128,219,131,220,232.6,251.0,239.6
23,40.73,148.8,219.6,3,2,5,148,219,150,220,229.4,241.4,224.2
23,40.73,167.83,219.33,4,2,6,166,219,169,220,241.67,255.0,233.17
23,40.73,177.83,219.33,4,2,6,176,219,179,220,237.83,250.83,231.0
23,40.73,188.83,219.33,4,2,6,187,219,190,220,239.33,254.17,233.33
23,40.73,198.0,219.25,6,2,8,195,219,200,220,233.38,246.62,224.25
24,40.77,40.4,49.2,2,3,5,40,48,41,50,170.6,150.4,141.0
24,40.77,30.5,52.12,4,6,16,29,49,32,54,202.25,187.12,179.0
24,40.77,26.8,51.2,2,4,5,26,50,27,53,213.6,96.6,109.4
24,40.77,97.4,51.2,2,3,5,97,50,98,52,173.0,143.0,140.4
24,40.77,101.6,51.2,2,3,5,101,50,102,52,171.2,141.2,138.8
24,40.77,105.5,51.0,2,3,6,105,50,106,52,171.5,142.67,142.5
24,40.77,109.6,51.2,2,3,5,109,50,110,52,173.0,143.0,140.4
24,40.77,113.5,51.0,2,3,6,113,50,114,52,176.5,141.83,142.83
24,40.77,117.4,51.2,2,3,5,117,50,118,52,177.2,140.8,139.4
24,40.77,23.57,52.29,2,4,7,23,51,24,54,246.86,233.57,236.71
24,40.77,47.22,53.22,5,3,9,45,52,49,54,222.67,211.44,202.22
24,40.77,183.08,111.02,25,17,202,173,104,197,120,219.54,149.19,88.88
24,40.77,80.0,115.5,5,2,8,78,115,82,116,210.38,198.88,241.62
24,40.77,178.2,120.67,6,4,15,176,119,181,122,213.13,127.4,117.07
24,40.77,196.83,137.92,5,3,12,195,137,199,139,206.25,166.5,188.25
24,40.77,172.82,140.09,6,3,11,170,139,175,141,187.36,155.45,164.18
24,40.77,201.46,140.69,4,4,13,200,139,203,142,179.0,135.08,151.77
24,40.77,169.73,145.0,4,4,11,168,143,171,146,175.36,130.0,136.55
24,40.77,5.6,148.4,3,3,5,5,147,7,149,213.2,212.4,253.4
24,40.77,176.5,158.0,2,3,6,176,157,177,159,143.83,212.67,94.67
24,40.77,32.54,187.77,18,6,61,24,185,41,190,171.26,190.77,97.54
24,40.77,12.5,193.0,6,1,6,10,193,15,193,129.17,187.17,108.5
24,40.77,21.5,202.5,2,4,8,21,201,22,204,200.38,56.12,70.75
24,40.77,24.38,202.62,2,5,8,24,201,25,205,208.0,65.12,75.0
24,40.77,283.71,206.5,8,4,28,280,205,287,208,163.61,137.96,20.86
24,40.77,176.0,213.0,7,1,7,173,213,179,213,122.0,107.14,96.43
24,40.77,216.5,213.0,6,1,6,214,213,219,213,122.83,113.5,103.33
24,40.77,129.6,219.2,4,2,5,128,219,131,220,232.6,251.0,239.6
24,40.77,148.8,219.6,3,2,5,148,219,150,220,229.4,241.4,224.2
24,40.77,167.83,219.33,4,2,6,166,219,169,220,241.67,255.0,233.17
24,40.77,177.83,219.33,4,2,6,176,219,179,220,237.83,250.83,231.0
24,40.77,188.83,219.33,4,2,6,187,219,190,220,239.33,254.17,233.33
24,40.77,198.0,219.25,6,2,8,195,219,200,220,233.38,246.62,224.25
25,40.8,40.4,49.2,2,3,5,40,48,41,50,170.6,150.4,141.0
25,40.8,30.5,52.12,4,6,16,29,49,32,54,202.25,187.12,179.0
25,40.8,26.8,51.2,2,4,5,26,50,27,53,213.6,96.6,109.4
25,40.8,97.4,51.2,2,3,5,97,50,98,52,173.0,143.0,140.4
25,40.8,101.6,51.2,2,3,5,101,50,102,52,171.2,141.2,138.8
25,40.8,105.5,51.0,2,3,6,105,50,106,52,171.5,142.67,142.5
25,40.8,109.6,51.2,2,3,5,109,50,110,52,173.0,143.0,140.4
25,40.8,113.5,51.0,2,3,6,113,50,114,52,176.5,141.83,142.83
25,40.8,117.4,51.2,2,3,5,117,50,118,52,177.2,140.8,139.4
25,40.8,23.57,52.29,2,4,7,23,51,24,54,246.86,233.57,236.71
25,40.8,47.22,53.22,5,3,9,45,52,49,54,222.67,211.44,202.22
25,40.8,183.08,111.02,25,17,202,173,104,197,120,219.54,149.19,88.88
25,40.8,77.0,114.92,8,3,13,73,114,80,116,209.08,195.54,245.77
25,40.8,178.2,120.67,6,4,15,176,119,181,122,213.13,127.4,117.07
25,40.8,196.77,138.08,5,4,13,195,137,199,140,203.38,163.92,184.46
25,40.8,172.82,140.09,6,3,11,170,139,175,141,189.55,154.91,164.18
25,40.8,201.75,141.5,4,4,12,200,140,203,143,174.83,134.42,142.75
25,40.8,169.54,144.85,4,4,13,168,143,171,146,172.69,130.08,135.15
25,40.8,4.6,148.4,3,3,5,4,147,6,149,211.6,211.4,251.4
25,40.8,192.5,155.67,2,4,6,192,154,193,157,125.83,201.67,90.17
25,40.8,196.78,154.78,5,3,9,195,154,199,156,133.89,199.0,94.89
25,40.8,177.0,159.8,4,5,10,176,157,179,161,131.8,201.6,100.6
25,40.8,28.27,187.93,8,7,30,24,184,31,190,172.73,189.67,96.8
25,40.8,36.43,188.09,6,5,23,34,186,39,190,188.48,192.22,100.7
25,40.8,21.5,202.5,2,4,8,21,201,22,204,200.38,56.12,70.75
25,40.8,24.38,202.62,2,5,8,24,201,25,205,208.0,65.12,75.0
25,40.8,283.71,206.5,8,4,28,280,205,287,208,163.61,137.96,20.86
25,40.8,176.0,213.0,7,1,7,173,213,179,213,122.0,107.14,96.43
25,40.8,216.5,213.0,6,1,6,214,213,219,213,122.83,113.5,103.33
25,40.8,129.6,219.2,4,2,5,128,219,131,220,232.6,251.0,239.6
25,40.8,148.8,219.6,3,2,5,148,219,150,220,229.4,241.4,224.2
25,40.8,167.83,219.33,4,2,6,166,219,169,220,241.67,255.0,233.17
25,40.8,177.83,219.33,4,2,6,176,219,179,220,237.83,250.83,231.0
25,40.8,188.83,219.33,4,2,6,187,219,190,220,239.33,254.17,233.33
25,40.8,198.0,219.25,6,2,8,195,219,200,220,233.38,246.62,224.25
26,40.83,40.4,49.2,2,3,5,40,48,41,50,170.6,150.4,141.0
26,40.83,30.5,52.12,4,6,16,29,49,32,54,202.25,187.12,179.0
26,40.83,26.8,51.2,2,4,5,26,50,27,53,213.6,96.6,109.4
26,40.83,97.4,51.2,2,3,5,97,50,98,52,173.0,143.0,140.4
26,40.83,101.6,51.2,2,3,5,101,50,102,52,171.2,141.2,138.8
26,40.83,105.5,51.0,2,3,6,105,50,106,52,171.5,142.67,142.5
26,40.83,109.6,51.2,2,3,5,109,50,110,52,173.0,143.0,140.4
26,40.83,113.5,51.0,2,3,6,113,50,114,52,176.5,141.83,142.83
26,40.83,117.4,51.2,2,3,5,117,50,118,52,177.2,140.8,139.4
26,40.83,23.57,52.29,2,4,7,23,51,24,54,246.86,233.57,236.71
26,40.83,47.22,53.22,5,3,9,45,52,49,54,222.67,211.44,202.22
26,40.83,183.08,111.02,25,17,202,173,104,197,120,219.54,149.19,88.88
26,40.83,67.47,111.53,11,2,17,62,111,72,112,208.41,199.06,237.06
26,40.83,178.2,120.67,6,4,15,176,119,181,122,213.13,127.4,117.07
26,40.83,87.0,122.5,3,2,6,86,122,88,123,211.67,214.17,244.17
26,40.83,196.77,138.08,5,4,13,195,137,199,140,203.38,163.92,184.46
26,40.83,172.82,140.09,6,3,11,170,139,175,141,189.55,154.91,164.18
26,40.83,201.6,141.0,4,5,15,200,139,203,143,178.6,134.73,148.8
26,40.83,169.43,144.71,4,4,14,168,143,171,146,173.43,133.43,135.79
26,40.83,2.6,148.4,3,3,5,2,147,4,149,214.0,212.6,252.6
26,40.83,176.73,158.55,4,4,11,175,157,178,160,138.91,206.09,86.36
26,40.83,171.4,159.0,3,3,5,170,158,172,160,127.6,218.4,100.4
26,40.83,178.0,162.0,5,1,5,176,162,180,162,135.8,210.0,114.2
26,40.83,36.43,188.09,6,5,23,34,186,39,190,190.22,193.91,102.0
26,40.83,27.8,188.48,8,4,25,24,187,31,190,178.04,190.8,100.88
26,40.83,12.5,193.0,6,1,6,10,193,15,193,129.5,187.33,108.83
26,40.83,21.5,202.5,2,4,8,21,201,22,204,200.38,56.12,70.75
26,40.83,24.38,202.62,2,5,8,24,201,25,205,208.0,65.12,75.0
26,40.83,283.71,206.5,8,4,28,280,205,287,208,163.61,137.96,20.86
26,40.83,176.0,213.0,7,1,7,173,213,179,213,122.0,107.14,96.43
26,40.83,216.5,213.0,6,1,6,214,213,219,213,122.83,113.5,103.33
26,40.83,129.6,219.2,4,2,5,128,219,131,220,232.6,251.0,239.6
26,40.83,148.8,219.6,3,2,5,148,219,150,220,229.4,241.4,224.2
26,40.83,167.83,219.33,4,2,6,166,219,169,220,241.67,255.0,233.17
26,40.83,177.83,219.33,4,2,6,176,219,179,220,237.83,250.83,231.0
26,40.83,188.83,219.33,4,2,6,187,219,190,220,239.33,254.17,233.33
26,40.83,198.0,219.25,6,2,8,195,219,200,220,233.38,246.62,224.25
27,40.87,40.4,49.2,2,3,5,40,48,41,50,170.6,150.4,141.0
27,40.87,30.5,52.12,4,6,16,29,49,32,54,202.25,187.12,179.0
27,40.87,26.8,51.2,2,4,5,26,50,27,53,213.6,96.6,109.4
27,40.87,97.4,51.2,2,3,5,97,50,98,52,173.0,143.0,140.4
27,40.87,101.6,51.2,2,3,5,101,50,102,52,171.2,141.2,138.8
27,40.87,105.5,51.0,2,3,6,105,50,106,52,171.5,142.67,142.5
27,40.87,109.6,51.2,2,3,5,109,50,110,52,173.0,143.0,140.4
27,40.87,113.5,51.0,2,3,6,113,50,114,52,176.5,141.83,142.83
27,40.87,117.4,51.2,2,3,5,117,50,118,52,177.2,140.8,139.4
27,40.87,23.57,52.29,2,4,7,23,51,24,54,246.86,233.57,236.71
27,40.87,47.22,53.22,5,3,9,45,52,49,54,222.67,211.44,202.22
27,40.87,183.08,111.02,25,17,202,173,104,197,120,220.42,149.31,87.85
27,40.87,63.72,107.72,11,3,18,59,107,69,109,213.61,196.28,245.17
27,40.87,76.5,114.75,6,2,8,74,114,79,115,208.75,207.62,242.38
27,40.87,83.1,120.2,5,3,10,81,119,85,121,209.0,209.1,241.7
27,40.87,178.2,120.67,6,4,15,176,119,181,122,213.13,127.4,117.07
27,40.87,196.77,138.08,5,4,13,195,137,199,140,203.38,163.92,184.46
27,40.87,172.67,140.08,6,3,12,170,139,175,141,186.17,150.92,161.92
27,40.87,201.75,141.5,4,4,12,200,140,203,143,174.83,134.42,142.75
27,40.87,169.73,145.0,4,4,11,168,143,171,146,174.27,128.64,131.55
27,40.87,0.6,148.4,3,3,5,0,147,2,149,214.2,212.8,253.0
27,40.87,189.6,154.4,4,2,5,188,154,191,155,127.8,196.6,89.4
27,40.87,199.43,154.29,5,2,7,197,154,201,155,142.43,193.29,108.57
27,40.87,175.5,160.0,2,5,8,175,158,176,162,137.88,201.12,102.25
27,40.87,31.92,188.34,16,5,53,24,186,39,190,180.17,198.3,103.75
27,40.87,21.5,202.5,2,4,8,21,201,22,204,200.38,56.12,70.75
27,40.87,24.38,202.62,2,5,8,24,201,25,205,208.0,65.12,75.0
27,40.87,283.71,206.5,8,4,28,280,205,287,208,163.61,137.96,20.86
27,40.87,176.0,213.0,7,1,7,173,213,179,213,121.14,107.29,96.29
27,40.87,216.5,213.0,6,1,6,214,213,219,213,122.83,113.5,103.33
27,40.87,129.6,219.2,4,2,5,128,219,131,220,232.6,251.0,238.8
27,40.87,148.8,219.6,3,2,5,148,219,150,220,229.4,241.4,224.2
27,40.87,167.83,219.33,4,2,6,166,219,169,220,241.67,255.0,233.17
27,40.87,177.83,219.33,4,2,6,176,219,179,220,237.83,250.83,231.0
27,40.87,188.83,219.33,4,2,6,187,219,190,220,239.33,254.17,233.33
27,40.87,198.0,219.25,6,2,8,195,219,200,220,233.38,246.62,224.25
28,40.9,40.4,49.2,2,3,5,40,48,41,50,170.6,150.4,141.0
28,40.9,30.5,52.12,4,6,16,29,49,32,54,202.25,187.12,179.0
28,40.9,26.8,51.2,2,4,5,26,50,27,53,213.6,96.6,109.4
28,40.9,97.4,51.2,2,3,5,97,50,98,52,173.0,143.0,140.4
28,40.9,101.6,51.2,2,3,5,101,50,102,52,171.2,141.2,138.8
28,40.9,105.5,51.0,2,3,6,105,50,106,52,171.5,142.67,142.5
28,40.9,109.6,51.2,2,3,5,109,50,110,52,173.0,143.0,140.4
28,40.9,113.5,51.0,2,3,6,113,50,114,52,176.5,141.83,142.83
28,40.9,117.4,51.2,2,3,5,117,50,118,52,177.2,140.8,139.4
28,40.9,23.57,52.29,2,4,7,23,51,24,54,246.86,233.57,236.71
28,40.9,47.22,53.22,5,3,9,45,52,49,54,222.67,211.44,202.22
28,40.9,183.08,111.02,25,17,202,173,104,197,120,220.43,149.32,87.88
28,40.9,58.1,106.8,8,2,10,55,106,62,107,212.2,194.9,245.1
28,40.9,51.44,109.67,4,3,9,50,109,53,111,209.89,199.0,237.22
28,40.9,73.09,113.82,7,3,11,70,113,76,115,208.82,204.0,246.18
28,40.9,62.0,115.0,5,1,5,60,115,64,115,205.8,202.0,238.0
28,40.9,78.71,119.57,4,2,7,77,119,80,120,211.86,213.29,244.29
28,40.9,178.2,120.67,6,4,15,176,119,181,122,213.13,127.4,117.07
28,40.9,196.91,137.91,5,3,11,195,137,199,139,205.55,166.09,190.82
28,40.9,172.82,140.09,6,3,11,170,139,175,141,187.73,155.27,164.18
28,40.9,201.6,141.2,4,3,10,200,140,203,142,175.8,134.3,149.6
28,40.9,169.73,145.0,4,4,11,168,143,171,146,175.18,130.09,134.27
28,40.9,197.6,154.4,4,2,5,196,154,199,155,132.6,208.2,84.2
28,40.9,176.11,158.56,3,4,9,175,157,177,160,147.0,215.78,110.33
28,40.9,31.7,188.26,16,5,54,24,186,39,190,178.87,197.39,101.72
28,40.9,12.0,193.0,5,1,5,10,193,14,193,138.8,196.4,117.4
28,40.9,21.5,202.5,2,4,8,21,201,22,204,200.38,56.12,70.75
28,40.9,24.38,202.62,2,5,8,24,201,25,205,208.0,65.12,75.0
28,40.9,283.71,206.5,8,4,28,280,205,287,208,163.61,137.96,20.86
28,40.9,176.0,213.0,7,1,7,173,213,179,213,121.14,107.29,96.29
28,40.9,216.5,213.0,6,1,6,214,213,219,213,122.83,113.5,103.33
28,40.9,129.6,219.2,4,2,5,128,219,131,220,232.6,251.0,239.6
28,40.9,148.8,219.6,3,2,5,148,219,150,220,229.4,241.4,224.2
28,40.9,167.83,219.33,4,2,6,166,219,169,220,241.67,255.0,233.17
28,40.9,177.83,219.33,4,2,6,176,219,179,220,237.83,250.83,231.0
28,40.9,188.83,219.33,4,2,6,187,219,190,220,239.33,254.17,233.33
28,40.9,198.0,219.25,6,2,8,195,219,200,220,233.38,246.62,224.25
29,40.93,40.4,49.2,2,3,5,40,48,41,50,170.6,150.4,141.0
29,40.93,30.5,52.12,4,6,16,29,49,32,54,202.25,187.12,179.0
29,40.93,26.8,51.2,2,4,5,26,50,27,53,213.6,96.6,109.4
29,40.93,97.4,51.2,2,3,5,97,50,98,52,173.0,143.0,140.4
29,40.93,101.6,51.2,2,3,5,101,50,102,52,171.2,141.2,138.8
29,40.93,105.5,51.0,2,3,6,105,50,106,52,171.5,142.67,142.5
29,40.93,109.6,51.2,2,3,5,109,50,110,52,173.0,143.0,140.4
29,40.93,113.5,51.0,2,3,6,113,50,114,52,176.5,141.83,142.83
29,40.93,117.4,51.2,2,3,5,117,50,118,52,177.2,140.8,139.4
29,40.93,23.57,52.29,2,4,7,23,51,24,54,246.86,233.57,236.71
29,40.93,47.22,53.22,5,3,9,45,52,49,54,222.67,211.44,202.22
29,40.93,50.5,102.25,6,2,8,48,102,53,103,209.5,203.0,233.5
29,40.93,39.44,104.33,4,3,9,38,103,41,105,209.33,201.67,210.89
29,40.93,183.08,111.02,25,17,202,173,104,197,120,220.39,149.28,87.82
29,40.93,178.2,120.67,6,4,15,176,119,181,122,213.13,127.4,117.07
29,40.93,168.2,137.4,3,2,5,167,137,169,138,219.0,189.2,232.6
29,40.93,196.91,137.91,5,3,11,195,137,199,139,205.55,166.09,190.82
29,40.93,172.82,140.09,6,3,11,170,139,175,141,192.82,152.27,160.55
29,40.93,201.6,141.2,4,3,10,200,140,203,142,175.8,134.3,149.6
29,40.93,169.73,145.0,4,4,11,168,143,171,146,179.09,131.36,133.27
29,40.93,204.22,154.67,5,3,9,202,154,206,156,141.22,222.44,101.33
29,40.93,206.4,157.6,3,3,5,205,157,207,159,125.2,189.8,98.0
29,40.93,176.86,159.57,3,4,7,176,158,178,161,132.14,194.71,86.57
29,40.93,27.85,188.3,8,5,27,24,186,31,190,176.89,194.89,101.04
29,40.93,36.43,188.09,6,5,23,34,186,39,190,182.43,186.13,94.3
29,40.93,21.5,202.5,2,4,8,21,201,22,204,200.38,56.12,70.75
29,40.93,24.38,202.62,2,5,8,24,201,25,205,208.0,65.12,75.0
29,40.93,283.71,206.5,8,4,28,280,205,287,208,163.61,137.96,20.86
29,40.93,176.0,213.0,7,1,7,173,213,179,213,122.0,107.14,97.29
29,40.93,216.5,213.0,6,1,6,214,213,219,213,122.83,113.5,103.33
29,40.93,129.6,219.2,4,2,5,128,219,131,220,232.6,251.0,239.6
29,40.93,148.8,219.6,3,2,5,148,219,150,220,229.4,241.4,224.2
29,40.93,167.83,219.33,4,2,6,166,219,169,220,241.67,255.0,233.17
29,40.93,177.83,219.33,4,2,6,176,219,179,220,237.83,250.83,231.0
29,40.93,188.83,219.33,4,2,6,187,219,190,220,239.33,254.17,233.33
29,40.93,198.0,219.25,6,2,8,195,219,200,220,233.38,246.62,224.25
30,40.97,40.4,49.2,2,3,5,40,48,41,50,170.6,150.4,141.0
30,40.97,30.5,52.12,4,6,16,29,49,32,54,202.25,187.12,179.0
30,40.97,26.8,51.2,2,4,5,26,50,27,53,213.6,96.6,109.4
30,40.97,97.4,51.2,2,3,5,97,50,98,52,173.0,143.0,140.4
30,40.97,101.6,51.2,2,3,5,101,50,102,52,171.2,141.2,138.8
30,40.97,105.5,51.0,2,3,6,105,50,106,52,171.5,142.67,142.5
30,40.97,109.6,51.2,2,3,5,109,50,110,52,173.0,143.0,140.4
30,40.97,113.5,51.0,2,3,6,113,50,114,52,176.5,141.83,142.83
30,40.97,117.4,51.2,2,3,5,117,50,118,52,177.2,140.8,139.4
30,40.97,23.57,52.29,2,4,7,23,51,24,54,246.86,233.57,236.71
30,40.97,47.22,53.22,5,3,9,45,52,49,54,222.67,211.44,202.22
30,40.97,38.14,99.48,15,5,29,31,98,45,102,207.83,195.86,226.69
30,40.97,60.8,105.2,3,3,5,60,104,62,106,213.6,203.8,222.0
30,40.97,183.08,111.02,25,17,202,173,104,197,120,220.43,149.32,87.86
30,40.97,38.5,108.0,14,1,14,32,108,45,108,207.93,203.79,222.0
30,40.97,44.0,111.0,5,1,5,42,111,46,111,208.2,204.2,221.0
30,40.97,66.6,113.8,2,3,5,66,113,67,115,207.0,209.0,225.6
30,40.97,178.2,120.67,6,4,15,176,119,181,122,213.13,127.4,117.07
30,40.97,168.2,137.4,3,2,5,167,137,169,138,219.0,189.2,232.6
30,40.97,196.91,137.91,5,3,11,195,137,199,139,205.55,166.09,190.82
30,40.97,172.82,140.09,6,3,11,170,139,175,141,192.82,152.27,160.55
30,40.97,201.6,141.2,4,3,10,200,140,203,142,175.8,134.3,149.6
30,40.97,169.73,145.0,4,4,11,168,143,171,146,179.09,131.36,133.27
30,40.97,175.18,159.45,4,4,11,174,158,177,161,136.45,205.36,97.0
30,40.97,40.5,185.0,2,3,6,40,184,41,186,183.33,227.67,125.5
30,40.97,27.96,188.23,8,5,26,24,186,31,190,174.69,189.96,98.0
30,40.97,36.43,188.09,6,5,23,34,186,39,190,183.61,187.52,95.43
30,40.97,12.5,193.0,6,1,6,10,193,15,193,129.17,187.17,108.5
30,40.97,21.5,202.5,2,4,8,21,201,22,204,200.38,56.12,70.75
30,40.97,24.38,202.62,2,5,8,24,201,25,205,208.0,65.12,75.0
30,40.97,283.71,206.5,8,4,28,280,205,287,208,163.61,137.96,20.86
30,40.97,176.5,213.0,6,1,6,174,213,179,213,122.0,107.67,97.0
30,40.97,216.5,213.0,6,1,6,214,213,219,213,122.83,113.5,103.33
30,40.97,129.6,219.2,4,2,5,128,219,131,220,232.6,251.0,239.6
30,40.97,148.8,219.6,3,2,5,148,219,150,220,229.4,241.4,224.2
30,40.97,167.83,219.33,4,2,6,166,219,169,220,241.67,255.0,233.17
30,40.97,177.83,219.33,4,2,6,176,219,179,220,237.83,250.83,231.0
30,40.97,188.83,219.33,4,2,6,187,219,190,220,239.33,254.17,233.33
30,40.97,198.0,219.25,6,2,8,195,219,200,220,233.38,246.62,224.25
31,41.0,40.4,49.2,2,3,5,40,48,41,50,170.6,150.4,141.0
31,41.0,30.5,52.12,4,6,16,29,49,32,54,202.25,187.12,179.0
31,41.0,26.8,51.2,2,4,5,26,50,27,53,213.6,96.6,109.4
31,41.0,97.4,51.2,2,3,5,97,50,98,52,173.0,143.0,140.4
31,41.0,101.6,51.2,2,3,5,101,50,102,52,171.2,141.2,138.8
31,41.0,105.5,51.0,2,3,6,105,50,106,52,171.5,142.67,142.5
31,41.0,109.6,51.2,2,3,5,109,50,110,52,173.0,143.0,140.4
31,41.0,113.5,51.0,2,3,6,113,50,114,52,176.5,141.83,142.83
31,41.0,117.4,51.2,2,3,5,117,50,118,52,177.2,140.8,139.4
31,41.0,23.57,52.29,2,4,7,23,51,24,54,246.86,233.57,236.71
31,41.0,47.22,53.22,5,3,9,45,52,49,54,222.67,211.44,202.22
31,41.0,24.88,93.19,14,2,16,19,93,32,94,209.38,201.94,218.25
31,41.0,18.78,103.89,8,2,9,15,103,22,104,208.89,206.22,213.33
31,41.0,38.23,103.54,9,2,13,34,103,42,104,205.77,203.62,208.46
31,41.0,183.08,111.02,25,17,202,173,104,197,120,220.43,149.31,87.86
31,41.0,53.4,110.2,2,3,5,53,109,54,111,207.2,209.4,212.8
31,41.0,178.2,120.67,6,4,15,176,119,181,122,213.13,127.4,117.07
31,41.0,167.64,136.57,9,3,14,163,136,171,138,210.43,193.07,199.93
31,41.0,196.91,137.91,5,3,11,195,137,199,139,204.91,166.18,192.18
31,41.0,173.0,139.85,6,4,13,170,138,175,141,202.54,155.38,168.77
31,41.0,201.14,141.43,4,3,7,200,140,203,142,158.29,119.43,135.86
31,41.0,169.41,144.59,4,6,17,168,142,171,147,166.53,131.76,125.65
31,41.0,206.58,156.75,6,5,12,204,155,209,159,138.58,218.25,90.83
31,41.0,27.56,188.22,8,5,27,24,186,31,190,180.07,199.67,101.89
31,41.0,36.44,187.78,6,5,27,34,186,39,190,174.93,193.3,92.0
31,41.0,267.7,189.2,4,3,10,266,188,269,190,147.1,232.0,126.5
31,41.0,12.0,193.0,5,1,5,10,193,14,193,138.6,196.2,117.2
31,41.0,21.5,202.5,2,4,8,21,201,22,204,200.38,56.12,70.75
31,41.0,24.38,202.62,2,5,8,24,201,25,205,208.0,65.12,75.0
31,41.0,283.71,206.5,8,4,28,280,205,287,208,163.61,137.96,20.86
31,41.0,176.5,213.0,6,1,6,174,213,179,213,122.0,107.67,97.0
31,41.0,216.5,213.0,6,1,6,214,213,219,213,122.83,113.5,103.33
31,41.0,129.6,219.2,4,2,5,128,219,131,220,232.6,251.0,239.6
31,41.0,148.8,219.6,3,2,5,148,219,150,220,229.4,241.4,224.2
31,41.0,167.83,219.33,4,2,6,166,219,169,220,241.67,255.0,233.17
31,41.0,177.83,219.33,4,2,6,176,219,179,220,237.83,250.83,231.0
31,41.0,188.83,219.33,4,2,6,187,219,190,220,239.33,254.17,233.33
31,41.0,198.0,219.25,6,2,8,195,219,200,220,233.38,246.62,224.25
32,41.03,40.4,49.2,2,3,5,40,48,41,50,170.6,150.4,141.0
32,41.03,30.5,52.12,4,6,16,29,49,32,54,202.25,187.12,179.0
32,41.03,26.8,51.2,2,4,5,26,50,27,53,213.6,96.6,109.4
32,41.03,97.4,51.2,2,3,5,97,50,98,52,173.0,143.0,140.4
32,41.03,101.6,51.2,2,3,5,101,50,102,52,171.2,141.2,138.8
32,41.03,105.5,51.0,2,3,6,105,50,106,52,171.5,142.67,142.5
32,41.03,109.6,51.2,2,3,5,109,50,110,52,173.0,143.0,140.4
32,41.03,113.5,51.0,2,3,6,113,50,114,52,176.5,141.83,142.83
32,41.03,117.4,51.2,2,3,5,117,50,118,52,177.2,140.8,139.4
32,41.03,23.57,52.29,2,4,7,23,51,24,54,246.86,233.57,236.71
32,41.03,47.22,53.22,5,3,9,45,52,49,54,222.67,211.44,202.22
32,41.03,19.86,91.38,16,3,21,13,91,28,93,208.9,196.38,220.9
32,41.03,9.44,95.11,4,3,9,8,94,11,96,211.0,201.22,208.22
32,41.03,21.5,102.0,6,1,6,19,102,24,102,205.0,203.0,207.0
32,41.03,32.0,102.5,11,2,12,27,102,37,103,205.67,203.67,208.5
32,41.03,13.0,103.0,5,1,5,11,103,15,103,209.0,204.8,214.4
32,41.03,183.0,110.98,25,17,204,173,104,197,120,220.06,149.27,88.62
32,41.03,25.0,106.0,5,1,5,23,106,27,106,205.0,203.0,208.0
32,41.03,48.0,109.0,4,3,6,46,108,49,110,206.5,211.33,213.17
32,41.03,178.2,120.67,6,4,15,176,119,181,122,213.13,127.4,117.07
32,41.03,167.0,134.77,6,3,13,164,134,169,136,210.85,183.85,199.85
32,41.03,197.0,137.67,5,3,9,195,137,199,139,216.44,175.78,205.22
32,41.03,173.15,139.54,5,4,13,171,138,175,141,197.0,150.46,163.08
32,41.03,201.14,141.43,4,3,7,200,140,203,142,158.29,119.43,135.86
32,41.03,169.31,144.44,4,5,16,168,142,171,146,170.88,131.81,126.75
32,41.03,206.71,153.57,5,2,7,205,153,209,154,138.86,221.29,79.43
32,41.03,173.43,160.43,2,6,7,173,158,174,163,130.43,193.0,82.43
32,41.03,198.4,159.2,2,3,5,198,158,199,160,135.4,118.4,80.6
32,41.03,27.56,188.22,8,5,27,24,186,31,190,180.07,199.67,101.89
32,41.03,36.44,187.78,6,5,27,34,186,39,190,174.93,193.3,92.0
32,41.03,267.7,189.2,4,3,10,266,188,269,190,147.1,232.0,126.5
32,41.03,12.0,193.0,5,1,5,10,193,14,193,138.6,196.2,117.2
32,41.03,21.5,202.5,2,4,8,21,201,22,204,200.38,56.12,70.75
32,41.03,24.38,202.62,2,5,8,24,201,25,205,208.0,65.12,75.0
32,41.03,283.71,206.5,8,4,28,280,205,287,208,163.61,137.96,20.86
32,41.03,176.5,213.0,6,1,6,174,213,179,213,122.0,107.67,97.0
32,41.03,216.5,213.0,6,1,6,214,213,219,213,122.83,113.5,103.33
32,41.03,129.6,219.2,4,2,5,128,219,131,220,232.6,251.0,239.6
32,41.03,148.8,219.6,3,2,5,148,219,150,220,229.4,241.4,224.2
32,41.03,167.83,219.33,4,2,6,166,219,169,220,241.67,255.0,233.17
32,41.03,177.83,219.33,4,2,6,176,219,179,220,237.83,250.83,231.0
32,41.03,188.83,219.33,4,2,6,187,219,190,220,239.33,254.17,233.33
32,41.03,198.0,219.25,6,2,8,195,219,200,220,233.38,246.62,224.25
33,41.07,40.4,49.2,2,3,5,40,48,41,50,170.6,150.4,141.0
33,41.07,30.5,52.12,4,6,16,29,49,32,54,202.25,187.12,179.0
33,41.07,26.8,51.2,2,4,5,26,50,27,53,213.6,96.6,109.4
33,41.07,97.4,51.2,2,3,5,97,50,98,52,173.0,143.0,140.4
33,41.07,101.6,51.2,2,3,5,101,50,102,52,171.2,141.2,138.8
33,41.07,105.5,51.0,2,3,6,105,50,106,52,171.5,142.67,142.5
33,41.07,109.6,51.2,2,3,5,109,50,110,52,173.0,143.0,140.4
33,41.07,113.5,51.0,2,3,6,113,50,114,52,176.5,141.83,142.83
33,41.07,117.4,51.2,2,3,5,117,50,118,52,177.2,140.8,139.4
33,41.07,23.57,52.29,2,4,7,23,51,24,54,246.86,233.57,236.71
33,41.07,47.22,53.22,5,3,9,45,52,49,54,222.67,211.44,202.22
33,41.07,8.43,86.24,18,3,21,1,86,18,88,212.48,196.29,223.52
33,41.07,23.08,97.77,10,2,13,18,97,27,98,206.08,203.77,208.54
33,41.07,6.5,98.0,14,1,14,0,98,13,98,211.14,207.93,213.0
33,41.07,8.5,101.0,8,1,8,5,101,12,101,209.12,207.12,211.25
33,41.07,36.33,104.33,6,2,9,34,104,39,105,206.44,204.89,209.0
33,41.07,183.0,110.98,25,17,204,173,104,197,120,220.05,149.26,88.65
33,41.07,29.33,106.0,4,3,6,28,105,31,107,209.17,206.67,207.5
33,41.07,178.2,120.67,6,4,15,176,119,181,122,213.07,127.27,116.93
33,41.07,165.17,133.33,4,2,6,164,133,167,134,214.33,186.17,206.17
33,41.07,197.0,137.67,5,3,9,195,137,199,139,216.44,175.78,205.22
33,41.07,172.0,140.2,3,3,5,171,139,173,141,174.4,130.0,150.4
33,41.07,201.14,141.43,4,3,7,200,140,203,142,158.29,119.43,135.86
33,41.07,169.73,145.0,4,4,11,168,143,171,146,179.09,132.27,137.36
33,41.07,195.58,154.92,7,3,12,193,154,199,156,131.75,218.58,73.58
33,41.07,174.14,163.57,5,2,7,172,163,176,164,129.43,186.0,99.14
33,41.07,204.0,166.0,5,1,5,202,166,206,166,127.0,176.8,102.8
33,41.07,27.56,188.22,8,5,27,24,186,31,190,179.78,199.44,101.59
33,41.07,36.28,187.92,6,5,25,34,186,39,190,170.76,181.24,85.68
33,41.07,267.7,189.2,4,3,10,266,188,269,190,147.1,232.0,126.5
33,41.07,12.0,193.0,5,1,5,10,193,14,193,138.6,196.2,117.2
33,41.07,21.5,202.5,2,4,8,21,201,22,204,200.38,56.12,70.75
33,41.07,24.38,202.62,2,5,8,24,201,25,205,208.0,65.12,75.0
33,41.07,283.71,206.5,8,4,28,280,205,287,208,163.61,137.96,20.86
33,41.07,176.5,213.0,6,1,6,174,213,179,213,122.0,107.67,97.0
33,41.07,216.5,213.0,6,1,6,214,213,219,213,122.83,113.5,103.33
33,41.07,129.6,219.2,4,2,5,128,219,131,220,232.6,251.0,239.6
33,41.07,148.8,219.6,3,2,5,148,219,150,220,229.4,241.4,224.2
33,41.07,167.83,219.33,4,2,6,166,219,169,220,241.67,255.0,233.17
33,41.07,177.83,219.33,4,2,6,176,219,179,220,237.83,250.83,231.0
33,41.07,188.83,219.33,4,2,6,187,219,190,220,239.33,254.17,233.33
33,41.07,198.0,219.25,6,2,8,195,219,200,220,233.38,246.62,224.25
34,41.1,40.4,49.2,2,3,5,40,48,41,50,170.6,150.4,141.0
34,41.1,30.5,52.12,4,6,16,29,49,32,54,202.25,187.12,179.0
34,41.1,26.8,51.2,2,4,5,26,50,27,53,213.6,96.6,109.4
34,41.1,97.4,51.2,2,3,5,97,50,98,52,173.0,143.0,140.4
34,41.1,101.6,51.2,2,3,5,101,50,102,52,171.2,141.2,138.8
34,41.1,105.5,51.0,2,3,6,105,50,106,52,171.5,142.67,142.5
34,41.1,109.6,51.2,2,3,5,109,50,110,52,173.0,143.0,140.4
34,41.1,113.5,51.0,2,3,6,113,50,114,52,176.5,141.83,142.83
34,41.1,117.4,51.2,2,3,5,117,50,118,52,177.2,140.8,139.4
34,41.1,23.57,52.29,2,4,7,23,51,24,54,246.86,233.57,236.71
34,41.1,47.22,53.22,5,3,9,45,52,49,54,222.67,211.44,202.22
34,41.1,23.0,99.4,3,3,5,22,98,24,100,207.8,210.4,214.0
34,41.1,183.0,110.98,25,17,204,173,104,197,120,220.05,149.27,88.64
34,41.1,178.2,120.67,6,4,15,176,119,181,122,211.87,127.93,117.0
34,41.1,174.8,132.6,3,2,5,174,132,176,133,209.4,196.2,231.4
34,41.1,197.0,137.67,5,3,9,195,137,199,139,216.44,175.78,205.22
34,41.1,173.27,139.82,5,4,11,171,138,175,141,204.45,158.73,177.73
34,41.1,201.14,141.43,4,3,7,200,140,203,142,158.29,119.43,135.86
34,41.1,169.73,145.0,4,4,11,168,143,171,146,179.82,132.64,135.27
34,41.1,173.64,160.55,4,4,11,172,159,175,162,145.0,205.18,68.73
34,41.1,181.0,164.14,5,3,7,179,163,183,165,124.86,172.29,86.57
34,41.1,28.43,188.09,6,5,23,26,186,31,190,177.87,183.65,91.43
34,41.1,36.28,187.92,6,5,25,34,186,39,190,170.84,181.28,85.76
34,41.1,267.7,189.2,4,3,10,266,188,269,190,147.1,232.0,126.5
34,41.1,12.0,193.0,5,1,5,10,193,14,193,138.6,196.2,117.2
34,41.1,21.5,202.5,2,4,8,21,201,22,204,200.38,56.12,70.75
34,41.1,24.38,202.62,2,5,8,24,201,25,205,208.0,65.12,75.0
34,41.1,283.71,206.5,8,4,28,280,205,287,208,163.61,137.96,20.86
34,41.1,176.5,213.0,6,1,6,174,213,179,213,122.0,107.67,97.0
34,41.1,216.5,213.0,6,1,6,214,213,219,213,122.83,113.5,103.33
34,41.1,129.6,219.2,4,2,5,128,219,131,220,232.6,251.0,239.6
34,41.1,148.8,219.6,3,2,5,148,219,150,220,229.4,241.4,224.2
34,41.1,167.83,219.33,4,2,6,166,219,169,220,241.67,255.0,233.17
34,41.1,177.83,219.33,4,2,6,176,219,179,220,237.83,250.83,231.0
34,41.1,188.83,219.33,4,2,6,187,219,190,220,239.33,254.17,233.33
34,41.1,198.0,219.25,6,2,8,195,219,200,220,233.38,246.62,224.25
35,41.13,40.4,49.2,2,3,5,40,48,41,50,170.6,150.4,141.0
35,41.13,30.5,52.12,4,6,16,29,49,32,54,202.25,187.12,179.0
35,41.13,26.8,51.2,2,4,5,26,50,27,53,213.6,96.6,109.4
35,41.13,97.4,51.2,2,3,5,97,50,98,52,173.0,143.0,140.4
35,41.13,101.6,51.2,2,3,5,101,50,102,52,171.2,141.2,138.8
35,41.13,105.5,51.0,2,3,6,105,50,106,52,171.5,142.67,142.5
35,41.13,109.6,51.2,2,3,5,109,50,110,52,173.0,143.0,140.4
35,41.13,113.5,51.0,2,3,6,113,50,114,52,176.5,141.83,142.83
35,41.13,117.4,51.2,2,3,5,117,50,118,52,177.2,140.8,139.4
35,41.13,23.57,52.29,2,4,7,23,51,24,54,246.86,233.57,236.71
35,41.13,47.22,53.22,5,3,9,45,52,49,54,222.67,211.44,202.22
35,41.13,2.62,88.5,5,3,8,0,87,4,89,206.38,203.25,219.5
35,41.13,5.0,99.0,5,1,5,3,99,7,99,208.4,206.8,220.0
35,41.13,183.0,110.98,25,17,204,173,104,197,120,220.05,149.26,88.65
35,41.13,178.2,120.67,6,4,15,176,119,181,122,213.07,127.27,116.93
35,41.13,174.8,132.6,3,2,5,174,132,176,133,209.4,196.2,231.4
35,41.13,197.0,137.67,5,3,9,195,137,199,139,216.44,175.78,205.22
35,41.13,173.27,139.82,5,4,11,171,138,175,141,204.45,158.73,177.73
35,41.13,201.14,141.43,4,3,7,200,140,203,142,158.29,119.43,135.86
35,41.13,169.73,145.0,4,4,11,168,143,171,146,179.82,132.91,134.64
35,41.13,211.43,154.43,6,2,7,209,154,214,155,128.71,222.86,91.29
35,41.13,160.0,158.0,5,1,5,158,158,162,158,124.4,218.0,105.8
35,41.13,173.0,160.5,3,4,10,172,159,174,162,144.8,203.8,101.8
35,41.13,192.6,161.8,2,3,5,192,161,193,163,136.8,87.8,64.0
35,41.13,173.17,164.33,4,2,6,172,164,175,165,133.33,193.17,93.5
35,41.13,28.43,188.09,6,5,23,26,186,31,190,177.57,183.22,91.0
35,41.13,36.5,188.17,6,5,24,34,186,39,190,167.21,169.79,81.21
35,41.13,267.7,189.2,4,3,10,266,188,269,190,142.5,227.4,122.0
35,41.13,12.0,193.0,5,1,5,10,193,14,193,138.6,196.2,117.2
35,41.13,21.5,202.5,2,4,8,21,201,22,204,200.38,56.12,70.75
35,41.13,24.38,202.62,2,5,8,24,201,25,205,208.0,65.12,75.0
35,41.13,283.71,206.5,8,4,28,280,205,287,208,163.61,137.96,20.86
35,41.13,176.5,213.0,6,1,6,174,213,179,213,122.0,107.67,97.0
35,41.13,216.5,213.0,6,1,6,214,213,219,213,122.83,113.5,103.33
35,41.13,129.6,219.2,4,2,5,128,219,131,220,232.6,251.0,239.6
35,41.13,148.8,219.6,3,2,5,148,219,150,220,229.4,241.4,224.2
35,41.13,167.83,219.33,4,2,6,166,219,169,220,241.67,255.0,233.17
35,41.13,177.83,219.33,4,2,6,176,219,179,220,237.83,250.83,231.0
35,41.13,188.83,219.33,4,2,6,187,219,190,220,239.33,254.17,233.33
35,41.13,198.0,219.25,6,2,8,195,219,200,220,233.38,246.62,224.25
36,41.17,40.4,49.2,2,3,5,40,48,41,50,170.6,150.4,141.0
36,41.17,30.5,52.12,4,6,16,29,49,32,54,202.25,187.12,179.0
36,41.17,26.8,51.2,2,4,5,26,50,27,53,213.6,96.6,109.4
36,41.17,97.4,51.2,2,3,5,97,50,98,52,173.0,143.0,140.4
36,41.17,101.6,51.2,2,3,5,101,50,102,52,171.2,141.2,138.8
36,41.17,105.5,51.0,2,3,6,105,50,106,52,171.5,142.67,142.5
36,41.17,109.6,51.2,2,3,5,109,50,110,52,173.0,143.0,140.4
36,41.17,113.5,51.0,2,3,6,113,50,114,52,176.5,141.83,142.83
36,41.17,117.4,51.2,2,3,5,117,50,118,52,177.2,140.8,139.4
36,41.17,23.57,52.29,2,4,7,23,51,24,54,246.86,233.57,236.71
36,41.17,47.22,53.22,5,3,9,45,52,49,54,222.67,211.44,202.22
36,41.17,2.47,91.6,7,4,15,0,90,6,93,206.0,201.67,226.73
36,41.17,183.0,110.98,25,17,204,173,104,197,120,220.07,149.26,88.65
36,41.17,178.2,120.67,6,4,15,176,119,181,122,211.87,127.93,117.0
36,41.17,308.87,126.82,20,12,114,300,122,319,133,216.08,138.8,105.04
36,41.17,165.09,129.09,10,2,11,161,129,170,130,213.91,194.27,227.73
36,41.17,278.17,132.5,3,4,6,277,131,279,134,177.33,170.5,159.67
36,41.17,315.36,133.73,6,5,11,312,131,317,135,178.18,119.64,103.36
36,41.17,283.8,136.2,4,2,5,282,136,285,137,173.2,170.0,155.0
36,41.17,197.0,137.67,5,3,9,195,137,199,139,216.44,175.78,205.22
36,41.17,174.6,139.2,2,3,5,174,138,175,140,234.6,191.6,214.4
36,41.17,172.0,140.4,3,3,5,171,139,173,141,158.6,120.0,137.4
36,41.17,201.14,141.43,4,3,7,200,140,203,142,158.29,119.43,135.86
36,41.17,169.54,144.85,4,4,13,168,143,171,146,176.31,134.31,135.15
36,41.17,194.38,153.62,5,2,8,192,153,196,154,129.5,218.0,71.5
36,41.17,206.44,153.67,4,3,9,205,153,208,155,128.33,208.89,105.78
36,41.17,173.38,160.5,4,6,16,172,158,175,163,139.12,200.94,101.19
36,41.17,195.62,161.62,4,3,8,194,161,197,163,127.75,87.12,59.62
36,41.17,213.2,163.4,5,4,10,211,162,215,165,139.1,167.8,106.2
36,41.17,180.4,164.2,2,3,5,180,163,181,165,127.8,183.4,96.8
36,41.17,207.0,164.0,5,1,5,205,164,209,164,130.4,156.0,99.0
36,41.17,28.33,188.0,6,5,24,26,186,31,190,178.29,187.33,95.21
36,41.17,36.5,188.17,6,5,24,34,186,39,190,167.58,170.25,81.54
36,41.17,267.78,189.11,4,3,9,266,188,269,190,153.0,239.89,132.33
36,41.17,21.5,202.5,2,4,8,21,201,22,204,200.38,56.12,70.75
36,41.17,24.38,202.62,2,5,8,24,201,25,205,208.0,65.12,75.0
36,41.17,283.71,206.5,8,4,28,280,205,287,208,163.61,137.96,20.86
36,41.17,176.5,213.0,6,1,6,174,213,179,213,122.0,107.67,97.0
36,41.17,216.5,213.0,6,1,6,214,213,219,213,122.83,113.5,103.33
36,41.17,129.6,219.2,4,2,5,128,219,131,220,232.6,251.0,239.6
36,41.17,148.8,219.6,3,2,5,148,219,150,220,229.4,241.4,224.2
36,41.17,167.83,219.33,4,2,6,166,219,169,220,241.67,255.0,233.17
36,41.17,177.83,219.33,4,2,6,176,219,179,220,237.83,250.83,231.0
36,41.17,188.83,219.33,4,2,6,187,219,190,220,239.33,254.17,233.33
36,41.17,198.0,219.25,6,2,8,195,219,200,220,233.38,246.62,224.25
37,41.2,40.4,49.2,2,3,5,40,48,41,50,170.6,150.4,141.0
37,41.2,30.5,52.12,4,6,16,29,49,32,54,202.25,187.12,179.0
37,41.2,26.8,51.2,2,4,5,26,50,27,53,213.6,96.6,109.4
37,41.2,97.4,51.2,2,3,5,97,50,98,52,173.0,143.0,140.4
37,41.2,101.6,51.2,2,3,5,101,50,102,52,171.2,141.2,138.8
37,41.2,105.5,51.0,2,3,6,105,50,106,52,171.5,142.67,142.5
37,41.2,109.6,51.2,2,3,5,109,50,110,52,173.0,143.0,140.4
37,41.2,113.5,51.0,2,3,6,113,50,114,52,176.5,141.83,142.83
37,41.2,117.4,51.2,2,3,5,117,50,118,52,177.2,140.8,139.4
37,41.2,23.57,52.29,2,4,7,23,51,24,54,246.86,233.57,236.71
37,41.2,47.22,53.22,5,3,9,45,52,49,54,222.67,211.44,202.22
37,41.2,183.0,110.98,25,17,204,173,104,197,120,220.05,149.26,88.65
37,41.2,178.2,120.67,6,4,15,176,119,181,122,213.07,127.2,116.87
37,41.2,282.56,129.81,18,14,120,274,124,291,137,218.73,141.31,101.81
37,41.2,159.81,127.5,11,2,16,155,127,165,128,212.06,193.88,234.69
37,41.2,269.85,132.15,8,9,27,268,128,275,136,187.7,124.96,119.56
37,41.2,167.82,131.0,9,3,11,164,130,172,132,209.91,203.18,249.55
37,41.2,196.91,137.91,5,3,11,195,137,199,139,204.91,166.18,192.18
37,41.2,173.57,139.57,4,2,7,172,139,175,140,217.57,167.29,194.29
37,41.2,201.14,141.43,4,3,7,200,140,203,142,158.29,119.43,135.86
37,41.2,169.54,144.85,4,4,13,168,143,171,146,175.15,133.15,137.15
37,41.2,193.14,154.29,3,3,7,192,153,194,155,133.71,225.14,87.86
37,41.2,207.57,153.57,4,2,7,206,153,209,154,125.14,207.14,100.43
37,41.2,173.43,160.86,4,5,14,172,159,175,163,136.14,195.5,102.5
37,41.2,233.2,159.8,4,2,5,232,159,235,160,137.6,203.0,113.4
37,41.2,196.8,162.4,3,2,5,196,162,198,163,127.2,77.6,56.8
37,41.2,213.67,165.17,3,3,6,213,164,215,166,142.33,189.83,117.0
37,41.2,217.8,164.4,3,2,5,217,164,219,165,142.4,195.4,121.6
37,41.2,28.28,187.92,6,5,25,26,186,31,190,176.16,188.24,94.92
37,41.2,36.5,188.17,6,5,24,34,186,39,190,167.0,169.46,81.0
37,41.2,267.7,189.2,4,3,10,266,188,269,190,153.7,238.9,133.3
37,41.2,21.5,202.5,2,4,8,21,201,22,204,200.38,56.12,70.75
37,41.2,24.38,202.62,2,5,8,24,201,25,205,208.0,65.12,75.0
37,41.2,283.71,206.5,8,4,28,280,205,287,208,163.61,137.96,20.86
37,41.2,176.5,213.0,6,1,6,174,213,179,213,122.0,107.67,97.0
37,41.2,216.5,213.0,6,1,6,214,213,219,213,122.83,113.5,103.33
37,41.2,129.6,219.2,4,2,5,128,219,131,220,232.6,251.0,239.6
37,41.2,148.8,219.6,3,2,5,148,219,150,220,229.4,241.4,224.2
37,41.2,167.83,219.33,4,2,6,166,219,169,220,241.67,255.0,233.17
37,41.2,177.83,219.33,4,2,6,176,219,179,220,237.83,250.83,231.0
37,41.2,188.83,219.33,4,2,6,187,219,190,220,239.33,254.17,233.33
37,41.2,198.0,219.25,6,2,8,195,219,200,220,233.38,246.62,224.25
38,41.23,40.4,49.2,2,3,5,40,48,41,50,170.6,150.4,141.0
38,41.23,30.5,52.12,4,6,16,29,49,32,54,202.25,187.12,179.0
38,41.23,26.8,51.2,2,4,5,26,50,27,53,213.6,96.6,109.4
38,41.23,97.4,51.2,2,3,5,97,50,98,52,173.0,143.0,140.4
38,41.23,101.6,51.2,2,3,5,101,50,102,52,171.2,141.2,138.8
38,41.23,105.5,51.0,2,3,6,105,50,106,52,171.5,142.67,142.5
38,41.23,109.6,51.2,2,3,5,109,50,110,52,173.0,143.0,140.4
38,41.23,113.5,51.0,2,3,6,113,50,114,52,176.5,141.83,142.83
38,41.23,117.4,51.2,2,3,5,117,50,118,52,177.2,140.8,139.4
38,41.23,23.57,52.29,2,4,7,23,51,24,54,246.86,233.57,236.71
38,41.23,47.22,53.22,5,3,9,45,52,49,54,222.67,211.44,202.22
38,41.23,183.0,110.98,25,17,204,173,104,197,120,220.06,149.27,88.62
38,41.23,178.2,120.67,6,4,15,176,119,181,122,213.13,127.4,117.07
38,41.23,264.46,130.4,18,13,115,256,125,273,137,216.7,146.44,104.3
38,41.23,243.6,127.87,8,4,15,240,126,247,129,210.33,235.33,234.87
38,41.23,159.77,127.23,10,2,13,155,127,164,128,213.69,193.15,237.38
38,41.23,250.5,130.12,2,5,8,250,128,251,132,209.38,151.12,161.88
38,41.23,167.67,130.67,6,2,9,165,130,170,131,206.89,201.67,248.67
38,41.23,253.58,135.17,6,4,12,252,133,257,136,199.58,130.5,130.0
38,41.23,197.0,137.67,5,3,9,195,137,199,139,216.44,175.78,205.22
38,41.23,173.75,139.38,4,3,8,172,138,175,140,220.88,169.75,201.0
38,41.23,201.14,141.43,4,3,7,200,140,203,142,158.29,119.43,135.86
38,41.23,169.54,144.85,4,4,13,168,143,171,146,175.15,133.15,137.15
38,41.23,165.4,150.4,4,2,5,164,150,167,151,215.6,194.4,246.0
38,41.23,194.12,154.5,3,4,8,193,153,195,156,132.62,226.38,85.25
38,41.23,227.56,154.89,4,3,9,226,154,229,156,136.0,210.44,91.78
38,41.23,217.17,155.67,4,2,6,216,155,219,156,137.67,236.33,105.5
38,41.23,172.43,161.67,6,7,21,170,159,175,165,144.33,200.48,108.67
38,41.23,197.71,163.57,4,2,7,196,163,199,164,133.71,76.29,57.0
38,41.23,192.5,166.0,2,3,6,192,165,193,167,127.33,102.33,65.5
38,41.23,180.5,170.0,6,1,6,178,170,183,170,142.67,205.0,120.0
38,41.23,28.28,187.92,6,5,25,26,186,31,190,176.16,188.24,94.92
38,41.23,36.5,188.36,6,4,22,34,187,39,190,170.64,165.95,81.41
38,41.23,267.7,189.2,4,3,10,266,188,269,190,153.7,238.9,133.3
38,41.23,21.5,202.5,2,4,8,21,201,22,204,200.38,56.12,70.75
38,41.23,24.38,202.62,2,5,8,24,201,25,205,208.0,65.12,75.0
38,41.23,283.71,206.5,8,4,28,280,205,287,208,163.61,137.96,20.86
38,41.23,176.5,213.0,6,1,6,174,213,179,213,122.0,107.67,97.0
38,41.23,216.5,213.0,6,1,6,214,213,219,213,122.83,113.5,103.33
38,41.23,129.6,219.2,4,2,5,128,219,131,220,232.6,251.0,239.6
38,41.23,148.8,219.6,3,2,5,148,219,150,220,229.4,241.4,224.2
38,41.23,167.83,219.33,4,2,6,166,219,169,220,241.67,255.0,233.17
38,41.23,177.83,219.33,4,2,6,176,219,179,220,237.83,250.83,231.0
38,41.23,188.83,219.33,4,2,6,187,219,190,220,239.33,254.17,233.33
38,41.23,198.0,219.25,6,2,8,195,219,200,220,233.38,246.62,224.25
39,41.27,40.4,49.2,2,3,5,40,48,41,50,170.6,150.4,141.0
39,41.27,30.5,52.12,4,6,16,29,49,32,54,202.25,187.12,179.0
39,41.27,26.8,51.2,2,4,5,26,50,27,53,213.6,96.6,109.4
39,41.27,97.4,51.2,2,3,5,97,50,98,52,173.0,143.0,140.4
39,41.27,101.6,51.2,2,3,5,101,50,102,52,171.2,141.2,138.8
39,41.27,105.5,51.0,2,3,6,105,50,106,52,171.5,142.67,142.5
39,41.27,109.6,51.2,2,3,5,109,50,110,52,173.0,143.0,140.4
39,41.27,113.5,51.0,2,3,6,113,50,114,52,176.5,141.83,142.83
39,41.27,117.4,51.2,2,3,5,117,50,118,52,177.2,140.8,139.4
39,41.27,23.57,52.29,2,4,7,23,51,24,54,246.86,233.57,236.71
39,41.27,47.22,53.22,5,3,9,45,52,49,54,222.67,211.44,202.22
39,41.27,183.09,110.82,25,16,200,173,104,197,119,219.69,148.29,86.62
39,41.27,178.29,120.64,6,4,14,176,119,181,122,212.0,122.86,120.07
39,41.27,157.36,124.29,11,2,14,153,124,163,125,215.21,192.86,243.07
39,41.27,168.17,128.08,8,3,12,165,127,172,129,208.33,198.67,244.75
39,41.27,239.0,128.4,3,2,5,238,128,240,129,207.0,234.0,239.8
39,41.27,253.82,132.55,23,11,121,242,128,264,138,214.54,142.33,111.76
39,41.27,279.57,135.57,4,4,7,278,134,281,137,219.86,197.29,234.29
39,41.27,197.0,137.67,5,3,9,195,137,199,139,216.44,175.78,205.22
39,41.27,172.82,140.09,6,3,11,170,139,175,141,195.73,149.09,167.45
39,41.27,201.14,141.43,4,3,7,200,140,203,142,158.29,119.43,135.86
39,41.27,169.5,144.71,4,4,14,168,143,171,146,175.0,130.43,134.43
39,41.27,207.85,153.55,9,4,20,204,152,212,155,135.3,215.5,104.8
39,41.27,226.29,154.29,5,2,7,224,154,228,155,141.29,217.71,105.71
39,41.27,171.71,160.29,6,7,24,169,157,174,163,146.04,207.38,105.04
39,41.27,167.17,159.33,4,2,6,166,159,169,160,133.5,213.33,112.83
39,41.27,227.29,161.43,4,3,7,226,160,229,162,135.29,139.0,93.14
39,41.27,171.33,166.33,4,3,9,170,165,173,167,126.67,187.22,75.11
39,41.27,192.6,167.0,2,3,5,192,166,193,168,125.8,137.6,53.4
39,41.27,28.43,188.09,6,5,23,26,186,31,190,177.61,183.35,91.17
39,41.27,36.5,188.36,6,4,22,34,187,39,190,170.86,166.23,81.59
39,41.27,267.7,189.2,4,3,10,266,188,269,190,149.9,234.8,129.3
39,41.27,21.5,202.5,2,4,8,21,201,22,204,200.38,56.12,70.75
39,41.27,24.38,202.62,2,5,8,24,201,25,205,208.0,65.12,75.0
39,41.27,283.71,206.5,8,4,28,280,205,287,208,163.61,137.96,20.86
39,41.27,176.5,213.0,6,1,6,174,213,179,213,122.0,107.67,97.0
39,41.27,216.5,213.0,6,1,6,214,213,219,213,122.83,113.5,103.33
39,41.27,129.6,219.2,4,2,5,128,219,131,220,232.6,251.0,239.6
39,41.27,148.8,219.6,3,2,5,148,219,150,220,229.4,241.4,224.2
39,41.27,167.83,219.33,4,2,6,166,219,169,220,241.67,255.0,233.17
39,41.27,177.83,219.33,4,2,6,176,219,179,220,237.83,250.83,231.0
39,41.27,188.83,219.33,4,2,6,187,219,190,220,239.33,254.17,233.33
39,41.27,198.0,219.25,6,2,8,195,219,200,220,233.38,246.62,224.25
40,41.3,40.4,49.2,2,3,5,40,48,41,50,170.6,150.4,141.0
40,41.3,30.5,52.12,4,6,16,29,49,32,54,202.25,187.12,179.0
40,41.3,26.8,51.2,2,4,5,26,50,27,53,213.6,96.6,109.4
40,41.3,97.4,51.2,2,3,5,97,50,98,52,173.0,143.0,140.4
40,41.3,101.6,51.2,2,3,5,101,50,102,52,171.2,141.2,138.8
40,41.3,105.5,51.0,2,3,6,105,50,106,52,171.5,142.67,142.5
40,41.3,109.6,51.2,2,3,5,109,50,110,52,173.0,143.0,140.4
40,41.3,113.5,51.0,2,3,6,113,50,114,52,176.5,141.83,142.83
40,41.3,117.4,51.2,2,3,5,117,50,118,52,177.2,140.8,139.4
40,41.3,23.57,52.29,2,4,7,23,51,24,54,246.86,233.57,236.71
40,41.3,47.22,53.22,5,3,9,45,52,49,54,222.67,211.44,202.22
40,41.3,183.09,110.82,25,16,200,173,104,197,119,219.69,148.32,86.72
40,41.3,178.29,120.64,6,4,14,176,119,181,122,212.5,123.43,121.86
40,41.3,159.11,122.37,11,4,19,154,121,164,124,210.89,195.0,233.68
40,41.3,168.0,126.5,3,2,6,167,126,169,127,206.5,202.33,246.0
40,41.3,236.8,130.1,3,5,10,236,128,238,132,211.1,150.6,157.7
40,41.3,246.72,130.72,12,8,50,242,128,253,135,208.68,131.02,76.0
40,41.3,254.89,132.11,3,6,9,254,130,256,135,231.67,197.0,207.44
40,41.3,197.0,137.67,5,3,9,195,137,199,139,216.44,175.78,205.22
40,41.3,172.82,140.09,6,3,11,170,139,175,141,195.91,149.27,159.36
40,41.3,201.14,141.43,4,3,7,200,140,203,142,158.29,119.43,135.86
40,41.3,169.4,144.6,4,4,15,168,143,171,146,172.13,128.93,131.2
40,41.3,197.8,152.2,4,2,5,196,152,199,153,135.4,226.0,99.8
40,41.3,206.75,153.5,4,4,8,205,152,208,155,127.62,218.5,101.38
40,41.3,222.0,152.5,3,2,6,221,152,223,153,136.67,218.0,87.5
40,41.3,211.75,153.75,5,3,8,210,153,214,155,130.25,219.38,100.88
40,41.3,224.11,154.78,4,4,9,222,153,225,156,134.33,221.56,93.89
40,41.3,231.5,155.88,4,3,8,230,155,233,157,136.38,213.88,69.38
40,41.3,171.78,160.43,7,7,23,169,158,175,164,146.52,213.39,105.04
40,41.3,183.6,166.4,4,2,5,182,166,185,167,133.6,183.2,98.2
40,41.3,172.0,167.5,3,2,6,171,167,173,168,130.33,179.67,75.67
40,41.3,179.2,167.8,4,2,5,178,167,181,168,127.8,182.8,105.0
40,41.3,219.4,167.8,4,2,5,218,167,221,168,144.8,191.6,120.4
40,41.3,57.0,185.5,3,2,6,56,185,58,186,135.17,210.5,110.17
40,41.3,28.43,188.09,6,5,23,26,186,31,190,177.61,183.26,91.04
40,41.3,36.5,188.36,6,4,22,34,187,39,190,167.77,166.32,82.91
40,41.3,21.5,202.5,2,4,8,21,201,22,204,200.38,56.12,70.75
40,41.3,24.38,202.62,2,5,8,24,201,25,205,208.0,65.12,75.0
40,41.3,283.71,206.5,8,4,28,280,205,287,208,163.61,137.96,20.86
40,41.3,176.5,213.0,6,1,6,174,213,179,213,121.83,107.33,96.83
40,41.3,216.5,213.0,6,1,6,214,213,219,213,122.83,113.5,103.33
40,41.3,129.6,219.2,4,2,5,128,219,131,220,232.6,251.0,239.6
40,41.3,148.8,219.6,3,2,5,148,219,150,220,229.4,241.4,224.2
40,41.3,167.83,219.33,4,2,6,166,219,169,220,241.67,255.0,233.17
40,41.3,177.83,219.33,4,2,6,176,219,179,220,237.83,250.83,231.0
40,41.3,188.83,219.33,4,2,6,187,219,190,220,239.33,254.17,233.33
40,41.3,198.0,219.25,6,2,8,195,219,200,220,233.38,246.62,224.25
41,41.33,40.4,49.2,2,3,5,40,48,41,50,170.6,150.4,141.0
41,41.33,30.5,52.12,4,6,16,29,49,32,54,202.25,187.12,179.0
41,41.33,26.8,51.2,2,4,5,26,50,27,53,213.6,96.6,109.4
41,41.33,97.4,51.2,2,3,5,97,50,98,52,173.0,143.0,140.4
41,41.33,101.6,51.2,2,3,5,101,50,102,52,171.2,141.2,138.8
41,41.33,105.5,51.0,2,3,6,105,50,106,52,171.5,142.67,142.5
41,41.33,109.6,51.2,2,3,5,109,50,110,52,173.0,143.0,140.4
41,41.33,113.5,51.0,2,3,6,113,50,114,52,176.5,141.83,142.83
41,41.33,117.4,51.2,2,3,5,117,50,118,52,177.2,140.8,139.4
41,41.33,23.57,52.29,2,4,7,23,51,24,54,246.86,233.57,236.71
41,41.33,47.22,53.22,5,3,9,45,52,49,54,222.67,211.44,202.22
41,41.33,183.09,110.82,25,16,200,173,104,197,119,219.58,148.27,86.47
41,41.33,155.5,119.67,8,2,12,152,119,159,120,211.08,197.58,241.33
41,41.33,178.29,120.64,6,4,14,176,119,181,122,212.0,122.86,121.29
41,41.33,169.0,124.0,7,1,7,166,124,172,124,208.0,199.71,249.29
41,41.33,171.89,128.44,5,2,9,170,128,174,129,209.67,206.33,238.22
41,41.33,237.06,131.83,14,9,72,230,129,243,137,199.85,140.11,100.33
41,41.33,226.5,133.0,2,3,6,226,132,227,134,169.0,127.17,125.17
41,41.33,242.91,136.74,8,8,23,238,132,245,139,206.57,170.39,178.04
41,41.33,197.0,137.67,5,3,9,195,137,199,139,216.44,175.78,205.22
41,41.33,231.17,138.67,4,2,6,230,138,233,139,180.17,145.17,147.67
41,41.33,172.82,140.09,6,3,11,170,139,175,141,196.27,148.73,160.27
41,41.33,201.14,141.43,4,3,7,200,140,203,142,158.29,119.43,135.86
41,41.33,169.54,144.85,4,4,13,168,143,171,146,173.08,126.31,128.15
41,41.33,93.5,149.0,6,1,6,91,149,96,149,215.0,205.33,247.17
41,41.33,197.62,153.29,8,6,21,194,151,201,156,136.67,215.0,96.86
41,41.33,208.14,153.14,3,4,7,207,152,209,155,140.57,222.43,119.43
41,41.33,213.14,154.07,5,5,14,211,152,215,156,129.14,218.0,95.79
41,41.33,221.14,152.86,4,3,7,220,152,223,154,134.29,216.14,87.29
41,41.33,228.68,154.77,15,3,22,222,154,236,156,137.36,219.59,90.77
41,41.33,170.61,161.09,6,8,23,168,158,173,165,138.83,206.65,102.65
41,41.33,169.5,167.0,4,3,8,168,166,171,168,134.12,195.25,91.75
41,41.33,182.44,166.89,4,3,9,181,166,184,168,127.0,182.33,81.44
41,41.33,220.0,168.17,3,3,6,219,167,221,169,136.5,185.83,116.33
41,41.33,180.5,172.0,6,1,6,178,172,183,172,143.0,198.83,120.17
41,41.33,15.0,178.0,5,1,5,13,178,17,178,133.0,214.6,100.2
41,41.33,28.32,188.18,6,5,22,26,186,31,190,156.0,172.14,78.55
41,41.33,36.21,188.42,6,4,19,34,187,39,190,170.53,169.37,79.89
41,41.33,12.5,193.0,6,1,6,10,193,15,193,129.67,187.33,109.0
41,41.33,21.5,202.5,2,4,8,21,201,22,204,200.38,56.12,70.75
41,41.33,24.38,202.62,2,5,8,24,201,25,205,208.0,65.12,75.0
41,41.33,283.71,206.5,8,4,28,280,205,287,208,163.61,137.96,20.86
41,41.33,176.5,213.0,6,1,6,174,213,179,213,122.0,107.67,97.0
41,41.33,216.5,213.0,6,1,6,214,213,219,213,122.83,113.5,103.33
41,41.33,129.6,219.2,4,2,5,128,219,131,220,232.6,251.0,239.6
41,41.33,148.8,219.6,3,2,5,148,219,150,220,229.4,241.4,224.2
41,41.33,167.83,219.33,4,2,6,166,219,169,220,241.67,255.0,233.17
41,41.33,177.83,219.33,4,2,6,176,219,179,220,237.83,250.83,231.0
41,41.33,188.83,219.33,4,2,6,187,219,190,220,239.33,254.17,233.33
41,41.33,198.0,219.25,6,2,8,195,219,200,220,233.38,246.62,224.25
42,41.37,40.4,49.2,2,3,5,40,48,41,50,170.6,150.4,141.0
42,41.37,30.5,52.12,4,6,16,29,49,32,54,202.25,187.12,179.0
42,41.37,26.8,51.2,2,4,5,26,50,27,53,213.6,96.6,109.4
42,41.37,97.4,51.2,2,3,5,97,50,98,52,173.0,143.0,140.4
42,41.37,101.6,51.2,2,3,5,101,50,102,52,171.2,141.2,138.8
42,41.37,105.5,51.0,2,3,6,105,50,106,52,171.5,142.67,142.5
42,41.37,109.6,51.2,2,3,5,109,50,110,52,173.0,143.0,140.4
42,41.37,113.5,51.0,2,3,6,113,50,114,52,176.5,141.83,142.83
42,41.37,117.4,51.2,2,3,5,117,50,118,52,177.2,140.8,139.4
42,41.37,23.57,52.29,2,4,7,23,51,24,54,246.86,233.57,236.71
42,41.37,47.22,53.22,5,3,9,45,52,49,54,222.67,211.44,202.22
42,41.37,182.61,111.59,25,19,218,173,104,197,122,218.91,146.84,90.54
42,41.37,155.5,117.75,12,2,16,150,117,161,118,209.69,197.06,244.94
42,41.37,170.2,126.8,4,2,5,169,126,172,127,213.0,214.8,254.4
42,41.37,233.4,131.63,12,9,67,228,128,239,136,200.75,150.66,123.36
42,41.37,223.82,133.91,4,8,11,222,130,225,137,187.27,121.64,127.73
42,41.37,239.33,136.83,3,3,6,238,136,240,138,206.33,184.67,193.33
42,41.37,196.83,137.92,5,3,12,195,137,199,139,207.58,166.75,190.0
42,41.37,172.82,140.09,6,3,11,170,139,175,141,196.27,148.73,160.27
42,41.37,201.6,141.2,4,3,10,200,140,203,142,175.8,136.9,150.4
42,41.37,169.4,144.6,4,4,15,168,143,171,146,173.27,128.6,130.8
42,41.37,212.9,152.57,10,4,21,208,151,217,154,136.86,221.24,103.95
42,41.37,197.4,153.8,7,4,10,195,152,201,155,126.3,230.0,80.9
42,41.37,233.89,154.89,5,3,9,232,154,236,156,134.22,215.11,95.0
42,41.37,241.0,155.0,3,3,5,240,154,242,156,127.4,217.0,83.2
42,41.37,169.73,161.13,7,9,30,167,157,173,165,142.57,211.8,90.47
42,41.37,233.5,160.33,4,2,6,232,160,235,161,137.5,170.33,85.17
42,41.37,194.25,166.75,2,6,8,194,164,195,169,140.88,89.38,51.12
42,41.37,167.8,166.6,3,2,5,167,166,169,167,133.2,193.8,73.0
42,41.37,210.62,167.62,3,4,8,210,166,212,169,132.25,125.5,88.12
42,41.37,220.0,168.7,7,2,10,217,168,223,169,146.2,168.4,109.6
42,41.37,28.22,188.17,6,5,23,26,186,31,190,159.57,167.17,77.65
42,41.37,36.07,188.53,6,4,15,34,187,39,190,174.07,150.27,71.53
42,41.37,21.5,202.5,2,4,8,21,201,22,204,200.38,56.12,70.75
42,41.37,24.38,202.62,2,5,8,24,201,25,205,208.0,65.12,75.0
42,41.37,283.71,206.5,8,4,28,280,205,287,208,163.61,137.96,20.86
42,41.37,176.5,213.0,6,1,6,174,213,179,213,122.0,107.67,97.0
42,41.37,216.5,213.0,6,1,6,214,213,219,213,122.83,113.5,103.33
42,41.37,129.6,219.2,4,2,5,128,219,131,220,232.6,251.0,239.6
42,41.37,148.8,219.6,3,2,5,148,219,150,220,229.4,241.4,224.2
42,41.37,167.83,219.33,4,2,6,166,219,169,220,241.67,255.0,233.17
42,41.37,177.83,219.33,4,2,6,176,219,179,220,237.83,250.83,231.0
42,41.37,188.83,219.33,4,2,6,187,219,190,220,239.33,254.17,233.33
42,41.37,198.0,219.25,6,2,8,195,219,200,220,233.38,246.62,224.25
43,41.4,40.4,49.2,2,3,5,40,48,41,50,170.6,150.4,141.0
43,41.4,30.5,52.12,4,6,16,29,49,32,54,202.25,187.12,179.0
43,41.4,26.8,51.2,2,4,5,26,50,27,53,213.6,96.6,109.4
43,41.4,97.4,51.2,2,3,5,97,50,98,52,173.0,143.0,140.4
43,41.4,101.6,51.2,2,3,5,101,50,102,52,171.2,141.2,138.8
43,41.4,105.5,51.0,2,3,6,105,50,106,52,171.5,142.67,142.5
43,41.4,109.6,51.2,2,3,5,109,50,110,52,173.0,143.0,140.4
43,41.4,113.5,51.0,2,3,6,113,50,114,52,176.5,141.83,142.83
43,41.4,117.4,51.2,2,3,5,117,50,118,52,177.2,140.8,139.4
43,41.4,23.57,52.29,2,4,7,23,51,24,54,246.86,233.57,236.71
43,41.4,47.22,53.22,5,3,9,45,52,49,54,222.67,211.44,202.22
43,41.4,182.95,110.92,25,16,203,173,104,197,119,220.15,148.74,88.46
43,41.4,152.48,115.0,12,4,21,147,114,158,117,209.62,195.29,244.81
43,41.4,178.29,120.64,6,4,14,176,119,181,122,212.14,123.14,121.36
43,41.4,174.4,124.4,2,4,5,174,123,175,126,212.0,196.4,238.8
43,41.4,170.5,125.5,4,2,6,169,125,172,126,212.33,212.33,243.67
43,41.4,225.9,132.36,12,11,80,220,128,231,138,197.79,167.04,146.16
43,41.4,217.6,137.3,6,4,10,216,135,221,138,182.7,136.6,145.4
43,41.4,196.83,137.92,5,3,12,195,137,199,139,208.83,166.17,187.17
43,41.4,172.82,140.09,6,3,11,170,139,175,141,196.27,148.73,160.27
43,41.4,201.42,140.83,4,4,12,200,139,203,142,173.0,133.08,149.0
43,41.4,169.4,144.6,4,4,15,168,143,171,146,172.87,128.13,130.4
43,41.4,160.4,149.4,4,2,5,159,149,162,150,210.8,204.6,245.2
43,41.4,200.52,153.33,9,5,21,197,152,205,156,126.95,214.14,85.0
43,41.4,214.47,154.33,5,5,15,212,152,216,156,141.6,225.47,110.4
43,41.4,227.4,154.6,7,5,15,225,152,231,156,131.27,220.07,81.13
43,41.4,218.46,155.77,4,5,13,217,154,220,158,126.77,217.62,87.15
43,41.4,238.82,154.77,13,3,22,233,154,245,156,137.55,211.14,100.0
43,41.4,168.24,160.95,6,8,21,166,158,171,165,138.48,208.48,95.81
43,41.4,193.46,167.83,5,10,24,191,164,195,173,132.12,113.79,75.0
43,41.4,164.27,168.53,5,6,15,162,166,166,171,139.07,199.33,79.07
43,41.4,201.3,166.8,4,3,10,200,166,203,168,129.9,89.9,86.4
43,41.4,180.2,168.7,6,3,10,178,168,183,170,137.6,187.9,101.5
43,41.4,32.26,188.56,14,6,43,26,186,39,191,165.93,173.88,81.74
43,41.4,21.5,202.5,2,4,8,21,201,22,204,198.0,55.5,69.5
43,41.4,24.38,202.62,2,5,8,24,201,25,205,208.12,64.25,74.5
43,41.4,283.71,206.5,8,4,28,280,205,287,208,163.61,137.96,20.86
43,41.4,176.5,213.0,6,1,6,174,213,179,213,122.0,107.67,97.0
43,41.4,216.5,213.0,6,1,6,214,213,219,213,122.83,113.5,103.33
43,41.4,129.6,219.2,4,2,5,128,219,131,220,232.6,251.0,239.6
43,41.4,148.8,219.6,3,2,5,148,219,150,220,229.4,241.4,224.2
43,41.4,167.83,219.33,4,2,6,166,219,169,220,241.67,255.0,233.17
43,41.4,177.83,219.33,4,2,6,176,219,179,220,237.83,250.83,231.0
43,41.4,188.83,219.33,4,2,6,187,219,190,220,239.33,254.17,233.33
43,41.4,198.0,219.25,6,2,8,195,219,200,220,233.38,246.62,224.25
44,41.43,40.4,49.2,2,3,5,40,48,41,50,170.6,150.4,141.0
44,41.43,30.5,52.12,4,6,16,29,49,32,54,202.25,187.12,179.0
44,41.43,26.8,51.2,2,4,5,26,50,27,53,213.6,96.6,109.4
44,41.43,97.4,51.2,2,3,5,97,50,98,52,173.0,143.0,140.4
44,41.43,101.6,51.2,2,3,5,101,50,102,52,171.2,141.2,138.8
44,41.43,105.5,51.0,2,3,6,105,50,106,52,171.5,142.67,142.5
44,41.43,109.6,51.2,2,3,5,109,50,110,52,173.0,143.0,140.4
44,41.43,113.5,51.0,2,3,6,113,50,114,52,176.5,141.83,142.83
44,41.43,117.4,51.2,2,3,5,117,50,118,52,177.2,140.8,139.4
44,41.43,23.57,52.29,2,4,7,23,51,24,54,246.86,233.57,236.71
44,41.43,47.22,53.22,5,3,9,45,52,49,54,222.67,211.44,202.22
44,41.43,183.13,110.88,25,17,201,173,104,197,120,220.49,148.8,87.93
44,41.43,151.38,114.0,11,3,21,146,113,156,115,208.67,196.24,239.62
44,41.43,178.29,120.64,6,4,14,176,119,181,122,212.79,122.93,127.71
44,41.43,170.2,124.6,3,2,5,169,124,171,125,213.0,214.6,245.8
44,41.43,222.56,132.38,13,11,66,216,128,228,138,203.44,159.79,142.86
44,41.43,196.79,138.21,5,4,14,195,137,199,140,200.36,159.64,168.64
44,41.43,214.83,137.67,5,2,6,213,137,217,138,181.83,138.83,147.67
44,41.43,223.8,137.8,4,2,5,222,137,225,138,170.2,110.2,114.0
44,41.43,172.82,140.09,6,3,11,170,139,175,141,196.27,148.73,160.27
44,41.43,201.67,140.83,4,4,12,200,139,203,142,178.08,136.92,148.08
44,41.43,169.4,144.6,4,4,15,168,143,171,146,172.87,128.13,130.4
44,41.43,214.36,153.43,5,6,14,212,151,216,156,140.21,225.07,106.14
44,41.43,199.11,152.44,6,3,9,196,152,201,154,132.22,218.78,97.44
44,41.43,227.73,154.73,6,4,11,226,153,231,156,136.82,224.18,84.64
44,41.43,238.93,154.66,16,4,29,232,153,247,156,135.9,210.76,87.66
44,41.43,250.0,154.5,3,4,10,249,153,251,156,135.9,207.4,92.7
44,41.43,202.86,154.86,4,3,7,201,154,204,156,134.71,219.14,92.14
44,41.43,219.0,156.76,5,7,17,217,154,221,160,133.76,222.06,96.24
44,41.43,165.93,162.41,5,10,27,164,158,168,167,136.81,209.63,95.63
44,41.43,159.8,161.2,4,2,5,158,161,161,162,138.2,215.2,120.2
44,41.43,198.4,164.2,2,3,5,198,163,199,165,133.4,84.6,64.4
44,41.43,192.79,168.53,3,8,19,192,165,194,172,138.42,94.0,57.74
44,41.43,201.0,167.0,4,3,8,200,166,203,168,134.25,82.5,71.12
44,41.43,234.4,166.8,2,3,5,234,166,235,168,133.8,158.2,105.2
44,41.43,171.43,167.71,5,2,7,169,167,173,168,131.43,172.29,93.0
44,41.43,163.14,169.86,3,4,7,162,168,164,171,137.43,199.57,68.86
44,41.43,178.14,169.43,3,4,7,177,168,179,171,144.43,195.29,113.57
44,41.43,228.6,168.4,4,2,5,227,168,230,169,146.4,195.4,123.8
44,41.43,160.0,170.4,3,3,5,159,169,161,171,137.4,207.8,86.8
44,41.43,173.0,170.88,7,2,8,170,170,176,171,130.75,192.38,96.62
44,41.43,198.71,171.57,2,5,7,198,170,199,174,129.57,117.0,63.0
44,41.43,32.02,188.53,14,6,45,26,186,39,191,165.84,170.96,80.11
44,41.43,21.5,202.5,2,4,8,21,201,22,204,200.38,56.12,70.75
44,41.43,24.38,202.62,2,5,8,24,201,25,205,208.0,65.12,75.0
44,41.43,283.71,206.5,8,4,28,280,205,287,208,163.61,137.96,20.86
44,41.43,176.5,213.0,6,1,6,174,213,179,213,122.0,107.67,97.0
44,41.43,216.5,213.0,6,1,6,214,213,219,213,122.83,113.5,103.33
44,41.43,129.6,219.2,4,2,5,128,219,131,220,232.6,251.0,239.6
44,41.43,148.8,219.6,3,2,5,148,219,150,220,229.4,241.4,224.2
44,41.43,167.83,219.33,4,2,6,166,219,169,220,241.67,255.0,233.17
44,41.43,177.83,219.33,4,2,6,176,219,179,220,237.83,250.83,231.0
44,41.43,188.83,219.33,4,2,6,187,219,190,220,239.33,254.17,233.33
44,41.43,198.0,219.25,6,2,8,195,219,200,220,233.38,246.62,224.25
45,41.47,40.4,49.2,2,3,5,40,48,41,50,170.6,150.4,141.0
45,41.47,30.5,52.12,4,6,16,29,49,32,54,202.25,187.12,179.0
45,41.47,26.8,51.2,2,4,5,26,50,27,53,213.6,96.6,109.4
45,41.47,97.4,51.2,2,3,5,97,50,98,52,173.0,143.0,140.4
45,41.47,101.6,51.2,2,3,5,101,50,102,52,171.2,141.2,138.8
45,41.47,105.5,51.0,2,3,6,105,50,106,52,171.5,142.67,142.5
45,41.47,109.6,51.2,2,3,5,109,50,110,52,173.0,143.0,140.4
45,41.47,113.5,51.0,2,3,6,113,50,114,52,176.5,141.83,142.83
45,41.47,117.4,51.2,2,3,5,117,50,118,52,177.2,140.8,139.4
45,41.47,23.57,52.29,2,4,7,23,51,24,54,246.86,233.57,236.71
45,41.47,47.22,53.22,5,3,9,45,52,49,54,222.67,211.44,202.22
45,41.47,183.09,110.91,25,17,202,173,104,197,120,220.73,149.01,88.59
45,41.47,148.68,112.0,14,4,22,142,111,155,114,210.18,197.36,244.55
45,41.47,159.0,117.0,5,1,5,157,117,161,117,209.8,206.4,240.4
45,41.47,178.29,120.64,6,4,14,176,119,181,122,212.79,122.93,127.71
45,41.47,169.0,122.5,3,2,6,168,122,170,123,211.83,213.17,243.33
45,41.47,215.95,132.75,12,11,73,210,128,221,138,203.01,163.34,150.6
45,41.47,197.0,138.2,6,4,15,195,137,200,140,201.0,163.2,173.53
45,41.47,172.82,140.09,6,3,11,170,139,175,141,196.27,148.73,160.27
45,41.47,201.5,140.83,4,4,12,200,139,203,142,176.5,136.58,146.0
45,41.47,169.4,144.6,4,4,15,168,143,171,146,172.87,128.13,130.4
45,41.47,189.4,151.2,4,2,5,188,151,191,152,139.8,178.6,78.4
45,41.47,191.44,153.22,5,3,9,189,152,193,154,141.0,212.44,91.11
45,41.47,202.0,153.63,8,4,19,199,152,206,155,130.26,215.89,65.84
45,41.47,212.5,153.0,2,3,6,212,152,213,154,140.5,224.17,110.67
45,41.47,217.05,154.19,5,5,21,215,152,219,156,138.95,226.43,96.38
45,41.47,231.38,152.69,7,3,13,228,152,234,154,129.46,226.23,61.92
45,41.47,238.08,154.17,6,4,12,236,152,241,155,128.5,212.67,68.67
45,41.47,221.8,154.4,3,4,10,221,153,223,156,132.8,225.8,89.6
45,41.47,248.27,154.13,6,3,15,246,153,251,155,138.8,209.53,87.73
45,41.47,257.0,154.11,5,3,9,255,153,259,155,135.11,200.89,52.78
45,41.47,230.2,155.6,3,2,5,229,155,231,156,125.8,213.8,90.4
45,41.47,165.78,161.81,7,11,37,163,157,169,167,140.54,210.89,97.62
45,41.47,180.21,158.43,6,4,14,178,157,183,160,136.86,191.57,52.64
45,41.47,159.33,162.44,4,4,9,158,161,161,164,133.56,206.89,103.67
45,41.47,194.72,169.56,3,8,18,194,166,196,173,131.44,95.11,57.56
45,41.47,170.57,168.57,6,2,7,168,168,173,169,132.57,188.86,103.86
45,41.47,161.78,171.91,11,4,23,157,170,167,173,138.35,204.09,86.39
45,41.47,180.14,171.36,6,4,14,178,170,183,173,141.21,194.5,109.0
45,41.47,170.2,172.2,4,2,5,169,172,172,173,133.6,195.0,100.8
45,41.47,31.96,188.44,14,6,45,26,186,39,191,168.49,171.78,81.24
45,41.47,21.5,202.5,2,4,8,21,201,22,204,200.38,56.12,70.75
45,41.47,24.38,202.62,2,5,8,24,201,25,205,208.0,65.12,75.0
45,41.47,283.71,206.5,8,4,28,280,205,287,208,163.61,137.96,20.86
45,41.47,176.5,213.0,6,1,6,174,213,179,213,122.0,107.67,97.0
45,41.47,216.5,213.0,6,1,6,214,213,219,213,122.83,113.5,103.33
45,41.47,129.6,219.2,4,2,5,128,219,131,220,232.6,251.0,239.6
45,41.47,148.8,219.6,3,2,5,148,219,150,220,229.4,241.4,224.2
45,41.47,167.83,219.33,4,2,6,166,219,169,220,241.67,255.0,233.17
45,41.47,177.83,219.33,4,2,6,176,219,179,220,237.83,250.83,231.0
45,41.47,188.83,219.33,4,2,6,187,219,190,220,239.33,254.17,233.33
45,41.47,198.0,219.25,6,2,8,195,219,200,220,233.38,246.62,224.25
46,41.5,40.4,49.2,2,3,5,40,48,41,50,170.6,150.4,141.0
46,41.5,30.5,52.12,4,6,16,29,49,32,54,202.25,187.12,179.0
46,41.5,26.8,51.2,2,4,5,26,50,27,53,213.6,96.6,109.4
46,41.5,97.4,51.2,2,3,5,97,50,98,52,173.0,143.0,140.4
46,41.5,101.6,51.2,2,3,5,101,50,102,52,171.2,141.2,138.8
46,41.5,105.5,51.0,2,3,6,105,50,106,52,171.5,142.67,142.5
46,41.5,109.6,51.2,2,3,5,109,50,110,52,173.0,143.0,140.4
46,41.5,113.5,51.0,2,3,6,113,50,114,52,176.5,141.83,142.83
46,41.5,117.4,51.2,2,3,5,117,50,118,52,177.2,140.8,139.4
46,41.5,23.57,52.29,2,4,7,23,51,24,54,246.86,233.57,236.71
46,41.5,47.22,53.22,5,3,9,45,52,49,54,222.67,211.44,202.22
46,41.5,183.06,111.0,26,17,202,172,104,197,120,219.65,149.54,86.58
46,41.5,150.53,109.53,9,3,17,147,109,155,111,210.0,200.47,238.76
46,41.5,144.0,111.0,3,3,5,143,110,145,112,207.2,194.0,253.2
46,41.5,157.0,116.0,5,1,5,155,116,159,116,205.8,203.6,235.0
46,41.5,177.81,120.69,8,4,16,174,119,181,122,211.81,132.0,139.94
46,41.5,213.09,131.75,13,7,44,207,129,219,135,198.3,158.23,139.7
46,41.5,216.57,136.14,4,3,7,215,135,218,137,187.14,138.57,151.71
46,41.5,205.29,136.71,6,2,7,203,136,208,137,196.29,132.0,155.14
46,41.5,196.79,138.21,5,4,14,195,137,199,140,200.0,160.93,171.0
46,41.5,172.82,140.09,6,3,11,170,139,175,141,196.27,148.73,160.27
46,41.5,201.69,140.77,4,4,13,200,139,203,142,179.08,138.46,148.38
46,41.5,169.4,144.6,4,4,15,168,143,171,146,172.87,128.13,130.4
46,41.5,277.4,149.2,2,3,5,277,148,278,150,213.4,214.6,255.0
46,41.5,232.85,153.5,15,8,52,226,150,240,157,129.65,208.62,76.31
46,41.5,200.83,153.79,9,5,24,197,152,205,156,128.08,215.58,85.92
46,41.5,220.03,155.38,9,10,39,215,152,223,161,129.1,220.26,93.26
46,41.5,247.71,154.14,10,3,21,243,153,252,155,143.62,212.43,90.1
46,41.5,257.17,154.17,4,4,12,256,153,259,156,135.25,204.0,73.08
46,41.5,164.59,161.15,6,11,27,162,157,167,167,133.33,201.44,89.78
46,41.5,152.6,166.0,3,3,5,152,165,154,167,121.8,172.4,92.2
46,41.5,159.0,167.43,3,4,7,158,166,160,169,136.14,199.29,82.57
46,41.5,194.53,170.6,3,9,15,194,166,196,174,132.2,96.2,53.87
46,41.5,201.3,167.8,4,3,10,200,167,203,169,126.2,88.2,69.7
46,41.5,192.0,170.0,1,5,5,192,168,192,172,133.0,129.0,81.6
46,41.5,159.0,171.95,7,5,21,156,170,162,174,137.71,199.29,85.0
46,41.5,177.25,171.19,5,4,16,175,170,179,173,139.12,189.19,108.88
46,41.5,170.57,172.86,6,2,7,168,172,173,173,129.29,197.29,98.71
46,41.5,222.33,173.44,7,2,9,219,173,225,174,133.56,179.56,101.56
46,41.5,199.29,176.14,4,3,7,198,175,201,177,127.29,171.86,81.86
46,41.5,28.24,188.19,6,5,21,26,186,31,190,168.1,171.52,77.24
46,41.5,36.43,188.29,6,4,21,34,187,39,190,173.05,170.62,82.76
46,41.5,21.5,202.5,2,4,8,21,201,22,204,200.38,56.12,70.75
46,41.5,24.38,202.62,2,5,8,24,201,25,205,208.0,65.12,75.0
46,41.5,283.71,206.5,8,4,28,280,205,287,208,163.61,137.96,20.86
46,41.5,176.5,213.0,6,1,6,174,213,179,213,121.83,107.33,96.83
46,41.5,216.5,213.0,6,1,6,214,213,219,213,122.83,113.5,103.33
46,41.5,129.6,219.2,4,2,5,128,219,131,220,232.6,251.0,239.6
46,41.5,148.8,219.6,3,2,5,148,219,150,220,229.4,241.4,224.2
46,41.5,167.83,219.33,4,2,6,166,219,169,220,241.67,255.0,233.17
46,41.5,177.83,219.33,4,2,6,176,219,179,220,237.83,250.83,231.0
46,41.5,188.83,219.33,4,2,6,187,219,190,220,239.33,254.17,233.33
46,41.5,198.0,219.25,6,2,8,195,219,200,220,233.38,246.62,224.25
47,41.53,40.4,49.2,2,3,5,40,48,41,50,170.6,150.4,141.0
47,41.53,30.5,52.12,4,6,16,29,49,32,54,202.25,187.12,179.0
47,41.53,26.8,51.2,2,4,5,26,50,27,53,213.6,96.6,109.4
47,41.53,97.4,51.2,2,3,5,97,50,98,52,173.0,143.0,140.4
47,41.53,101.6,51.2,2,3,5,101,50,102,52,171.2,141.2,138.8
47,41.53,105.5,51.0,2,3,6,105,50,106,52,171.5,142.67,142.5
47,41.53,109.6,51.2,2,3,5,109,50,110,52,173.0,143.0,140.4
47,41.53,113.5,51.0,2,3,6,113,50,114,52,176.5,141.83,142.83
47,41.53,117.4,51.2,2,3,5,117,50,118,52,177.2,140.8,139.4
47,41.53,23.57,52.29,2,4,7,23,51,24,54,246.86,233.57,236.71
47,41.53,47.22,53.22,5,3,9,45,52,49,54,222.67,211.44,202.22
47,41.53,207.55,97.28,24,18,198,198,90,221,107,221.35,146.01,94.13
47,41.53,138.5,96.0,6,1,6,136,96,141,96,208.5,192.67,207.17
47,41.53,132.7,98.6,5,4,10,131,97,135,100,211.1,201.3,216.9
47,41.53,154.57,105.0,4,3,7,153,104,156,106,206.43,204.14,222.14
47,41.53,222.27,123.55,6,4,11,220,122,225,125,211.0,165.55,186.91
47,41.53,260.9,128.1,18,12,106,252,123,269,134,216.37,135.94,107.08
47,41.53,198.09,125.55,5,4,11,196,124,200,127,206.0,158.09,183.0
47,41.53,217.14,125.71,5,2,7,215,125,219,126,214.57,221.86,253.86
47,41.53,248.62,129.54,3,10,13,248,125,250,134,195.0,81.92,99.54
47,41.53,190.16,131.51,10,6,37,186,129,195,134,203.05,136.43,124.76
47,41.53,181.83,133.33,2,5,6,181,131,182,135,217.17,163.33,172.83
47,41.53,235.75,147.0,5,3,8,234,146,238,148,146.25,188.0,100.38
47,41.53,221.34,153.1,19,11,86,212,147,230,157,130.91,213.51,95.23
47,41.53,194.57,150.57,4,4,7,193,149,196,152,123.57,213.29,61.14
47,41.53,200.48,151.72,6,6,29,198,149,203,154,128.34,205.66,44.76
47,41.53,244.63,153.88,17,11,84,236,149,252,159,131.07,215.76,68.92
47,41.53,260.54,150.15,6,4,13,258,149,263,152,134.38,209.31,104.46
47,41.53,271.25,150.0,5,3,8,269,149,273,151,127.38,198.25,92.75
47,41.53,255.45,151.64,4,4,11,254,150,257,153,135.45,212.82,109.27
47,41.53,273.22,152.56,5,2,9,271,152,275,153,139.11,223.67,87.56
47,41.53,205.0,156.0,1,7,7,205,153,205,159,126.86,217.43,87.43
47,41.53,209.11,155.22,3,5,9,208,153,210,157,135.0,214.56,112.33
47,41.53,190.2,155.6,3,2,5,189,155,191,156,123.4,220.4,100.2
47,41.53,150.57,161.29,4,3,7,149,160,152,162,129.14,213.43,99.0
47,41.53,254.88,165.25,4,3,8,253,164,256,166,140.75,197.5,109.5
47,41.53,147.6,168.4,3,3,5,147,167,149,169,131.6,209.4,96.2
47,41.53,199.72,172.72,6,11,36,198,168,203,178,138.42,90.28,74.67
47,41.53,144.07,172.64,6,7,14,142,169,147,175,135.57,203.71,82.29
47,41.53,188.0,171.0,1,5,5,188,169,188,173,131.6,81.6,53.2
47,41.53,222.4,171.2,2,3,5,222,170,223,172,136.0,89.6,76.0
47,41.53,192.58,176.1,6,7,31,190,173,195,179,131.71,89.48,57.61
47,41.53,219.27,174.18,4,4,11,218,173,221,176,135.91,82.27,71.27
47,41.53,136.0,175.92,6,5,13,134,174,139,178,130.92,178.62,87.85
47,41.53,170.62,177.24,10,7,29,167,174,176,180,135.86,191.14,95.24
47,41.53,185.62,176.62,4,3,8,184,176,187,178,136.0,129.38,80.75
47,41.53,154.75,178.25,9,3,16,150,177,158,179,141.31,194.56,93.94
47,41.53,185.89,180.67,5,4,9,184,179,188,182,133.44,188.0,83.89
47,41.53,219.83,184.67,4,2,6,218,184,221,185,147.5,196.33,127.33
47,41.53,31.96,188.29,16,5,55,24,186,39,190,178.15,197.07,103.51
47,41.53,21.5,202.5,2,4,8,21,201,22,204,200.38,56.12,70.75
47,41.53,24.38,202.62,2,5,8,24,201,25,205,208.0,65.12,75.0
47,41.53,283.71,206.5,8,4,28,280,205,287,208,162.54,138.29,20.86
47,41.53,176.5,213.0,6,1,6,174,213,179,213,121.83,107.33,96.83
47,41.53,216.5,213.0,6,1,6,214,213,219,213,122.83,113.5,103.33
47,41.53,129.6,219.2,4,2,5,128,219,131,220,232.8,251.0,239.0
47,41.53,148.8,219.6,3,2,5,148,219,150,220,229.4,241.4,224.2
47,41.53,167.83,219.33,4,2,6,166,219,169,220,241.67,255.0,233.17
47,41.53,177.83,219.33,4,2,6,176,219,179,220,237.83,250.83,231.0
47,41.53,188.83,219.33,4,2,6,187,219,190,220,238.67,254.17,231.83
47,41.53,198.0,219.25,6,2,8,195,219,200,220,233.38,246.62,224.25
48,41.57,40.4,49.2,2,3,5,40,48,41,50,170.6,150.4,141.0
48,41.57,30.5,52.12,4,6,16,29,49,32,54,202.25,187.12,179.0
48,41.57,26.8,51.2,2,4,5,26,50,27,53,213.6,96.6,109.4
48,41.57,97.4,51.2,2,3,5,97,50,98,52,173.0,143.0,140.4
48,41.57,101.6,51.2,2,3,5,101,50,102,52,171.2,141.2,138.8
48,41.57,105.5,51.0,2,3,6,105,50,106,52,171.5,142.67,142.5
48,41.57,109.6,51.2,2,3,5,109,50,110,52,173.0,143.0,140.4
48,41.57,113.5,51.0,2,3,6,113,50,114,52,176.5,141.83,142.83
48,41.57,117.4,51.2,2,3,5,117,50,118,52,177.2,140.8,139.4
48,41.57,23.57,52.29,2,4,7,23,51,24,54,246.86,233.57,236.71
48,41.57,47.22,53.22,5,3,9,45,52,49,54,222.67,211.44,202.22
48,41.57,221.85,93.55,24,15,154,208,87,231,101,211.79,151.51,95.5
48,41.57,147.0,100.62,6,4,13,144,99,149,102,206.23,204.85,209.69
48,41.57,128.57,101.29,5,2,7,127,101,131,102,207.43,203.0,211.0
48,41.57,116.86,102.57,5,2,7,115,102,119,103,209.71,201.0,210.86
48,41.57,210.84,121.05,6,7,19,208,117,213,123,198.47,140.42,160.0
48,41.57,249.81,126.89,16,12,84,242,122,257,133,212.48,123.8,88.52
48,41.57,257.25,130.04,9,9,24,252,125,260,133,211.88,164.54,162.46
48,41.57,240.5,128.0,2,5,10,240,126,241,130,190.3,141.7,144.1
48,41.57,183.77,130.19,10,6,31,180,128,189,133,190.58,143.06,101.16
48,41.57,176.17,131.33,2,5,6,176,129,177,133,204.67,122.17,121.17
48,41.57,186.46,134.23,6,3,13,184,133,189,135,182.38,141.54,147.92
48,41.57,222.8,134.6,3,2,5,222,134,224,135,175.8,137.0,151.8
48,41.57,195.29,150.74,9,6,35,191,148,199,153,126.91,209.2,68.97
48,41.57,238.51,150.27,10,6,37,234,148,243,153,126.41,212.43,51.62
48,41.57,260.89,151.0,12,5,28,255,149,266,153,134.0,225.25,98.96
48,41.57,270.25,150.5,3,4,8,269,149,271,152,133.88,223.25,83.12
48,41.57,222.52,154.12,14,5,33,215,152,228,156,125.64,226.39,84.45
48,41.57,204.0,154.0,4,3,6,202,153,205,155,131.33,201.0,81.83
48,41.57,247.5,155.5,4,2,6,246,155,249,156,125.33,218.0,77.83
48,41.57,211.71,157.43,4,2,7,210,157,213,158,123.86,222.43,103.14
48,41.57,139.19,164.57,14,9,54,130,160,143,168,131.13,205.44,99.22
48,41.57,251.86,168.86,5,3,7,250,168,254,170,131.43,169.71,92.57
48,41.57,134.92,172.54,9,7,26,130,170,138,176,137.85,196.73,73.15
48,41.57,183.25,176.17,4,10,24,182,171,185,180,141.5,93.0,68.75
48,41.57,195.37,175.42,8,11,43,192,171,199,181,142.05,87.35,63.14
48,41.57,190.5,173.5,2,4,8,190,172,191,175,131.5,88.0,76.12
48,41.57,214.17,174.83,2,5,6,214,173,215,177,126.17,94.83,64.5
48,41.57,147.69,174.23,10,2,13,144,174,153,175,137.15,185.08,89.38
48,41.57,243.6,175.4,4,2,5,242,175,245,176,127.6,174.0,104.2
48,41.57,134.67,179.12,15,4,24,128,177,142,180,128.62,183.96,90.54
48,41.57,165.0,177.0,5,1,5,163,177,167,177,130.0,203.8,95.2
48,41.57,220.0,179.0,4,3,6,219,178,222,180,125.67,164.83,97.67
48,41.57,235.6,180.4,3,3,5,235,179,237,181,139.8,188.2,87.0
48,41.57,226.17,180.33,5,2,6,224,180,228,181,136.17,187.5,113.17
48,41.57,120.91,183.45,4,5,11,120,181,123,185,137.55,191.55,106.09
48,41.57,169.6,181.2,4,2,5,168,181,171,182,135.8,183.8,86.8
48,41.57,198.12,182.12,3,3,8,197,181,199,183,137.0,180.12,106.75
48,41.57,150.2,182.4,3,2,5,149,182,151,183,126.2,153.0,72.2
48,41.57,181.67,183.0,4,3,6,180,182,183,184,136.83,202.0,71.17
48,41.57,185.83,185.33,4,2,6,184,185,187,186,128.5,174.5,78.33
48,41.57,31.64,188.23,16,5,56,24,186,39,190,171.89,191.96,96.89
48,41.57,12.5,193.0,6,1,6,10,193,15,193,164.17,221.83,143.33
48,41.57,21.5,202.5,2,4,8,21,201,22,204,200.38,56.12,70.75
48,41.57,24.38,202.62,2,5,8,24,201,25,205,208.0,65.12,75.0
48,41.57,283.71,206.5,8,4,28,280,205,287,208,163.61,137.96,20.86
48,41.57,176.5,213.0,6,1,6,174,213,179,213,122.0,107.67,97.0
48,41.57,216.5,213.0,6,1,6,214,213,219,213,122.83,113.5,103.33
48,41.57,129.6,219.2,4,2,5,128,219,131,220,232.6,251.0,239.6
48,41.57,148.8,219.6,3,2,5,148,219,150,220,229.4,241.4,224.2
48,41.57,167.83,219.33,4,2,6,166,219,169,220,241.67,255.0,233.17
48,41.57,177.83,219.33,4,2,6,176,219,179,220,237.83,250.83,231.0
48,41.57,188.83,219.33,4,2,6,187,219,190,220,239.33,254.17,233.33
48,41.57,198.0,219.25,6,2,8,195,219,200,220,233.38,246.62,224.25
49,41.6,40.4,49.2,2,3,5,40,48,41,50,170.6,150.4,141.0
49,41.6,30.5,52.12,4,6,16,29,49,32,54,202.25,187.12,179.0
49,41.6,26.8,51.2,2,4,5,26,50,27,53,213.6,96.6,109.4
49,41.6,97.4,51.2,2,3,5,97,50,98,52,173.0,143.0,140.4
49,41.6,101.6,51.2,2,3,5,101,50,102,52,171.2,141.2,138.8
49,41.6,105.5,51.0,2,3,6,105,50,106,52,171.5,142.67,142.5
49,41.6,109.6,51.2,2,3,5,109,50,110,52,173.0,143.0,140.4
49,41.6,113.5,51.0,2,3,6,113,50,114,52,176.5,141.83,142.83
49,41.6,117.4,51.2,2,3,5,117,50,118,52,177.2,140.8,139.4
49,41.6,23.57,52.29,2,4,7,23,51,24,54,246.86,233.57,236.71
49,41.6,47.22,53.22,5,3,9,45,52,49,54,222.67,211.44,202.22
49,41.6,125.45,86.0,15,4,22,119,85,133,88,211.32,196.86,220.64
49,41.6,116.7,89.6,5,4,10,115,88,119,91,210.5,201.0,217.6
49,41.6,234.59,94.83,22,16,157,222,88,243,103,213.8,153.1,96.87
49,41.6,140.56,96.88,10,4,16,135,95,144,98,205.69,203.5,208.38
49,41.6,111.44,98.11,6,3,9,109,97,114,99,209.44,203.78,209.67
49,41.6,121.38,97.62,5,2,8,119,97,123,98,209.25,204.5,211.5
49,41.6,130.0,101.0,5,1,5,128,101,132,101,208.8,206.2,210.0
49,41.6,240.6,104.0,2,3,5,240,103,241,105,188.0,121.0,159.2
49,41.6,232.78,124.33,16,6,36,224,121,239,126,196.08,133.61,130.19
49,41.6,244.29,127.14,15,11,66,237,123,251,133,206.33,140.36,121.42
49,41.6,176.85,131.5,8,5,26,174,130,181,134,197.35,139.85,123.27
49,41.6,246.0,132.43,4,3,7,244,131,247,133,196.43,127.43,137.57
49,41.6,235.2,132.8,4,2,5,234,132,237,133,172.0,124.2,130.6
49,41.6,180.25,134.25,5,3,8,178,133,182,135,178.75,128.0,134.12
49,41.6,187.19,150.89,13,7,47,181,148,193,154,127.7,216.77,66.19
49,41.6,221.17,148.67,4,2,6,220,148,223,149,123.33,208.33,84.83
49,41.6,240.0,148.58,7,2,12,237,148,243,149,131.42,218.58,72.08
49,41.6,222.94,154.18,10,8,33,218,150,227,157,130.18,218.39,90.61
49,41.6,266.83,151.89,6,6,18,264,150,269,155,130.17,221.56,94.83
49,41.6,204.8,151.6,3,2,5,204,151,206,152,123.2,197.2,88.6
49,41.6,217.8,151.2,4,2,5,216,151,219,152,122.2,231.4,75.8
49,41.6,277.0,151.83,5,2,6,275,151,279,152,126.17,221.33,99.5
49,41.6,215.09,154.45,6,3,11,212,153,217,155,130.27,229.91,99.82
49,41.6,246.67,156.05,11,8,39,242,153,252,160,124.67,216.26,70.18
49,41.6,283.17,161.33,4,2,6,282,161,285,162,132.0,170.5,107.17
49,41.6,130.37,165.32,14,9,57,124,162,137,170,127.02,192.84,91.19
49,41.6,186.43,170.29,2,4,7,186,169,187,172,128.71,75.43,56.57
49,41.6,219.65,173.88,5,7,17,218,171,222,177,131.06,84.0,71.76
49,41.6,125.35,176.05,10,10,40,121,172,130,181,126.65,199.0,82.78
49,41.6,192.16,175.2,6,8,25,190,172,195,179,144.48,81.36,60.48
49,41.6,177.69,177.38,8,9,29,174,173,181,181,145.66,89.1,65.03
49,41.6,143.5,177.56,9,4,16,139,176,147,179,137.69,199.81,95.62
49,41.6,211.64,179.9,8,10,42,208,176,215,185,134.81,85.1,66.31
49,41.6,187.39,182.33,4,6,18,186,180,189,185,136.33,93.94,55.72
49,41.6,160.5,181.0,6,1,6,158,181,163,181,129.33,192.83,94.0
49,41.6,177.57,183.14,4,3,7,176,182,179,184,124.57,89.0,44.71
49,41.6,128.93,184.21,12,2,14,124,184,135,185,132.36,202.14,97.64
49,41.6,28.22,188.17,6,5,23,26,186,31,190,169.04,175.39,85.52
49,41.6,36.17,187.96,6,5,24,34,186,39,190,169.21,179.08,84.88
49,41.6,117.0,186.0,5,1,5,115,186,119,186,126.2,171.6,83.2
49,41.6,173.5,186.5,4,2,8,172,186,175,187,126.38,180.75,77.38
49,41.6,107.47,189.2,8,5,15,104,187,111,191,135.07,206.73,115.6
49,41.6,268.0,189.0,4,3,8,266,188,269,190,138.88,227.75,117.88
49,41.6,21.5,202.5,2,4,8,21,201,22,204,200.38,56.12,70.75
49,41.6,24.38,202.62,2,5,8,24,201,25,205,208.0,65.12,75.0
49,41.6,283.71,206.5,8,4,28,280,205,287,208,163.61,137.96,20.86
49,41.6,176.5,213.0,6,1,6,174,213,179,213,122.0,107.67,97.0
49,41.6,216.5,213.0,6,1,6,214,213,219,213,122.83,113.5,103.33
49,41.6,129.6,219.2,4,2,5,128,219,131,220,232.6,251.0,239.6
49,41.6,148.8,219.6,3,2,5,148,219,150,220,229.4,241.4,224.2
49,41.6,167.83,219.33,4,2,6,166,219,169,220,241.67,255.0,233.17
49,41.6,177.83,219.33,4,2,6,176,219,179,220,237.83,250.83,231.0
49,41.6,188.83,219.33,4,2,6,187,219,190,220,239.33,254.17,233.33
49,41.6,198.0,219.25,6,2,8,195,219,200,220,233.38,246.62,224.25
50,41.63,40.4,49.2,2,3,5,40,48,41,50,170.6,150.4,141.0
50,41.63,30.5,52.12,4,6,16,29,49,32,54,202.25,187.12,179.0
50,41.63,26.8,51.2,2,4,5,26,50,27,53,213.6,96.6,109.4
50,41.63,97.4,51.2,2,3,5,97,50,98,52,173.0,143.0,140.4
50,41.63,101.6,51.2,2,3,5,101,50,102,52,171.2,141.2,138.8
50,41.63,105.5,51.0,2,3,6,105,50,106,52,171.5,142.67,142.5
50,41.63,109.6,51.2,2,3,5,109,50,110,52,173.0,143.0,140.4
50,41.63,113.5,51.0,2,3,6,113,50,114,52,176.5,141.83,142.83
50,41.63,117.4,51.2,2,3,5,117,50,118,52,177.2,140.8,139.4
50,41.63,23.57,52.29,2,4,7,23,51,24,54,246.86,233.57,236.71
50,41.63,47.22,53.22,5,3,9,45,52,49,54,222.67,211.44,202.22
50,41.63,116.23,78.41,19,3,22,108,78,126,80,210.73,201.05,219.14
50,41.63,105.0,82.36,5,3,11,103,81,107,83,209.82,200.73,214.91
50,41.63,133.74,90.7,11,5,23,127,88,137,92,206.26,204.39,209.39
50,41.63,240.1,94.98,22,17,162,228,88,249,104,213.79,151.96,94.45
50,41.63,113.31,91.15,11,2,13,109,91,119,92,207.46,203.69,210.08
50,41.63,97.82,92.36,7,2,11,95,92,101,93,209.91,201.91,210.73
50,41.63,120.5,95.0,6,1,6,118,95,123,95,208.0,205.83,210.17
50,41.63,150.5,99.12,5,3,8,148,98,152,100,206.5,209.88,212.25
50,41.63,246.5,104.0,2,3,6,246,103,247,105,170.67,109.5,139.67
50,41.63,227.6,120.2,2,3,5,227,119,228,121,223.0,218.8,254.4
50,41.63,238.51,124.35,17,6,37,229,121,245,126,194.81,132.81,130.03
50,41.63,226.29,125.0,3,3,7,225,124,227,126,192.29,115.14,102.86
50,41.63,220.0,128.0,1,5,5,220,126,220,130,230.0,190.0,194.0
50,41.63,174.62,129.78,9,7,32,171,127,179,133,196.25,132.88,115.19
50,41.63,224.6,128.2,2,3,5,224,127,225,129,180.6,127.4,139.0
50,41.63,169.6,132.2,4,2,5,168,132,171,133,160.4,135.2,139.2
50,41.63,205.5,133.25,4,3,8,204,132,207,134,160.25,137.25,141.38
50,41.63,248.3,148.5,6,2,10,246,148,251,149,134.1,220.3,86.7
50,41.63,266.14,150.26,13,6,43,260,148,272,153,133.67,224.0,100.63
50,41.63,240.0,150.14,10,3,14,235,149,244,151,129.36,206.71,80.57
50,41.63,275.42,151.0,4,5,12,274,149,277,153,131.58,220.17,81.58
50,41.63,280.71,150.86,7,4,14,278,149,284,152,132.07,224.93,71.29
50,41.63,216.73,150.82,6,3,11,214,150,219,152,126.82,213.45,103.45
50,41.63,228.33,153.22,3,6,9,227,151,229,156,138.0,191.67,84.78
50,41.63,251.83,151.33,4,2,6,250,151,253,152,130.33,217.0,56.17
50,41.63,217.17,154.33,6,4,12,215,153,220,156,134.92,215.75,100.5
50,41.63,215.0,161.5,3,4,12,214,160,216,163,134.42,204.92,91.0
50,41.63,242.06,165.82,4,9,17,240,162,243,170,135.59,110.76,63.18
50,41.63,250.33,163.17,3,3,6,249,162,251,164,129.0,83.67,71.0
50,41.63,265.4,163.4,2,4,5,265,162,266,165,128.0,92.4,72.8
50,41.63,211.14,166.14,6,5,14,208,164,213,168,132.86,200.0,77.14
50,41.63,277.5,164.67,4,2,6,276,164,279,165,157.17,203.33,134.33
50,41.63,226.89,165.44,6,3,9,224,165,229,167,143.89,198.44,116.44
50,41.63,222.5,167.0,6,1,6,220,167,225,167,134.83,197.67,103.83
50,41.63,267.8,167.2,4,2,5,266,167,269,168,135.8,184.2,101.8
50,41.63,28.1,188.19,6,5,21,26,186,31,190,174.95,173.1,83.05
50,41.63,36.5,188.36,6,4,22,34,187,39,190,170.86,166.18,81.91
50,41.63,268.0,189.0,4,3,8,266,188,269,190,138.5,227.5,117.62
50,41.63,21.5,202.5,2,4,8,21,201,22,204,200.38,56.12,70.75
50,41.63,24.38,202.62,2,5,8,24,201,25,205,208.0,65.12,75.0
50,41.63,283.71,206.5,8,4,28,280,205,287,208,163.61,137.96,20.86
50,41.63,176.5,213.0,6,1,6,174,213,179,213,122.0,107.67,97.0
50,41.63,216.5,213.0,6,1,6,214,213,219,213,122.83,113.5,103.33
50,41.63,129.6,219.2,4,2,5,128,219,131,220,232.6,251.0,239.6
50,41.63,148.8,219.6,3,2,5,148,219,150,220,229.4,241.4,224.2
50,41.63,167.83,219.33,4,2,6,166,219,169,220,241.67,255.0,233.17
50,41.63,177.83,219.33,4,2,6,176,219,179,220,237.83,250.83,231.0
50,41.63,188.83,219.33,4,2,6,187,219,190,220,239.33,254.17,233.33
50,41.63,198.0,219.25,6,2,8,195,219,200,220,233.38,246.62,224.25
51,41.67,40.4,49.2,2,3,5,40,48,41,50,170.6,150.4,141.0
51,41.67,30.5,52.12,4,6,16,29,49,32,54,202.25,187.12,179.0
51,41.67,26.8,51.2,2,4,5,26,50,27,53,213.6,96.6,109.4
51,41.67,97.4,51.2,2,3,5,97,50,98,52,173.0,143.0,140.4
51,41.67,101.6,51.2,2,3,5,101,50,102,52,171.2,141.2,138.8
51,41.67,105.5,51.0,2,3,6,105,50,106,52,171.5,142.67,142.5
51,41.67,109.6,51.2,2,3,5,109,50,110,52,173.0,143.0,140.4
51,41.67,113.5,51.0,2,3,6,113,50,114,52,176.83,141.67,142.83
51,41.67,117.4,51.2,2,3,5,117,50,118,52,177.2,140.8,139.4
51,41.67,23.57,52.29,2,4,7,23,51,24,54,246.86,233.57,236.71
51,41.67,47.22,53.22,5,3,9,45,52,49,54,222.67,211.44,202.22
51,41.67,102.84,69.47,16,3,19,96,69,111,71,211.26,200.21,220.53
51,41.67,116.0,70.0,5,1,5,114,70,118,70,209.2,202.2,219.8
51,41.67,112.39,84.64,21,8,80,100,82,120,89,208.26,203.59,222.85
51,41.67,84.12,84.88,7,2,8,81,84,87,85,207.88,202.5,216.25
51,41.67,240.1,94.98,22,17,162,228,88,249,104,213.79,151.96,94.45
51,41.67,142.11,92.56,6,3,9,139,91,144,93,207.0,208.89,224.0
51,41.67,246.5,104.0,2,3,6,246,103,247,105,170.67,109.5,139.67
51,41.67,241.65,123.74,9,6,23,237,121,245,126,196.0,139.09,145.26
51,41.67,232.3,125.1,9,5,20,228,123,236,127,187.15,122.8,136.4
51,41.67,221.18,126.53,11,7,49,217,124,227,130,204.57,120.65,101.31
51,41.67,169.42,129.21,8,4,24,166,128,173,131,213.96,144.17,124.62
51,41.67,171.5,133.0,4,3,8,170,132,173,134,200.12,143.12,135.5
51,41.67,199.5,148.0,6,1,6,197,148,202,148,128.17,214.17,99.0
51,41.67,246.6,149.2,2,3,5,246,148,247,150,123.8,213.2,80.4
51,41.67,268.3,150.58,10,6,33,264,148,273,153,127.7,217.97,93.12
51,41.67,283.32,150.57,11,6,37,278,148,288,153,129.92,219.41,93.65
51,41.67,217.53,152.06,6,5,17,215,150,220,154,127.29,213.12,101.94
51,41.67,239.14,150.71,5,2,7,237,150,241,151,127.86,211.29,88.0
51,41.67,231.8,153.2,4,2,5,230,153,233,154,129.0,193.2,105.2
51,41.67,210.45,163.26,7,10,31,207,159,213,168,128.81,198.61,85.58
51,41.67,249.9,164.57,6,8,21,248,161,253,168,127.71,89.95,75.1
51,41.67,217.0,166.0,5,1,5,215,166,219,166,127.8,180.6,96.0
51,41.67,225.58,167.42,7,4,12,222,166,228,169,133.92,189.75,103.5
51,41.67,242.57,167.43,3,4,7,242,166,244,169,126.71,93.57,54.0
51,41.67,205.33,168.33,3,3,6,204,167,206,169,138.33,200.83,101.33
51,41.67,218.83,169.17,5,2,6,217,169,221,170,128.83,190.0,96.67
51,41.67,260.5,170.0,2,3,6,260,169,261,171,125.17,148.17,80.33
51,41.67,273.33,170.17,4,3,6,272,169,275,171,123.83,166.33,95.83
51,41.67,249.67,172.17,4,3,6,248,171,251,173,128.33,167.83,93.83
51,41.67,27.88,188.54,8,4,26,24,187,31,190,173.15,185.81,95.73
51,41.67,36.43,188.29,6,4,21,34,187,39,190,184.24,179.95,92.38
51,41.67,21.5,202.5,2,4,8,21,201,22,204,200.38,56.12,70.75
51,41.67,24.38,202.62,2,5,8,24,201,25,205,208.0,65.12,75.0
51,41.67,283.71,206.5,8,4,28,280,205,287,208,163.61,137.96,20.86
51,41.67,176.5,213.0,6,1,6,174,213,179,213,122.0,107.67,97.0
51,41.67,216.5,213.0,6,1,6,214,213,219,213,122.83,113.5,103.33
51,41.67,129.6,219.2,4,2,5,128,219,131,220,232.6,251.0,239.6
51,41.67,148.8,219.6,3,2,5,148,219,150,220,229.4,241.4,224.2
51,41.67,167.83,219.33,4,2,6,166,219,169,220,241.67,255.0,233.17
51,41.67,177.83,219.33,4,2,6,176,219,179,220,237.83,250.83,231.0
51,41.67,188.83,219.33,4,2,6,187,219,190,220,239.33,254.17,233.33
51,41.67,198.0,219.25,6,2,8,195,219,200,220,233.38,246.62,224.25
52,41.7,40.4,49.2,2,3,5,40,48,41,50,170.6,150.4,141.0
52,41.7,30.5,52.12,4,6,16,29,49,32,54,202.25,187.12,179.0
52,41.7,26.8,51.2,2,4,5,26,50,27,53,213.6,96.6,109.4
52,41.7,97.4,51.2,2,3,5,97,50,98,52,173.0,143.0,140.4
52,41.7,101.6,51.2,2,3,5,101,50,102,52,171.2,141.2,138.8
52,41.7,105.5,51.0,2,3,6,105,50,106,52,171.5,142.67,142.5
52,41.7,109.6,51.2,2,3,5,109,50,110,52,173.0,143.0,140.4
52,41.7,113.5,51.0,2,3,6,113,50,114,52,176.5,141.83,142.83
52,41.7,117.4,51.2,2,3,5,117,50,118,52,177.2,140.8,139.4
52,41.7,23.57,52.29,2,4,7,23,51,24,54,246.86,233.57,236.71
52,41.7,47.22,53.22,5,3,9,45,52,49,54,222.67,211.44,202.22
52,41.7,87.5,58.5,8,2,16,84,58,91,59,208.5,194.0,228.5
52,41.7,75.87,63.84,12,7,31,70,61,81,67,209.94,193.13,223.74
52,41.7,98.5,66.12,4,3,8,97,65,100,67,206.88,203.25,220.12
52,41.7,112.89,73.67,9,7,27,108,70,116,76,205.78,203.52,214.85
52,41.7,96.59,76.52,33,9,107,75,73,107,81,208.79,203.89,223.03
52,41.7,130.23,82.15,5,5,13,128,80,132,84,206.85,204.77,218.77
52,41.7,115.7,86.7,8,3,10,112,86,119,88,208.2,205.1,219.1
52,41.7,131.0,86.25,6,2,8,128,86,133,87,207.88,209.5,214.38
52,41.7,240.1,94.98,22,17,162,228,88,249,104,213.79,151.96,94.45
52,41.7,246.5,104.0,2,3,6,246,103,247,105,170.67,109.5,139.67
52,41.7,242.2,123.4,8,6,20,238,121,245,126,196.15,139.3,144.45
52,41.7,231.54,124.85,5,5,13,229,123,233,127,191.23,131.62,138.92
52,41.7,211.85,126.0,10,6,39,208,124,217,129,203.38,124.1,94.74
52,41.7,163.11,130.44,10,6,36,158,128,167,133,199.5,120.25,114.67
52,41.7,205.0,130.43,4,3,7,204,129,207,131,204.14,145.57,158.29
52,41.7,214.57,130.57,6,2,7,212,130,217,131,176.43,131.86,139.14
52,41.7,295.37,132.42,6,4,19,293,131,298,134,157.11,139.89,133.37
52,41.7,286.4,150.5,10,7,40,282,147,291,153,136.6,222.93,75.97
52,41.7,195.44,150.83,6,7,18,193,148,198,154,133.83,203.78,108.22
52,41.7,274.76,150.61,10,8,41,270,148,279,155,139.2,224.37,92.68
52,41.7,201.11,152.89,5,5,9,200,150,204,154,133.56,198.89,108.0
52,41.7,219.0,150.5,5,2,6,217,150,221,151,129.5,215.67,102.5
52,41.7,295.4,151.6,4,2,5,294,151,297,152,128.0,219.6,82.8
52,41.7,242.6,152.8,2,3,5,242,152,243,154,125.6,224.8,86.8
52,41.7,216.5,154.0,6,3,12,214,153,219,155,132.17,217.17,109.75
52,41.7,232.83,153.33,4,2,6,231,153,234,154,136.33,198.67,105.83
52,41.7,290.6,155.8,2,3,5,290,155,291,157,125.6,227.8,72.4
52,41.7,208.15,163.38,11,12,52,203,159,213,170,138.71,208.23,91.38
52,41.7,242.17,166.0,2,5,6,242,164,243,168,125.0,93.83,69.33
52,41.7,253.29,166.71,4,5,17,252,165,255,169,143.53,84.65,80.82
52,41.7,226.86,169.71,3,3,7,226,169,228,171,149.71,206.86,116.71
52,41.7,291.83,169.33,4,2,6,290,169,293,170,150.17,194.33,128.83
52,41.7,202.36,171.18,6,3,11,200,170,205,172,141.73,192.36,84.91
52,41.7,217.33,171.78,4,3,9,216,171,219,173,129.67,185.33,91.33
52,41.7,241.91,173.18,4,5,11,240,171,243,175,136.09,143.36,81.18
52,41.7,285.5,171.8,4,3,10,284,171,287,173,129.2,177.7,88.1
52,41.7,264.5,173.0,2,3,6,264,172,265,174,129.0,147.83,66.0
52,41.7,279.56,173.11,4,4,9,278,172,281,175,133.67,179.78,93.33
52,41.7,231.8,173.2,4,2,5,230,173,233,174,147.4,196.2,120.4
52,41.7,27.93,188.36,8,5,28,24,186,31,190,176.61,194.14,100.46
52,41.7,36.5,188.17,6,5,24,34,186,39,190,182.29,184.83,96.58
52,41.7,21.5,202.5,2,4,8,21,201,22,204,200.38,56.12,70.75
52,41.7,24.38,202.62,2,5,8,24,201,25,205,208.0,65.12,75.0
52,41.7,283.71,206.5,8,4,28,280,205,287,208,163.61,137.96,20.86
52,41.7,176.5,213.0,6,1,6,174,213,179,213,122.0,107.67,97.0
52,41.7,216.5,213.0,6,1,6,214,213,219,213,122.83,113.5,103.33
52,41.7,129.6,219.2,4,2,5,128,219,131,220,232.6,251.0,239.6
52,41.7,148.8,219.6,3,2,5,148,219,150,220,229.4,241.4,224.2
52,41.7,167.83,219.33,4,2,6,166,219,169,220,241.67,255.0,233.17
52,41.7,177.83,219.33,4,2,6,176,219,179,220,237.83,250.83,231.0
52,41.7,188.83,219.33,4,2,6,187,219,190,220,239.33,254.17,233.33
52,41.7,198.0,219.25,6,2,8,195,219,200,220,233.38,246.62,224.25
53,41.73,40.4,49.2,2,3,5,40,48,41,50,170.6,150.4,141.0
53,41.73,30.5,52.12,4,6,16,29,49,32,54,202.25,187.12,179.0
53,41.73,26.8,51.2,2,4,5,26,50,27,53,213.6,96.6,109.4
53,41.73,97.4,51.2,2,3,5,97,50,98,52,173.0,143.0,140.4
53,41.73,101.6,51.2,2,3,5,101,50,102,52,171.2,141.2,138.8
53,41.73,105.5,51.0,2,3,6,105,50,106,52,171.5,142.67,142.5
53,41.73,109.6,51.2,2,3,5,109,50,110,52,173.0,143.0,140.4
53,41.73,113.5,51.0,2,3,6,113,50,114,52,177.0,141.67,142.83
53,41.73,117.4,51.2,2,3,5,117,50,118,52,177.2,140.8,139.4
53,41.73,23.57,52.29,2,4,7,23,51,24,54,246.86,233.57,236.71
53,41.73,47.22,53.22,5,3,9,45,52,49,54,222.67,211.44,202.22
53,41.73,87.5,58.5,8,2,16,84,58,91,59,208.5,194.0,228.5
53,41.73,75.87,63.84,12,7,31,70,61,81,67,209.94,193.13,223.74
53,41.73,98.5,66.12,4,3,8,97,65,100,67,206.88,203.25,220.12
53,41.73,112.89,73.67,9,7,27,108,70,116,76,205.78,203.52,214.85
53,41.73,96.59,76.52,33,9,107,75,73,107,81,208.79,203.89,223.03
53,41.73,130.71,83.62,6,8,24,128,80,133,87,207.21,206.5,217.33
53,41.73,115.7,86.7,8,3,10,112,86,119,88,208.2,205.1,219.1
53,41.73,240.1,94.98,22,17,162,228,88,249,104,213.72,151.83,95.42
53,41.73,246.5,104.0,2,3,6,246,103,247,105,170.67,109.5,139.67
53,41.73,242.2,123.4,8,6,20,238,121,245,126,196.15,139.3,144.45
53,41.73,231.54,124.85,5,5,13,229,123,233,127,191.23,131.62,138.92
53,41.73,211.85,126.0,10,6,39,208,124,217,129,203.38,124.1,94.74
53,41.73,163.11,130.44,10,6,36,158,128,167,133,199.5,120.25,114.67
53,41.73,205.0,130.43,4,3,7,204,129,207,131,204.14,145.57,158.29
53,41.73,214.57,130.57,6,2,7,212,130,217,131,176.43,131.86,139.14
53,41.73,295.37,132.42,6,4,19,293,131,298,134,157.11,139.89,133.37
53,41.73,286.91,150.41,12,7,46,282,147,293,153,133.85,222.2,71.91
53,41.73,195.37,150.68,6,7,19,193,148,198,154,133.79,203.79,107.89
53,41.73,274.98,150.49,10,7,41,270,148,279,154,138.15,223.32,91.71
53,41.73,201.11,152.89,5,5,9,200,150,204,154,133.22,199.0,108.0
53,41.73,219.0,150.5,5,2,6,217,150,221,151,129.5,215.67,102.5
53,41.73,295.4,151.6,4,2,5,294,151,297,152,128.0,219.6,82.8
53,41.73,242.6,152.8,2,3,5,242,152,243,154,125.6,224.8,86.8
53,41.73,216.5,154.0,6,3,12,214,153,219,155,132.17,217.17,109.75
53,41.73,233.11,154.11,4,4,9,232,153,235,156,133.56,197.44,98.33
53,41.73,290.6,155.8,2,3,5,290,155,291,157,125.6,227.8,72.4
53,41.73,208.15,163.38,11,12,52,203,159,213,170,138.71,208.23,91.38
53,41.73,242.17,166.0,2,5,6,242,164,243,168,125.0,93.83,69.33
53,41.73,253.29,166.71,4,5,17,252,165,255,169,143.53,84.65,80.82
53,41.73,226.86,169.71,3,3,7,226,169,228,171,149.71,206.86,116.71
53,41.73,291.83,169.33,4,2,6,290,169,293,170,150.17,194.33,128.83
53,41.73,202.36,171.18,6,3,11,200,170,205,172,141.73,192.36,84.91
53,41.73,217.33,171.78,4,3,9,216,171,219,173,129.67,185.33,91.33
53,41.73,241.91,173.18,4,5,11,240,171,243,175,136.09,143.36,81.18
53,41.73,285.5,171.8,4,3,10,284,171,287,173,129.2,177.7,88.1
53,41.73,264.5,173.0,2,3,6,264,172,265,174,129.0,147.83,66.0
53,41.73,279.56,173.11,4,4,9,278,172,281,175,133.67,179.78,93.33
53,41.73,231.8,173.2,4,2,5,230,173,233,174,147.4,196.2,120.4
53,41.73,27.93,188.36,8,5,28,24,186,31,190,176.61,194.14,100.46
53,41.73,36.5,188.17,6,5,24,34,186,39,190,182.25,184.79,96.54
53,41.73,21.5,202.5,2,4,8,21,201,22,204,200.38,56.12,70.75
53,41.73,24.38,202.62,2,5,8,24,201,25,205,208.0,65.12,75.0
53,41.73,283.71,206.5,8,4,28,280,205,287,208,163.61,137.96,20.86
53,41.73,176.5,213.0,6,1,6,174,213,179,213,122.0,107.67,97.0
53,41.73,216.5,213.0,6,1,6,214,213,219,213,122.83,113.5,103.33
53,41.73,129.6,219.2,4,2,5,128,219,131,220,232.6,251.0,239.6
53,41.73,148.8,219.6,3,2,5,148,219,150,220,229.4,241.4,224.2
53,41.73,167.83,219.33,4,2,6,166,219,169,220,241.67,255.0,233.17
53,41.73,177.83,219.33,4,2,6,176,219,179,220,237.83,250.83,231.0
53,41.73,188.83,219.33,4,2,6,187,219,190,220,239.33,254.17,233.33
53,41.73,198.0,219.25,6,2,8,195,219,200,220,233.38,246.62,224.25
54,41.77,61.49,49.51,8,7,35,59,47,66,53,216.63,197.71,252.77
54,41.77,40.4,49.2,2,3,5,40,48,41,50,171.6,149.6,141.0
54,41.77,30.65,52.24,5,6,17,29,49,33,54,200.06,185.82,175.41
54,41.77,91.5,49.75,4,3,8,90,49,93,51,159.0,140.0,130.62
54,41.77,26.8,51.2,2,4,5,26,50,27,53,213.6,96.6,109.4
54,41.77,43.4,51.2,2,3,5,43,50,44,52,173.0,90.2,97.2
54,41.77,73.6,50.8,2,3,5,73,50,74,52,172.8,158.2,137.2
54,41.77,101.6,51.2,2,3,5,101,50,102,52,168.4,142.2,140.0
54,41.77,105.5,51.0,2,3,6,105,50,106,52,168.83,143.5,143.0
54,41.77,109.6,51.2,2,3,5,109,50,110,52,170.2,143.8,141.0
54,41.77,113.5,51.0,2,3,6,113,50,114,52,177.0,141.67,142.83
54,41.77,117.4,51.2,2,3,5,117,50,118,52,177.2,140.8,139.4
54,41.77,23.57,52.29,2,4,7,23,51,24,54,246.86,233.57,236.71
54,41.77,53.75,52.25,6,4,16,52,51,57,54,216.56,195.0,247.88
54,41.77,47.0,53.38,5,2,8,45,53,49,54,223.5,216.5,222.75
54,41.77,68.86,54.86,6,2,7,66,54,71,55,203.0,202.57,236.43
54,41.77,40.92,60.96,11,5,24,37,59,47,63,209.67,192.21,246.12
54,41.77,115.83,61.33,4,2,6,114,61,117,62,214.83,193.67,231.0
54,41.77,99.25,64.5,4,5,12,98,63,101,67,206.42,201.0,235.83
54,41.77,90.11,68.44,5,3,9,88,67,92,69,207.22,201.56,241.78
54,41.77,125.12,68.38,4,3,8,124,67,127,69,210.25,195.0,245.88
54,41.77,82.5,71.5,6,2,12,80,71,85,72,210.75,203.25,241.42
54,41.77,117.58,74.53,4,7,19,116,72,119,78,206.89,203.42,240.95
54,41.77,96.86,77.57,5,2,7,95,77,99,78,208.57,203.0,239.0
54,41.77,240.1,94.98,22,17,162,228,88,249,104,213.72,151.83,95.42
54,41.77,246.5,104.0,2,3,6,246,103,247,105,170.67,109.5,139.67
54,41.77,295.08,121.46,17,12,103,288,117,304,128,204.73,115.42,79.89
54,41.77,237.13,124.48,18,7,46,228,121,245,127,193.15,131.3,140.8
54,41.77,304.76,126.35,5,9,17,302,122,306,130,216.24,178.18,195.88
54,41.77,202.36,127.02,10,7,44,198,124,207,130,213.95,135.43,97.39
54,41.77,195.26,130.58,7,8,19,193,126,199,133,194.42,146.95,147.26
54,41.77,224.62,127.12,3,4,8,224,126,226,129,188.75,139.62,177.38
54,41.77,156.5,129.2,9,4,20,153,128,161,131,204.3,109.1,113.1
54,41.77,150.6,129.8,2,3,5,150,129,151,131,158.2,120.6,119.2
54,41.77,297.77,130.38,8,3,13,294,129,301,131,172.77,137.15,136.38
54,41.77,261.88,131.56,6,4,16,259,130,264,133,159.0,145.88,139.12
54,41.77,289.5,130.5,4,2,8,288,130,291,131,178.62,135.75,137.0
54,41.77,203.83,131.67,4,2,6,202,131,205,132,194.83,138.0,136.5
54,41.77,159.83,132.67,4,2,6,158,132,161,133,169.0,122.67,136.0
54,41.77,250.71,149.29,7,4,14,248,148,254,151,125.71,223.64,78.14
54,41.77,290.44,151.5,6,7,18,288,148,293,154,127.0,220.22,75.28
54,41.77,277.23,152.31,15,7,39,269,149,283,155,129.38,220.0,93.31
54,41.77,196.38,151.62,5,5,13,194,150,198,154,138.31,196.46,102.85
54,41.77,237.17,152.33,4,2,6,236,152,239,153,131.83,209.33,92.67
54,41.77,295.89,153.44,4,4,9,294,152,297,155,130.33,225.67,69.33
54,41.77,242.0,153.5,5,2,8,240,153,244,154,123.0,220.62,65.88
54,41.77,231.0,155.0,5,3,7,229,154,233,156,127.86,201.43,91.14
54,41.77,214.0,155.5,5,2,8,212,155,216,156,134.5,217.25,114.0
54,41.77,301.5,158.5,4,2,8,300,158,303,159,130.5,222.5,99.62
54,41.77,202.38,164.71,16,12,84,194,159,209,170,138.3,204.64,98.1
54,41.77,252.94,170.17,9,12,48,249,165,257,176,133.65,88.04,76.52
54,41.77,242.0,170.0,1,5,5,242,168,242,172,122.2,93.8,66.4
54,41.77,209.62,171.38,5,2,8,208,171,212,172,132.0,203.38,84.12
54,41.77,291.46,173.35,11,6,37,287,171,297,176,137.03,185.05,110.54
54,41.77,216.62,172.62,5,3,8,215,172,219,174,128.62,183.25,82.25
54,41.77,196.67,174.33,3,4,9,196,173,198,176,143.0,193.89,109.89
54,41.77,225.09,175.32,9,5,22,222,173,230,177,136.23,190.73,87.14
54,41.77,242.86,177.62,10,5,21,238,175,247,179,139.43,151.86,69.38
54,41.77,228.33,184.42,6,3,12,226,183,231,185,137.92,204.33,116.75
54,41.77,28.32,188.0,6,5,22,26,186,31,190,179.91,181.32,92.36
54,41.77,36.5,188.17,6,5,24,34,186,39,190,177.38,179.79,91.62
54,41.77,21.5,202.5,2,4,8,21,201,22,204,200.38,56.12,70.75
54,41.77,24.38,202.62,2,5,8,24,201,25,205,208.0,65.12,75.0
54,41.77,283.71,206.5,8,4,28,280,205,287,208,163.61,137.96,20.86
54,41.77,176.5,213.0,6,1,6,174,213,179,213,121.83,107.33,96.83
54,41.77,216.5,213.0,6,1,6,214,213,219,213,122.83,113.5,103.33
54,41.77,129.6,219.2,4,2,5,128,219,131,220,232.6,251.0,239.6
54,41.77,148.8,219.6,3,2,5,148,219,150,220,229.4,241.4,224.2
54,41.77,167.83,219.33,4,2,6,166,219,169,220,241.67,255.0,233.17
54,41.77,177.83,219.33,4,2,6,176,219,179,220,237.83,250.83,231.0
54,41.77,188.83,219.33,4,2,6,187,219,190,220,238.67,254.17,231.83
54,41.77,198.0,219.25,6,2,8,195,219,200,220,233.38,246.62,224.25
55,41.8,40.4,49.2,2,3,5,40,48,41,50,170.6,150.4,141.0
55,41.8,30.5,52.12,4,6,16,29,49,32,54,202.25,187.12,179.0
55,41.8,26.8,51.2,2,4,5,26,50,27,53,213.6,96.6,109.4
55,41.8,97.4,51.2,2,3,5,97,50,98,52,173.0,143.0,140.4
55,41.8,101.6,51.2,2,3,5,101,50,102,52,171.2,141.2,138.8
55,41.8,105.5,51.0,2,3,6,105,50,106,52,171.5,142.67,142.5
55,41.8,109.6,51.2,2,3,5,109,50,110,52,173.0,143.0,140.4
55,41.8,113.5,51.0,2,3,6,113,50,114,52,176.83,141.67,142.83
55,41.8,117.4,51.2,2,3,5,117,50,118,52,177.2,140.8,139.4
55,41.8,23.57,52.29,2,4,7,23,51,24,54,246.86,233.57,236.71
55,41.8,47.22,53.22,5,3,9,45,52,49,54,222.67,211.44,202.22
55,41.8,240.1,94.98,22,17,162,228,88,249,104,213.7,151.73,96.61
55,41.8,246.5,104.0,2,3,6,246,103,247,105,170.67,109.5,139.67
55,41.8,264.43,125.01,17,12,120,256,120,272,131,203.15,131.25,102.94
55,41.8,243.45,122.91,4,4,11,242,121,245,124,187.36,148.27,152.27
55,41.8,234.17,125.56,13,7,36,228,123,240,129,186.61,131.42,140.94
55,41.8,250.5,125.0,2,5,10,250,123,251,127,174.1,122.6,137.8
55,41.8,192.12,126.97,10,6,33,188,125,197,130,201.85,113.09,99.64
55,41.8,224.8,126.4,3,2,5,224,126,226,127,164.8,105.6,137.2
55,41.8,184.4,127.8,2,3,5,184,127,185,129,203.0,169.0,166.6
55,41.8,145.16,131.48,8,6,31,142,129,149,134,190.84,122.77,126.71
55,41.8,150.67,131.67,2,4,6,150,130,151,133,168.0,86.83,96.0
55,41.8,264.09,136.73,12,3,22,258,136,269,138,172.77,160.27,153.5
55,41.8,270.83,147.0,3,3,6,270,146,272,148,128.17,210.17,99.67
55,41.8,274.6,146.8,2,3,5,274,146,275,148,131.0,217.2,87.8
55,41.8,236.37,152.41,8,9,27,233,148,240,156,130.15,205.7,77.89
55,41.8,250.75,151.47,15,8,55,244,148,258,155,127.8,218.15,73.49
55,41.8,258.0,148.0,5,1,5,256,148,260,148,132.8,202.2,87.0
55,41.8,304.6,150.2,2,3,5,304,149,305,151,137.6,232.8,66.0
55,41.8,196.89,151.67,3,4,9,196,150,198,153,146.56,193.22,96.22
55,41.8,280.4,153.06,13,8,52,273,150,285,157,129.37,222.46,90.73
55,41.8,267.6,151.4,4,2,5,266,151,269,152,128.4,211.8,101.8
55,41.8,307.64,153.07,4,5,14,306,151,309,155,126.79,215.43,62.57
55,41.8,229.67,153.5,4,2,6,228,153,231,154,130.83,190.17,99.0
55,41.8,270.57,154.0,4,3,7,269,153,272,155,127.0,216.57,95.0
55,41.8,295.0,153.62,5,2,8,293,153,297,154,125.0,224.62,75.62
55,41.8,194.74,167.85,19,15,103,184,162,202,176,140.61,203.91,91.3
55,41.8,254.87,173.05,10,11,55,250,168,259,178,141.18,90.53,74.24
55,41.8,241.68,176.77,6,9,31,240,172,245,180,135.06,95.39,74.16
55,41.8,209.8,173.8,4,2,5,208,173,211,174,126.6,162.0,75.8
55,41.8,277.71,173.43,4,2,7,276,173,279,174,127.71,80.0,62.71
55,41.8,296.0,174.5,3,4,6,295,173,297,176,128.0,156.67,106.33
55,41.8,213.83,175.58,7,3,12,211,175,217,177,134.25,195.17,99.83
55,41.8,221.77,176.54,7,4,13,219,175,225,178,133.08,198.15,104.38
55,41.8,273.24,176.94,4,6,17,272,175,275,180,139.0,101.65,74.18
55,41.8,184.6,176.6,4,2,5,183,176,186,177,135.6,194.4,85.8
55,41.8,292.4,176.8,2,3,5,292,176,293,178,129.8,178.6,107.2
55,41.8,294.29,179.29,6,2,7,292,179,297,180,135.71,183.0,98.43
55,41.8,194.33,180.58,7,3,12,192,180,198,182,129.42,198.67,92.42
55,41.8,287.89,181.11,4,3,9,286,180,289,182,129.0,182.11,99.56
55,41.8,215.25,182.5,5,3,8,213,181,217,183,133.75,171.38,98.62
55,41.8,245.9,182.8,5,5,10,244,181,248,185,129.1,183.8,79.1
55,41.8,315.8,184.1,7,3,10,313,183,319,185,139.5,204.2,110.1
55,41.8,257.83,184.33,4,2,6,256,184,259,185,139.17,118.33,102.5
55,41.8,305.43,185.14,4,3,7,304,184,307,186,144.71,222.86,119.43
55,41.8,27.96,188.27,8,5,26,24,186,31,190,172.62,187.62,93.42
55,41.8,36.5,188.36,6,4,22,34,187,39,190,168.23,163.77,79.27
55,41.8,12.5,193.0,6,1,6,10,193,15,193,137.5,195.17,116.83
55,41.8,21.5,202.5,2,4,8,21,201,22,204,200.38,56.12,70.75
55,41.8,24.38,202.62,2,5,8,24,201,25,205,208.0,65.12,75.0
55,41.8,283.71,206.5,8,4,28,280,205,287,208,163.61,137.96,20.86
55,41.8,176.5,213.0,6,1,6,174,213,179,213,122.0,107.67,97.0
55,41.8,216.5,213.0,6,1,6,214,213,219,213,122.83,113.5,103.33
55,41.8,129.6,219.2,4,2,5,128,219,131,220,232.6,251.0,239.6
55,41.8,148.8,219.6,3,2,5,148,219,150,220,229.4,241.4,224.2
55,41.8,167.83,219.33,4,2,6,166,219,169,220,241.67,255.0,233.17
55,41.8,177.83,219.33,4,2,6,176,219,179,220,237.83,250.83,231.0
55,41.8,188.83,219.33,4,2,6,187,219,190,220,239.33,254.17,233.33
55,41.8,198.0,219.25,6,2,8,195,219,200,220,233.38,246.62,224.25
56,41.83,40.4,49.2,2,3,5,40,48,41,50,170.6,150.4,141.0
56,41.83,30.5,52.12,4,6,16,29,49,32,54,202.25,187.12,179.0
56,41.83,26.8,51.2,2,4,5,26,50,27,53,213.6,96.6,109.4
56,41.83,97.4,51.2,2,3,5,97,50,98,52,173.0,143.0,140.4
56,41.83,101.6,51.2,2,3,5,101,50,102,52,171.2,141.2,138.8
56,41.83,105.5,51.0,2,3,6,105,50,106,52,171.5,142.67,142.5
56,41.83,109.6,51.2,2,3,5,109,50,110,52,173.0,143.0,140.4
56,41.83,113.5,51.0,2,3,6,113,50,114,52,176.83,141.67,142.83
56,41.83,117.4,51.2,2,3,5,117,50,118,52,177.2,140.8,139.4
56,41.83,23.57,52.29,2,4,7,23,51,24,54,246.86,233.57,236.71
56,41.83,47.22,53.22,5,3,9,45,52,49,54,222.67,211.44,202.22
56,41.83,240.1,94.98,22,17,162,228,88,249,104,213.7,151.73,96.61
56,41.83,246.5,104.0,2,3,6,246,103,247,105,170.67,109.5,139.67
56,41.83,260.29,124.23,19,11,102,250,120,268,130,209.29,123.53,95.69
56,41.83,241.91,125.89,28,12,75,228,121,255,132,191.03,133.2,141.92
56,41.83,225.29,126.57,4,2,7,224,126,227,127,169.71,113.14,140.86
56,41.83,190.75,129.06,10,6,36,186,127,195,132,200.86,133.25,130.03
56,41.83,144.23,130.23,6,4,13,142,129,147,132,208.62,128.31,124.15
56,41.83,148.5,131.67,2,4,6,148,130,149,133,154.5,101.33,123.17
56,41.83,262.2,131.4,3,2,5,261,131,263,132,203.2,153.8,169.8
56,41.83,144.0,134.0,7,1,7,141,134,147,134,175.86,149.57,146.71
56,41.83,217.71,148.43,4,2,7,216,148,219,149,135.43,214.71,103.86
56,41.83,249.17,150.27,8,6,30,246,148,253,153,123.5,221.33,63.93
56,41.83,298.4,148.8,2,3,5,298,148,299,150,132.6,229.0,80.4
56,41.83,285.18,152.53,4,7,17,284,149,287,155,135.53,213.82,91.0
56,41.83,311.5,150.0,4,3,8,310,149,313,151,124.38,212.62,99.12
56,41.83,196.57,151.71,2,4,7,196,150,197,153,136.29,210.0,98.71
56,41.83,236.29,151.14,3,3,7,235,150,237,152,129.0,223.43,66.29
56,41.83,242.71,150.86,3,3,7,242,150,244,152,126.0,221.71,87.71
56,41.83,305.62,153.62,8,8,40,302,150,309,157,126.25,216.85,54.05
56,41.83,263.43,153.29,3,5,7,262,151,264,155,123.0,201.86,94.0
56,41.83,229.22,152.56,5,2,9,227,152,231,153,127.33,175.0,77.44
56,41.83,278.91,155.48,5,8,23,277,152,281,159,135.0,222.39,103.43
56,41.83,295.71,152.43,4,2,7,294,152,297,153,122.0,223.29,63.29
56,41.83,274.22,156.56,3,4,9,273,155,275,158,132.11,215.89,95.78
56,41.83,192.35,165.45,6,11,31,189,160,194,170,137.1,214.23,99.71
56,41.83,186.38,163.5,2,6,8,186,161,187,166,136.62,205.62,113.25
56,41.83,313.14,166.43,5,2,7,311,166,315,167,131.14,223.86,108.43
56,41.83,251.0,172.83,9,11,42,247,168,255,178,131.62,85.12,67.0
56,41.83,195.67,171.11,3,5,9,195,169,197,173,124.22,188.11,83.0
56,41.83,188.0,175.5,9,12,34,184,170,192,181,139.62,199.44,82.88
56,41.83,317.5,170.75,4,3,8,316,170,319,172,129.5,210.0,102.88
56,41.83,182.2,172.0,3,3,5,181,171,183,173,142.8,190.0,117.2
56,41.83,238.0,172.22,4,4,9,236,171,239,174,141.56,92.0,77.44
56,41.83,201.6,174.1,7,3,10,199,173,205,175,134.0,197.8,88.6
56,41.83,277.71,174.14,4,3,7,276,173,279,175,130.57,87.14,68.71
56,41.83,271.61,177.0,4,7,18,270,174,273,180,140.17,96.39,74.72
56,41.83,214.16,176.48,17,4,25,206,175,222,178,134.88,201.92,104.8
56,41.83,240.39,178.56,6,7,18,238,176,243,182,132.44,93.89,69.06
56,41.83,194.25,178.88,10,3,16,190,178,199,180,132.69,188.88,79.81
56,41.83,297.17,180.33,2,5,6,297,178,298,182,136.33,185.67,111.67
56,41.83,248.4,179.8,2,3,5,248,179,249,181,149.0,84.8,51.6
56,41.83,294.0,180.17,3,3,6,293,179,295,181,134.67,181.67,98.17
56,41.83,204.1,180.4,6,2,10,202,180,207,181,130.4,191.7,90.4
56,41.83,288.57,181.29,2,4,7,288,180,289,183,132.57,186.57,97.29
56,41.83,218.0,182.0,9,1,9,214,182,222,182,131.89,182.11,95.67
56,41.83,213.0,183.83,5,2,6,211,183,215,184,125.5,140.33,93.83
56,41.83,28.3,188.35,6,4,20,26,187,31,190,168.95,164.35,76.55
56,41.83,36.38,188.43,6,4,21,34,187,39,190,166.38,158.38,74.52
56,41.83,275.67,188.94,7,5,18,273,187,279,191,154.11,215.67,128.22
56,41.83,12.5,193.0,6,1,6,10,193,15,193,130.33,188.0,109.67
56,41.83,21.5,202.5,2,4,8,21,201,22,204,200.38,56.12,70.75
56,41.83,24.38,202.62,2,5,8,24,201,25,205,208.0,65.12,75.0
56,41.83,283.71,206.5,8,4,28,280,205,287,208,163.61,137.96,20.86
56,41.83,176.5,213.0,6,1,6,174,213,179,213,121.83,107.33,96.83
56,41.83,216.5,213.0,6,1,6,214,213,219,213,122.83,113.5,103.33
56,41.83,129.6,219.2,4,2,5,128,219,131,220,232.6,251.0,239.6
56,41.83,148.8,219.6,3,2,5,148,219,150,220,229.4,241.4,224.2
56,41.83,167.83,219.33,4,2,6,166,219,169,220,241.67,255.0,233.17
56,41.83,177.83,219.33,4,2,6,176,219,179,220,237.83,250.83,231.0
56,41.83,188.83,219.33,4,2,6,187,219,190,220,239.33,254.17,233.33
56,41.83,198.0,219.25,6,2,8,195,219,200,220,233.38,246.62,224.25
57,41.87,40.4,49.2,2,3,5,40,48,41,50,170.6,150.4,141.0
57,41.87,30.5,52.12,4,6,16,29,49,32,54,202.25,187.12,179.0
57,41.87,26.8,51.2,2,4,5,26,50,27,53,213.6,96.6,109.4
57,41.87,97.4,51.2,2,3,5,97,50,98,52,173.0,143.0,140.4
57,41.87,101.6,51.2,2,3,5,101,50,102,52,171.2,141.2,138.8
57,41.87,105.5,51.0,2,3,6,105,50,106,52,171.5,142.67,142.5
57,41.87,109.6,51.2,2,3,5,109,50,110,52,173.0,143.0,140.4
57,41.87,113.5,51.0,2,3,6,113,50,114,52,176.83,141.67,142.83
57,41.87,117.4,51.2,2,3,5,117,50,118,52,177.2,140.8,139.4
57,41.87,23.57,52.29,2,4,7,23,51,24,54,246.86,233.57,236.71
57,41.87,47.22,53.22,5,3,9,45,52,49,54,222.67,211.44,202.22
57,41.87,240.1,94.98,22,17,162,228,88,249,104,213.7,151.73,96.61
57,41.87,246.5,104.0,2,3,6,246,103,247,105,170.67,109.5,139.67
57,41.87,244.87,124.03,18,8,67,236,121,253,128,193.07,125.36,114.39
57,41.87,231.33,124.73,8,4,15,228,123,235,126,198.53,124.67,151.8
57,41.87,254.6,126.16,9,8,25,251,123,259,130,194.88,156.44,153.6
57,41.87,179.43,127.96,7,5,23,177,126,183,130,208.61,150.83,120.13
57,41.87,225.27,127.27,4,4,11,224,126,227,129,185.91,148.18,155.09
57,41.87,133.74,131.63,11,6,35,129,129,139,134,188.06,120.14,120.09
57,41.87,241.5,131.0,4,3,8,240,130,243,132,190.5,155.88,156.25
57,41.87,182.71,131.86,6,2,7,180,131,185,132,167.29,118.29,127.86
57,41.87,195.92,151.33,4,5,12,194,149,197,153,145.33,201.58,101.83
57,41.87,28.52,188.26,6,5,23,26,186,31,190,165.91,174.26,82.78
57,41.87,37.12,188.69,8,5,26,34,187,41,191,175.23,180.96,95.35
57,41.87,267.33,189.0,4,3,6,266,188,269,190,136.5,218.33,114.67
57,41.87,21.5,202.5,2,4,8,21,201,22,204,200.38,56.12,70.75
57,41.87,24.38,202.62,2,5,8,24,201,25,205,208.0,65.12,75.0
57,41.87,283.71,206.5,8,4,28,280,205,287,208,163.61,137.96,20.86
57,41.87,176.5,213.0,6,1,6,174,213,179,213,122.0,107.67,97.0
57,41.87,216.5,213.0,6,1,6,214,213,219,213,122.83,113.5,103.33
57,41.87,129.6,219.2,4,2,5,128,219,131,220,232.6,251.0,239.6
57,41.87,148.8,219.6,3,2,5,148,219,150,220,229.4,241.4,224.2
57,41.87,167.83,219.33,4,2,6,166,219,169,220,241.67,255.0,233.17
57,41.87,177.83,219.33,4,2,6,176,219,179,220,237.83,250.83,231.0
57,41.87,188.83,219.33,4,2,6,187,219,190,220,239.33,254.17,233.33
57,41.87,198.0,219.25,6,2,8,195,219,200,220,233.38,246.62,224.25
58,41.9,40.4,49.2,2,3,5,40,48,41,50,170.6,150.4,141.0
58,41.9,30.5,52.12,4,6,16,29,49,32,54,202.25,187.12,179.0
58,41.9,26.8,51.2,2,4,5,26,50,27,53,213.6,96.6,109.4
58,41.9,97.4,51.2,2,3,5,97,50,98,52,173.0,143.0,140.4
58,41.9,101.6,51.2,2,3,5,101,50,102,52,171.2,141.2,138.8
58,41.9,105.5,51.0,2,3,6,105,50,106,52,171.5,142.67,142.5
58,41.9,109.6,51.2,2,3,5,109,50,110,52,173.0,143.0,140.4
58,41.9,113.5,51.0,2,3,6,113,50,114,52,176.83,141.67,142.83
58,41.9,117.4,51.2,2,3,5,117,50,118,52,177.2,140.8,139.4
58,41.9,23.57,52.29,2,4,7,23,51,24,54,246.86,233.57,236.71
58,41.9,47.22,53.22,5,3,9,45,52,49,54,222.67,211.44,202.22
58,41.9,240.1,94.98,22,17,162,228,88,249,104,213.66,151.74,96.58
58,41.9,246.5,104.0,2,3,6,246,103,247,105,170.67,109.5,139.67
58,41.9,234.85,125.02,22,9,61,224,121,245,129,195.16,130.82,131.79
58,41.9,176.16,129.68,10,7,37,172,127,181,133,190.84,130.43,116.46
58,41.9,230.71,131.86,11,6,21,226,128,236,133,171.76,135.9,131.67
58,41.9,125.0,130.14,6,4,14,122,129,127,132,203.21,130.86,113.5
58,41.9,120.4,131.0,2,3,5,120,130,121,132,173.0,114.0,104.4
58,41.9,238.67,131.33,4,3,6,237,130,240,132,190.0,153.0,140.33
58,41.9,267.29,148.43,5,2,7,265,148,269,149,128.43,215.0,99.71
58,41.9,197.08,152.77,5,4,13,195,151,199,154,143.31,193.62,93.15
58,41.9,193.0,155.4,3,2,5,192,155,194,156,132.6,201.0,109.4
58,41.9,27.93,188.36,8,5,28,24,186,31,190,170.5,188.0,94.32
58,41.9,36.5,188.17,6,5,24,34,186,39,190,178.25,180.62,92.42
58,41.9,21.5,202.5,2,4,8,21,201,22,204,200.38,56.12,70.75
58,41.9,24.38,202.62,2,5,8,24,201,25,205,208.0,65.12,75.0
58,41.9,283.71,206.5,8,4,28,280,205,287,208,163.61,137.96,20.86
58,41.9,176.5,213.0,6,1,6,174,213,179,213,122.0,107.67,97.0
58,41.9,216.5,213.0,6,1,6,214,213,219,213,122.83,113.5,103.33
58,41.9,129.6,219.2,4,2,5,128,219,131,220,232.6,251.0,239.6
58,41.9,148.8,219.6,3,2,5,148,219,150,220,229.4,241.4,224.2
58,41.9,167.83,219.33,4,2,6,166,219,169,220,241.67,255.0,233.17
58,41.9,177.83,219.33,4,2,6,176,219,179,220,237.83,250.83,231.0
58,41.9,188.83,219.33,4,2,6,187,219,190,220,239.33,254.17,233.33
58,41.9,198.0,219.25,6,2,8,195,219,200,220,233.38,246.62,224.25
59,41.93,40.4,49.2,2,3,5,40,48,41,50,170.6,150.4,141.0
59,41.93,30.5,52.12,4,6,16,29,49,32,54,202.25,187.12,179.0
59,41.93,26.8,51.2,2,4,5,26,50,27,53,213.6,96.6,109.4
59,41.93,97.4,51.2,2,3,5,97,50,98,52,173.0,143.0,140.4
59,41.93,101.6,51.2,2,3,5,101,50,102,52,171.2,141.2,138.8
59,41.93,105.5,51.0,2,3,6,105,50,106,52,171.5,142.67,142.5
59,41.93,109.6,51.2,2,3,5,109,50,110,52,173.0,143.0,140.4
59,41.93,113.5,51.0,2,3,6,113,50,114,52,176.83,141.67,142.83
59,41.93,117.4,51.2,2,3,5,117,50,118,52,177.2,140.8,139.4
59,41.93,23.57,52.29,2,4,7,23,51,24,54,246.86,233.57,236.71
59,41.93,47.22,53.22,5,3,9,45,52,49,54,222.67,211.44,202.22
59,41.93,240.1,94.98,22,17,162,228,88,249,104,213.77,151.83,95.46
59,41.93,246.5,104.0,2,3,6,246,103,247,105,170.67,109.5,139.67
59,41.93,234.56,124.95,22,9,63,224,121,245,129,188.81,129.56,131.46
59,41.93,174.76,129.66,9,5,29,171,128,179,132,197.9,130.28,113.48
59,41.93,121.53,130.11,8,4,19,118,129,125,132,200.32,127.05,126.05
59,41.93,234.2,131.6,3,2,5,233,131,235,132,161.6,132.4,120.4
59,41.93,228.1,132.2,8,2,10,224,132,231,133,170.2,140.1,137.0
59,41.93,197.08,152.77,5,4,13,195,151,199,154,143.31,193.62,93.15
59,41.93,193.0,155.4,3,2,5,192,155,194,156,132.6,201.0,109.4
59,41.93,27.83,188.2,8,5,30,24,186,31,190,167.1,189.23,95.37
59,41.93,36.5,188.17,6,5,24,34,186,39,190,177.79,180.21,91.96
59,41.93,21.5,202.5,2,4,8,21,201,22,204,200.38,56.12,70.75
59,41.93,24.38,202.62,2,5,8,24,201,25,205,208.0,65.12,75.0
59,41.93,283.71,206.5,8,4,28,280,205,287,208,163.61,137.96,20.86
59,41.93,176.5,213.0,6,1,6,174,213,179,213,122.0,107.67,97.0
59,41.93,216.5,213.0,6,1,6,214,213,219,213,122.83,113.5,103.33
59,41.93,129.6,219.2,4,2,5,128,219,131,220,232.6,251.0,239.6
59,41.93,148.8,219.6,3,2,5,148,219,150,220,229.4,241.4,224.2
59,41.93,167.83,219.33,4,2,6,166,219,169,220,241.67,255.0,233.17
59,41.93,177.83,219.33,4,2,6,176,219,179,220,237.83,250.83,231.0
59,41.93,188.83,219.33,4,2,6,187,219,190,220,239.33,254.17,233.33
59,41.93,198.0,219.25,6,2,8,195,219,200,220,233.38,246.62,224.25
60,41.97,40.4,49.2,2,3,5,40,48,41,50,170.6,150.4,141.0
60,41.97,30.5,52.12,4,6,16,29,49,32,54,202.25,187.12,179.0
60,41.97,26.8,51.2,2,4,5,26,50,27,53,213.6,96.6,109.4
60,41.97,97.4,51.2,2,3,5,97,50,98,52,173.0,143.0,140.4
60,41.97,101.6,51.2,2,3,5,101,50,102,52,171.2,141.2,138.8
60,41.97,105.5,51.0,2,3,6,105,50,106,52,171.5,142.67,142.5
60,41.97,109.6,51.2,2,3,5,109,50,110,52,173.0,143.0,140.4
60,41.97,113.5,51.0,2,3,6,113,50,114,52,176.83,141.67,142.83
60,41.97,117.4,51.2,2,3,5,117,50,118,52,177.2,140.8,139.4
60,41.97,23.57,52.29,2,4,7,23,51,24,54,246.86,233.57,236.71
60,41.97,47.22,53.22,5,3,9,45,52,49,54,222.67,211.44,202.22
60,41.97,240.1,94.98,22,17,162,228,88,249,104,213.77,151.83,95.46
60,41.97,246.5,104.0,2,3,6,246,103,247,105,170.67,109.5,139.67
60,41.97,237.11,124.53,18,7,47,228,121,245,127,191.68,130.11,140.0
60,41.97,221.14,126.25,12,8,51,216,123,227,130,195.08,123.55,111.59
60,41.97,169.27,129.23,8,4,22,166,128,173,131,215.0,137.36,118.91
60,41.97,108.33,130.67,2,4,6,108,129,109,132,176.0,118.33,116.83
60,41.97,113.5,130.28,8,4,18,110,129,117,132,189.78,121.94,111.44
60,41.97,162.33,130.17,2,4,6,162,129,163,132,199.17,148.5,167.5
60,41.97,215.17,131.67,4,2,6,214,131,217,132,173.67,149.67,149.67
60,41.97,169.73,133.53,8,4,15,166,132,173,135,192.47,143.33,145.6
60,41.97,195.31,153.38,4,5,13,194,151,197,155,147.38,194.54,97.15
60,41.97,224.25,155.88,4,4,8,223,154,226,157,138.5,176.62,101.75
60,41.97,27.83,188.2,8,5,30,24,186,31,190,180.3,202.3,108.67
60,41.97,36.5,188.17,6,5,24,34,186,39,190,178.21,182.46,94.29
60,41.97,21.5,202.5,2,4,8,21,201,22,204,200.38,56.12,70.75
60,41.97,24.38,202.62,2,5,8,24,201,25,205,208.0,65.12,75.0
60,41.97,283.71,206.5,8,4,28,280,205,287,208,163.61,137.96,20.86
60,41.97,176.5,213.0,6,1,6,174,213,179,213,122.0,107.67,97.0
60,41.97,216.5,213.0,6,1,6,214,213,219,213,122.83,113.5,103.33
60,41.97,129.6,219.2,4,2,5,128,219,131,220,232.6,251.0,239.6
60,41.97,148.8,219.6,3,2,5,148,219,150,220,229.4,241.4,224.2
60,41.97,167.83,219.33,4,2,6,166,219,169,220,241.67,255.0,233.17
60,41.97,177.83,219.33,4,2,6,176,219,179,220,237.83,250.83,231.0
60,41.97,188.83,219.33,4,2,6,187,219,190,220,239.33,254.17,233.33
60,41.97,198.0,219.25,6,2,8,195,219,200,220,233.38,246.62,224.25
61,42.0,40.4,49.2,2,3,5,40,48,41,50,170.6,150.4,141.0
61,42.0,30.5,52.12,4,6,16,29,49,32,54,202.25,187.12,179.0
61,42.0,26.8,51.2,2,4,5,26,50,27,53,213.6,96.6,109.4
61,42.0,97.4,51.2,2,3,5,97,50,98,52,173.0,143.0,140.4
61,42.0,101.6,51.2,2,3,5,101,50,102,52,171.2,141.2,138.8
61,42.0,105.5,51.0,2,3,6,105,50,106,52,171.5,142.67,142.5
61,42.0,109.6,51.2,2,3,5,109,50,110,52,173.0,143.0,140.4
61,42.0,113.5,51.0,2,3,6,113,50,114,52,176.83,141.67,142.83
61,42.0,117.4,51.2,2,3,5,117,50,118,52,177.2,140.8,139.4
61,42.0,23.57,52.29,2,4,7,23,51,24,54,246.86,233.57,236.71
61,42.0,47.22,53.22,5,3,9,45,52,49,54,222.67,211.44,202.22
61,42.0,240.1,94.98,22,17,162,228,88,249,104,213.77,151.83,95.46
61,42.0,246.5,104.0,2,3,6,246,103,247,105,170.67,109.5,139.67
61,42.0,237.13,124.48,18,7,46,228,121,245,127,192.87,131.02,140.72
61,42.0,214.95,127.08,14,8,63,208,124,221,131,198.73,127.0,102.6
61,42.0,225.5,126.5,4,2,6,224,126,227,127,174.67,119.5,146.33
61,42.0,165.36,130.09,10,6,33,160,128,169,133,210.55,121.36,118.12
61,42.0,109.0,130.14,6,4,14,106,129,111,132,193.64,133.29,113.29
61,42.0,104.4,131.0,2,3,5,104,130,105,132,160.4,116.2,109.0
61,42.0,216.0,132.0,5,1,5,214,132,218,132,160.2,125.2,130.8
61,42.0,193.57,152.71,2,4,7,193,151,194,154,140.71,213.14,106.43
61,42.0,27.86,188.07,8,5,28,24,186,31,190,173.07,192.96,98.14
61,42.0,36.38,188.43,6,4,21,34,187,39,190,168.67,160.62,76.86
61,42.0,267.83,188.67,4,2,6,266,188,269,189,138.33,224.17,116.0
61,42.0,21.5,202.5,2,4,8,21,201,22,204,200.38,56.12,70.75
61,42.0,24.38,202.62,2,5,8,24,201,25,205,208.0,65.12,75.0
61,42.0,283.71,206.5,8,4,28,280,205,287,208,163.61,137.96,20.86
61,42.0,176.5,213.0,6,1,6,174,213,179,213,122.0,107.67,97.0
61,42.0,216.5,213.0,6,1,6,214,213,219,213,122.83,113.5,103.33
61,42.0,129.6,219.2,4,2,5,128,219,131,220,232.6,251.0,239.6
61,42.0,148.8,219.6,3,2,5,148,219,150,220,229.4,241.4,224.2
61,42.0,167.83,219.33,4,2,6,166,219,169,220,241.67,255.0,233.17
61,42.0,177.83,219.33,4,2,6,176,219,179,220,237.83,250.83,231.0
61,42.0,188.83,219.33,4,2,6,187,219,190,220,239.33,254.17,233.33
61,42.0,198.0,219.25,6,2,8,195,219,200,220,233.38,246.62,224.25
62,42.03,40.4,49.2,2,3,5,40,48,41,50,170.6,150.4,141.0
62,42.03,30.5,52.12,4,6,16,29,49,32,54,202.25,187.12,179.0
62,42.03,26.8,51.2,2,4,5,26,50,27,53,213.6,96.6,109.4
62,42.03,97.4,51.2,2,3,5,97,50,98,52,173.0,143.0,140.4
62,42.03,101.6,51.2,2,3,5,101,50,102,52,171.2,141.2,138.8
62,42.03,105.5,51.0,2,3,6,105,50,106,52,171.5,142.67,142.5
62,42.03,109.6,51.2,2,3,5,109,50,110,52,173.0,143.0,140.4
62,42.03,113.5,51.0,2,3,6,113,50,114,52,176.83,141.67,142.83
62,42.03,117.4,51.2,2,3,5,117,50,118,52,177.2,140.8,139.4
62,42.03,23.57,52.29,2,4,7,23,51,24,54,246.86,233.57,236.71
62,42.03,47.22,53.22,5,3,9,45,52,49,54,222.67,211.44,202.22
62,42.03,240.1,94.98,22,17,162,228,88,249,104,213.77,151.83,95.46
62,42.03,246.5,104.0,2,3,6,246,103,247,105,170.67,109.5,139.67
62,42.03,317.6,121.46,5,12,35,315,117,319,128,201.2,144.54,101.91
62,42.03,306.8,120.4,3,2,5,306,120,308,121,226.0,170.4,206.8
62,42.03,237.13,124.48,18,7,46,228,121,245,127,193.24,131.17,140.37
62,42.03,208.39,126.54,13,7,41,203,124,215,130,213.66,119.61,110.15
62,42.03,224.83,126.67,3,3,6,224,126,226,128,171.17,117.33,154.17
62,42.03,154.6,128.8,2,3,5,154,128,155,130,178.8,123.2,146.2
62,42.03,162.32,129.96,8,6,28,158,128,165,133,207.68,122.71,98.68
62,42.03,103.68,130.45,8,4,22,100,129,107,132,191.14,117.27,105.09
62,42.03,212.33,130.33,3,3,6,211,129,213,131,202.83,129.67,136.0
62,42.03,202.17,132.0,3,3,6,201,131,203,133,185.67,151.33,154.67
62,42.03,157.88,132.5,5,2,8,156,132,160,133,186.88,138.25,129.38
62,42.03,209.88,146.38,5,2,8,208,146,212,147,129.25,214.38,83.0
62,42.03,216.71,146.71,5,2,7,215,146,219,147,135.71,223.57,102.29
62,42.03,196.88,148.5,5,3,8,195,147,199,149,132.5,201.88,100.0
62,42.03,191.6,153.2,2,3,5,191,152,192,154,134.8,204.2,100.6
62,42.03,28.28,187.92,6,5,25,26,186,31,190,166.96,178.72,86.36
62,42.03,36.39,188.22,6,5,23,34,186,39,190,164.65,164.43,76.61
62,42.03,267.71,188.86,4,3,7,266,188,269,190,144.86,228.71,123.0
62,42.03,21.5,202.5,2,4,8,21,201,22,204,200.38,56.12,70.75
62,42.03,24.38,202.62,2,5,8,24,201,25,205,208.0,65.12,75.0
62,42.03,283.71,206.5,8,4,28,280,205,287,208,163.61,137.96,20.86
62,42.03,176.5,213.0,6,1,6,174,213,179,213,121.83,107.33,96.83
62,42.03,216.5,213.0,6,1,6,214,213,219,213,122.83,113.5,103.33
62,42.03,129.6,219.2,4,2,5,128,219,131,220,232.6,251.0,239.6
62,42.03,148.8,219.6,3,2,5,148,219,150,220,229.4,241.4,224.2
62,42.03,167.83,219.33,4,2,6,166,219,169,220,241.67,255.0,233.17
62,42.03,177.83,219.33,4,2,6,176,219,179,220,237.83,250.83,231.0
62,42.03,188.83,219.33,4,2,6,187,219,190,220,239.33,254.17,233.33
62,42.03,198.0,219.25,6,2,8,195,219,200,220,233.38,246.62,224.25
63,42.07,40.4,49.2,2,3,5,40,48,41,50,170.6,150.4,141.0
63,42.07,30.5,52.12,4,6,16,29,49,32,54,202.25,187.12,179.0
63,42.07,26.8,51.2,2,4,5,26,50,27,53,213.6,96.6,109.4
63,42.07,97.4,51.2,2,3,5,97,50,98,52,173.0,143.0,140.4
63,42.07,101.6,51.2,2,3,5,101,50,102,52,171.2,141.2,138.8
63,42.07,105.5,51.0,2,3,6,105,50,106,52,171.5,142.67,142.5
63,42.07,109.6,51.2,2,3,5,109,50,110,52,173.0,143.0,140.4
63,42.07,113.5,51.0,2,3,6,113,50,114,52,176.83,141.67,142.83
63,42.07,117.4,51.2,2,3,5,117,50,118,52,177.2,140.8,139.4
63,42.07,23.57,52.29,2,4,7,23,51,24,54,246.86,233.57,236.71
63,42.07,47.22,53.22,5,3,9,45,52,49,54,222.67,211.44,202.22
63,42.07,240.1,94.98,22,17,162,228,88,249,104,213.77,151.83,95.46
63,42.07,246.5,104.0,2,3,6,246,103,247,105,170.67,109.5,139.67
63,42.07,295.07,122.12,16,11,82,288,118,303,128,202.84,128.41,75.0
63,42.07,237.13,124.48,18,7,46,228,121,245,127,192.98,131.2,140.74
63,42.07,301.71,127.82,13,12,38,294,121,306,132,198.45,160.29,153.5
63,42.07,274.5,123.0,6,1,6,272,123,277,123,163.5,142.5,141.17
63,42.07,200.26,128.9,14,12,88,194,124,207,135,204.35,138.76,120.18
63,42.07,225.12,126.75,4,3,8,224,126,227,128,177.12,123.12,153.25
63,42.07,286.85,129.85,8,5,13,284,127,291,131,179.54,126.0,125.08
63,42.07,155.04,129.5,12,5,28,150,128,161,132,178.5,98.71,104.21
63,42.07,98.81,130.31,6,4,16,96,129,101,132,187.88,121.56,116.88
63,42.07,129.73,132.91,4,5,11,128,131,131,135,244.27,194.73,249.82
63,42.07,156.27,132.73,10,3,15,152,132,161,134,177.07,124.93,133.93
63,42.07,212.43,148.14,6,2,7,210,148,215,149,125.0,216.43,89.14
63,42.07,219.17,149.0,3,3,6,218,148,220,150,125.33,222.83,103.83
63,42.07,41.5,185.5,4,2,8,40,185,43,186,130.75,211.12,97.62
63,42.07,28.52,188.26,6,5,23,26,186,31,190,173.48,176.26,88.7
63,42.07,36.5,188.36,6,4,22,34,187,39,190,178.32,173.55,89.64
63,42.07,21.5,202.5,2,4,8,21,201,22,204,200.38,56.12,70.75
63,42.07,24.38,202.62,2,5,8,24,201,25,205,208.0,65.12,75.0
63,42.07,283.71,206.5,8,4,28,280,205,287,208,163.61,137.96,20.86
63,42.07,176.5,213.0,6,1,6,174,213,179,213,122.0,107.67,97.0
63,42.07,216.5,213.0,6,1,6,214,213,219,213,122.83,113.5,103.33
63,42.07,129.6,219.2,4,2,5,128,219,131,220,232.6,251.0,239.6
63,42.07,148.8,219.6,3,2,5,148,219,150,220,229.4,241.4,224.2
63,42.07,167.83,219.33,4,2,6,166,219,169,220,241.67,255.0,233.17
63,42.07,177.83,219.33,4,2,6,176,219,179,220,237.83,250.83,231.0
63,42.07,188.83,219.33,4,2,6,187,219,190,220,239.33,254.17,233.33
63,42.07,198.0,219.25,6,2,8,195,219,200,220,233.38,246.62,224.25
64,42.1,40.4,49.2,2,3,5,40,48,41,50,170.6,150.4,141.0
64,42.1,30.5,52.12,4,6,16,29,49,32,54,202.25,187.12,179.0
64,42.1,26.8,51.2,2,4,5,26,50,27,53,213.6,96.6,109.4
64,42.1,97.4,51.2,2,3,5,97,50,98,52,173.0,143.0,140.4
64,42.1,101.6,51.2,2,3,5,101,50,102,52,171.2,141.2,138.8
64,42.1,105.5,51.0,2,3,6,105,50,106,52,171.5,142.67,142.5
64,42.1,109.6,51.2,2,3,5,109,50,110,52,173.0,143.0,140.4
64,42.1,113.5,51.0,2,3,6,113,50,114,52,176.83,141.67,142.83
64,42.1,117.4,51.2,2,3,5,117,50,118,52,177.2,140.8,139.4
64,42.1,23.57,52.29,2,4,7,23,51,24,54,246.86,233.57,236.71
64,42.1,47.22,53.22,5,3,9,45,52,49,54,222.67,211.44,202.22
64,42.1,240.1,94.98,22,17,162,228,88,249,104,213.82,151.96,94.44
64,42.1,246.5,104.0,2,3,6,246,103,247,105,171.33,109.0,139.67
64,42.1,264.56,124.98,18,14,124,256,120,273,133,216.69,137.27,103.22
64,42.1,243.42,122.75,4,4,12,242,121,245,124,193.0,150.25,162.17
64,42.1,232.07,124.8,7,4,15,229,123,235,126,189.67,127.53,142.87
64,42.1,250.71,124.86,2,5,7,250,123,251,127,185.86,125.43,149.71
64,42.1,192.16,126.62,10,7,32,188,124,197,130,197.81,123.28,109.16
64,42.1,184.5,128.0,2,3,6,184,127,185,129,187.17,162.0,166.67
64,42.1,132.68,131.95,5,8,19,131,128,135,135,244.16,196.89,248.26
64,42.1,255.11,130.37,8,5,19,252,128,259,132,186.63,149.05,146.79
64,42.1,146.85,130.38,4,4,13,145,129,148,132,202.62,142.77,135.31
64,42.1,150.71,130.57,2,5,7,150,129,151,133,183.0,96.14,86.0
64,42.1,89.85,131.77,5,5,13,88,130,92,134,191.62,133.15,123.23
64,42.1,187.17,131.67,4,2,6,186,131,189,132,189.67,160.83,161.83
64,42.1,208.67,147.5,4,3,6,207,147,210,149,134.17,217.5,76.0
64,42.1,217.2,147.2,4,2,5,216,147,219,148,132.8,222.0,95.0
64,42.1,161.17,148.33,4,2,6,160,148,163,149,130.17,226.17,92.0
64,42.1,186.75,148.62,5,3,8,185,148,189,150,135.38,222.0,111.88
64,42.1,193.0,148.83,3,3,6,192,148,194,150,135.17,208.33,100.67
64,42.1,188.36,153.09,3,5,11,187,151,189,155,140.0,220.55,106.36
64,42.1,66.5,168.0,2,3,6,66,167,67,169,141.33,226.33,123.33
64,42.1,36.5,188.17,6,5,24,34,186,39,190,178.25,180.71,92.62
64,42.1,27.88,188.54,8,4,26,24,187,31,190,173.88,186.42,95.92
64,42.1,21.5,202.5,2,4,8,21,201,22,204,200.38,56.12,70.75
64,42.1,24.38,202.62,2,5,8,24,201,25,205,208.0,65.12,75.0
64,42.1,283.71,206.5,8,4,28,280,205,287,208,163.61,137.96,20.86
64,42.1,176.5,213.0,6,1,6,174,213,179,213,122.0,107.67,97.0
64,42.1,216.5,213.0,6,1,6,214,213,219,213,122.83,113.5,103.33
64,42.1,129.6,219.2,4,2,5,128,219,131,220,232.6,251.0,239.6
64,42.1,148.8,219.6,3,2,5,148,219,150,220,229.4,241.4,224.2
64,42.1,167.83,219.33,4,2,6,166,219,169,220,241.67,255.0,233.17
64,42.1,177.83,219.33,4,2,6,176,219,179,220,237.83,250.83,231.0
64,42.1,188.83,219.33,4,2,6,187,219,190,220,239.33,254.17,233.33
64,42.1,198.0,219.25,6,2,8,195,219,200,220,233.38,246.62,224.25
65,42.13,40.4,49.2,2,3,5,40,48,41,50,170.6,150.4,141.0
65,42.13,30.5,52.12,4,6,16,29,49,32,54,202.25,187.12,179.0
65,42.13,26.8,51.2,2,4,5,26,50,27,53,213.6,96.6,109.4
65,42.13,97.4,51.2,2,3,5,97,50,98,52,173.0,143.0,140.4
65,42.13,101.6,51.2,2,3,5,101,50,102,52,171.2,141.2,138.8
65,42.13,105.5,51.0,2,3,6,105,50,106,52,171.5,142.67,142.5
65,42.13,109.6,51.2,2,3,5,109,50,110,52,173.0,143.0,140.4
65,42.13,113.5,51.0,2,3,6,113,50,114,52,176.83,141.67,142.83
65,42.13,117.4,51.2,2,3,5,117,50,118,52,177.2,140.8,139.4
65,42.13,23.57,52.29,2,4,7,23,51,24,54,246.86,233.57,236.71
65,42.13,47.22,53.22,5,3,9,45,52,49,54,222.67,211.44,202.22
65,42.13,239.91,94.8,22,18,159,228,87,249,104,216.49,152.54,93.55
65,42.13,256.47,125.3,32,13,158,238,120,269,132,208.56,135.6,114.73
65,42.13,232.2,124.87,6,5,15,230,123,235,127,193.93,136.33,145.0
65,42.13,188.75,127.61,8,7,28,186,125,193,131,198.36,136.39,126.14
65,42.13,182.85,130.31,5,7,13,181,127,185,133,193.85,135.23,152.92
65,42.13,134.44,131.12,4,8,16,133,128,136,135,239.94,197.88,248.38
65,42.13,144.14,130.71,4,5,14,143,129,146,133,204.5,135.79,119.29
65,42.13,148.5,131.0,2,3,6,148,130,149,132,174.5,123.33,125.33
65,42.13,86.67,132.0,6,4,15,84,131,89,134,180.27,126.33,121.4
65,42.13,140.4,132.6,2,4,5,140,131,141,134,180.6,116.8,129.0
65,42.13,192.43,131.71,5,2,7,190,131,194,132,183.57,136.71,152.0
65,42.13,216.58,147.89,8,5,19,213,146,220,150,134.95,213.74,97.95
65,42.13,159.5,148.5,4,2,8,158,148,161,149,126.75,221.75,93.12
65,42.13,193.4,149.4,3,3,5,192,148,194,150,138.4,212.8,109.0
65,42.13,185.88,150.41,7,5,17,184,149,190,153,135.0,213.24,111.12
65,42.13,219.4,150.4,4,2,5,218,150,221,151,125.4,224.2,85.6
65,42.13,188.92,153.23,5,6,13,187,151,191,156,141.46,211.08,100.62
65,42.13,36.5,188.17,6,5,24,34,186,39,190,179.21,181.58,93.54
65,42.13,27.88,188.54,8,4,26,24,187,31,190,173.58,186.19,96.19
65,42.13,21.5,202.5,2,4,8,21,201,22,204,200.38,56.12,70.75
65,42.13,24.38,202.62,2,5,8,24,201,25,205,208.0,65.12,75.0
65,42.13,283.71,206.5,8,4,28,280,205,287,208,163.61,137.96,20.86
65,42.13,176.5,213.0,6,1,6,174,213,179,213,122.0,107.67,97.0
65,42.13,216.5,213.0,6,1,6,214,213,219,213,122.83,113.5,103.33
65,42.13,129.6,219.2,4,2,5,128,219,131,220,232.6,251.0,239.6
65,42.13,148.8,219.6,3,2,5,148,219,150,220,229.4,241.4,224.2
65,42.13,167.83,219.33,4,2,6,166,219,169,220,241.67,255.0,233.17
65,42.13,177.83,219.33,4,2,6,176,219,179,220,237.83,250.83,231.0
65,42.13,188.83,219.33,4,2,6,187,219,190,220,239.33,254.17,233.33
65,42.13,198.0,219.25,6,2,8,195,219,200,220,233.38,246.62,224.25
66,42.17,40.4,49.2,2,3,5,40,48,41,50,170.6,150.4,141.0
66,42.17,30.5,52.12,4,6,16,29,49,32,54,202.25,187.12,179.0
66,42.17,26.8,51.2,2,4,5,26,50,27,53,213.6,96.6,109.4
66,42.17,97.4,51.2,2,3,5,97,50,98,52,173.0,143.0,140.4
66,42.17,101.6,51.2,2,3,5,101,50,102,52,171.2,141.2,138.8
66,42.17,105.5,51.0,2,3,6,105,50,106,52,171.5,142.67,142.5
66,42.17,109.6,51.2,2,3,5,109,50,110,52,173.0,143.0,140.4
66,42.17,113.5,51.0,2,3,6,113,50,114,52,176.83,141.67,142.83
66,42.17,117.4,51.2,2,3,5,117,50,118,52,177.2,140.8,139.4
66,42.17,23.57,52.29,2,4,7,23,51,24,54,246.86,233.57,236.71
66,42.17,47.22,53.22,5,3,9,45,52,49,54,222.67,211.44,202.22
66,42.17,239.96,94.81,22,18,160,228,87,249,104,215.22,152.17,93.76
66,42.17,245.35,124.62,27,11,107,230,120,256,130,195.09,130.39,115.76
66,42.17,140.96,130.65,5,10,26,139,126,143,135,237.62,202.27,242.92
66,42.17,179.63,128.16,7,4,19,177,127,183,130,201.16,139.16,109.68
66,42.17,238.83,129.92,8,4,12,236,128,243,131,195.17,163.33,173.33
66,42.17,133.56,131.33,4,4,9,132,130,135,133,193.44,132.22,112.0
66,42.17,183.11,131.44,6,3,9,180,130,185,132,178.56,123.78,135.44
66,42.17,76.65,133.04,6,5,23,74,131,79,135,204.57,139.22,145.35
66,42.17,175.2,131.8,4,2,5,174,131,177,132,158.0,119.8,125.2
66,42.17,226.46,148.08,6,3,13,224,147,229,149,131.08,226.54,78.69
66,42.17,186.5,151.5,5,3,8,185,151,189,153,137.5,214.88,110.38
66,42.17,224.4,158.8,2,3,5,224,158,225,160,125.4,187.8,86.2
66,42.17,27.93,188.36,8,5,28,24,186,31,190,180.71,198.46,104.71
66,42.17,36.5,188.17,6,5,24,34,186,39,190,180.5,182.67,94.83
66,42.17,1.17,193.67,4,2,6,0,193,3,194,142.67,129.0,87.33
66,42.17,21.5,202.5,2,4,8,21,201,22,204,200.38,56.12,70.75
66,42.17,24.38,202.62,2,5,8,24,201,25,205,208.0,65.12,75.0
66,42.17,283.71,206.5,8,4,28,280,205,287,208,163.61,137.96,20.86
66,42.17,176.5,213.0,6,1,6,174,213,179,213,122.0,107.67,97.0
66,42.17,216.5,213.0,6,1,6,214,213,219,213,122.83,113.5,103.33
66,42.17,129.6,219.2,4,2,5,128,219,131,220,232.6,251.0,239.6
66,42.17,148.8,219.6,3,2,5,148,219,150,220,229.4,241.4,224.2
66,42.17,167.83,219.33,4,2,6,166,219,169,220,241.67,255.0,233.17
66,42.17,177.83,219.33,4,2,6,176,219,179,220,237.83,250.83,231.0
66,42.17,188.83,219.33,4,2,6,187,219,190,220,239.33,254.17,233.33
66,42.17,198.0,219.25,6,2,8,195,219,200,220,233.38,246.62,224.25
67,42.2,40.4,49.2,2,3,5,40,48,41,50,170.6,150.4,141.0
67,42.2,30.5,52.12,4,6,16,29,49,32,54,202.25,187.12,179.0
67,42.2,26.8,51.2,2,4,5,26,50,27,53,213.6,96.6,109.4
67,42.2,97.4,51.2,2,3,5,97,50,98,52,173.0,143.0,140.4
67,42.2,101.6,51.2,2,3,5,101,50,102,52,171.2,141.2,138.8
67,42.2,105.5,51.0,2,3,6,105,50,106,52,171.5,142.67,142.5
67,42.2,109.6,51.2,2,3,5,109,50,110,52,173.0,143.0,140.4
67,42.2,113.5,51.0,2,3,6,113,50,114,52,176.83,141.67,142.83
67,42.2,117.4,51.2,2,3,5,117,50,118,52,177.2,140.8,139.4
67,42.2,23.57,52.29,2,4,7,23,51,24,54,246.86,233.57,236.71
67,42.2,47.22,53.22,5,3,9,45,52,49,54,222.67,211.44,202.22
67,42.2,240.01,94.81,22,18,161,228,87,249,104,214.67,151.55,93.88
67,42.2,237.09,125.26,16,11,57,230,121,245,131,199.65,146.23,143.44
67,42.2,145.32,129.96,4,10,28,144,126,147,135,240.64,206.61,246.96
67,42.2,225.14,127.29,4,3,7,224,126,227,128,173.43,120.43,146.14
67,42.2,244.0,129.09,4,5,11,242,127,245,131,196.55,152.55,151.82
67,42.2,148.67,130.17,2,5,6,148,128,149,132,196.17,62.5,157.33
67,42.2,176.03,130.09,9,6,32,173,128,181,133,197.91,132.47,123.28
67,42.2,127.94,131.0,8,4,18,124,130,131,133,186.5,126.33,118.0
67,42.2,73.53,132.07,8,4,15,70,131,77,134,179.93,125.47,131.87
67,42.2,216.29,147.47,8,4,17,213,146,220,149,135.47,217.35,91.71
67,42.2,203.6,148.6,4,2,5,202,148,205,149,128.6,221.2,62.6
67,42.2,156.0,149.5,3,2,6,155,149,157,150,131.5,227.17,108.0
67,42.2,183.47,154.07,4,7,15,182,151,185,157,137.4,213.2,102.2
67,42.2,207.71,155.71,4,3,7,206,155,209,157,124.14,84.29,68.0
67,42.2,225.33,159.17,3,3,6,224,158,226,160,139.83,197.33,104.5
67,42.2,27.85,188.3,8,5,27,24,186,31,190,173.78,191.96,96.0
67,42.2,36.52,188.26,6,5,23,34,186,39,190,166.52,165.43,79.3
67,42.2,267.71,188.86,4,3,7,266,188,269,190,140.0,223.71,118.43
67,42.2,1.17,193.67,4,2,6,0,193,3,194,143.0,129.33,87.67
67,42.2,21.5,202.5,2,4,8,21,201,22,204,200.38,56.12,70.75
67,42.2,24.38,202.62,2,5,8,24,201,25,205,208.0,65.12,75.0
67,42.2,283.71,206.5,8,4,28,280,205,287,208,163.61,137.96,20.86
67,42.2,176.5,213.0,6,1,6,174,213,179,213,122.0,107.67,97.0
67,42.2,216.5,213.0,6,1,6,214,213,219,213,122.83,113.5,103.33
67,42.2,129.6,219.2,4,2,5,128,219,131,220,232.6,251.0,239.6
67,42.2,148.8,219.6,3,2,5,148,219,150,220,229.4,241.4,224.2
67,42.2,167.83,219.33,4,2,6,166,219,169,220,241.67,255.0,233.17
67,42.2,177.83,219.33,4,2,6,176,219,179,220,237.83,250.83,231.0
67,42.2,188.83,219.33,4,2,6,187,219,190,220,239.33,254.17,233.33
67,42.2,198.0,219.25,6,2,8,195,219,200,220,233.38,246.62,224.25
68,42.23,40.4,49.2,2,3,5,40,48,41,50,170.6,150.4,141.0
68,42.23,30.5,52.12,4,6,16,29,49,32,54,202.25,187.12,179.0
68,42.23,26.8,51.2,2,4,5,26,50,27,53,213.6,96.6,109.4
68,42.23,97.4,51.2,2,3,5,97,50,98,52,173.0,143.0,140.4
68,42.23,101.6,51.2,2,3,5,101,50,102,52,171.2,141.2,138.8
68,42.23,105.5,51.0,2,3,6,105,50,106,52,171.5,142.67,142.5
68,42.23,109.6,51.2,2,3,5,109,50,110,52,173.0,143.0,140.4
68,42.23,113.5,51.0,2,3,6,113,50,114,52,176.83,141.67,142.83
68,42.23,117.4,51.2,2,3,5,117,50,118,52,177.2,140.8,139.4
68,42.23,23.57,52.29,2,4,7,23,51,24,54,246.86,233.57,236.71
68,42.23,47.22,53.22,5,3,9,45,52,49,54,222.67,211.44,202.22
68,42.23,240.01,94.81,22,18,161,228,87,249,104,214.64,151.57,93.88
68,42.23,241.91,123.52,8,6,23,238,121,245,126,194.3,139.52,148.09
68,42.23,224.46,128.23,6,10,26,222,123,227,132,191.77,141.92,140.65
68,42.23,231.58,124.75,4,5,12,230,123,233,127,197.42,143.58,142.5
68,42.23,153.5,129.5,6,6,14,151,127,156,132,236.29,194.36,239.36
68,42.23,173.17,129.09,8,5,23,170,128,177,132,201.96,138.39,112.7
68,42.23,217.83,129.0,3,3,6,217,128,219,130,205.5,157.83,176.0
68,42.23,119.0,130.0,6,3,13,116,129,121,131,203.08,131.77,102.15
68,42.23,233.0,129.71,3,3,7,232,129,234,131,216.57,174.0,189.43
68,42.23,70.78,132.67,5,3,9,69,132,73,134,181.0,134.67,131.22
68,42.23,154.0,133.0,5,3,7,152,132,156,134,196.43,81.14,134.86
68,42.23,174.62,133.0,6,3,8,172,132,177,134,169.5,144.88,131.62
68,42.23,283.8,141.4,3,2,5,283,141,285,142,213.2,201.0,242.4
68,42.23,205.17,148.17,3,3,6,204,147,206,149,132.17,226.67,79.33
68,42.23,214.3,148.5,9,4,20,210,147,218,150,134.65,221.75,100.4
68,42.23,179.4,155.47,4,6,15,178,153,181,158,138.53,214.07,103.8
68,42.23,179.82,161.36,5,3,11,178,160,182,162,140.09,188.73,90.0
68,42.23,188.2,161.6,3,2,5,187,161,189,162,137.6,187.8,114.4
68,42.23,28.0,188.48,8,4,25,24,187,31,190,170.8,180.6,91.0
68,42.23,36.5,188.36,6,4,22,34,187,39,190,177.73,173.27,89.5
68,42.23,267.83,188.67,4,2,6,266,188,269,189,127.67,213.83,105.67
68,42.23,21.5,202.5,2,4,8,21,201,22,204,200.38,56.12,70.75
68,42.23,24.38,202.62,2,5,8,24,201,25,205,208.0,65.12,75.0
68,42.23,283.71,206.5,8,4,28,280,205,287,208,163.61,137.96,20.86
68,42.23,176.5,213.0,6,1,6,174,213,179,213,122.0,107.67,97.0
68,42.23,216.5,213.0,6,1,6,214,213,219,213,122.83,113.5,103.33
68,42.23,129.6,219.2,4,2,5,128,219,131,220,232.6,251.0,239.6
68,42.23,148.8,219.6,3,2,5,148,219,150,220,229.4,241.4,224.2
68,42.23,167.83,219.33,4,2,6,166,219,169,220,241.67,255.0,233.17
68,42.23,177.83,219.33,4,2,6,176,219,179,220,237.83,250.83,231.0
68,42.23,188.83,219.33,4,2,6,187,219,190,220,239.33,254.17,233.33
68,42.23,198.0,219.25,6,2,8,195,219,200,220,233.38,246.62,224.25
69,42.27,40.4,49.2,2,3,5,40,48,41,50,170.6,150.4,141.0
69,42.27,30.5,52.12,4,6,16,29,49,32,54,202.25,187.12,179.0
69,42.27,26.8,51.2,2,4,5,26,50,27,53,213.6,96.6,109.4
69,42.27,97.4,51.2,2,3,5,97,50,98,52,173.0,143.0,140.4
69,42.27,101.6,51.2,2,3,5,101,50,102,52,171.2,141.2,138.8
69,42.27,105.5,51.0,2,3,6,105,50,106,52,171.5,142.67,142.5
69,42.27,109.6,51.2,2,3,5,109,50,110,52,173.0,143.0,140.4
69,42.27,113.5,51.0,2,3,6,113,50,114,52,176.83,141.67,142.83
69,42.27,117.4,51.2,2,3,5,117,50,118,52,177.2,140.8,139.4
69,42.27,23.57,52.29,2,4,7,23,51,24,54,246.86,233.57,236.71
69,42.27,47.22,53.22,5,3,9,45,52,49,54,222.67,211.44,202.22
69,42.27,240.01,94.81,22,18,161,228,87,249,104,214.67,151.59,93.92
69,42.27,241.91,123.52,8,6,23,238,121,245,126,196.78,142.26,150.7
69,42.27,225.8,126.2,16,9,59,220,123,235,131,196.88,148.0,138.95
69,42.27,156.15,126.92,6,5,13,154,125,159,129,247.46,191.31,248.62
69,42.27,151.5,126.75,4,3,8,150,126,153,128,175.25,81.75,144.0
69,42.27,171.82,129.32,10,5,28,168,128,177,132,218.68,137.54,121.89
69,42.27,114.93,130.14,6,4,14,112,129,117,132,206.71,128.07,103.57
69,42.27,217.33,131.78,4,4,9,216,130,219,133,187.22,138.11,148.33
69,42.27,69.55,132.27,4,4,11,68,131,71,134,179.45,135.27,132.73
69,42.27,174.14,132.71,5,2,7,172,132,176,133,183.29,124.71,135.57
69,42.27,168.0,133.5,3,2,6,167,133,169,134,173.33,138.5,141.5
69,42.27,281.6,141.6,4,2,5,280,141,283,142,209.0,199.8,242.4
69,42.27,213.56,148.72,8,5,18,210,147,217,151,135.06,222.56,100.61
69,42.27,227.38,149.12,6,5,16,225,147,230,151,131.44,221.06,70.81
69,42.27,220.6,150.8,4,2,5,219,150,222,151,130.4,233.0,103.8
69,42.27,191.14,151.43,5,2,7,189,151,193,152,126.29,191.0,80.14
69,42.27,177.53,156.8,4,6,15,176,154,179,159,149.93,219.53,114.2
69,42.27,179.83,162.17,3,3,6,179,161,181,163,130.5,191.17,80.33
69,42.27,224.17,162.33,4,3,6,223,161,226,163,140.0,189.67,113.17
69,42.27,187.0,163.0,3,3,5,186,162,188,164,129.0,191.0,102.8
69,42.27,201.33,164.5,4,3,6,200,163,203,165,137.33,181.83,92.17
69,42.27,182.5,166.0,6,1,6,180,166,185,166,140.83,210.0,120.0
69,42.27,17.17,183.33,4,2,6,16,183,19,184,128.0,247.67,104.17
69,42.27,28.35,188.25,6,5,20,26,186,31,190,167.4,174.4,79.15
69,42.27,36.5,188.36,6,4,22,34,187,39,190,178.64,174.14,89.95
69,42.27,267.6,188.8,4,2,5,266,188,269,189,128.8,213.2,106.6
69,42.27,21.5,202.5,2,4,8,21,201,22,204,200.38,56.12,70.75
69,42.27,24.38,202.62,2,5,8,24,201,25,205,208.0,65.12,75.0
69,42.27,283.71,206.5,8,4,28,280,205,287,208,163.61,137.96,20.86
69,42.27,176.5,213.0,6,1,6,174,213,179,213,122.0,107.67,97.0
69,42.27,216.5,213.0,6,1,6,214,213,219,213,122.83,113.5,103.33
69,42.27,129.6,219.2,4,2,5,128,219,131,220,232.6,251.0,239.6
69,42.27,148.8,219.6,3,2,5,148,219,150,220,229.4,241.4,224.2
69,42.27,167.83,219.33,4,2,6,166,219,169,220,241.67,255.0,233.17
69,42.27,177.83,219.33,4,2,6,176,219,179,220,237.83,250.83,231.0
69,42.27,188.83,219.33,4,2,6,187,219,190,220,239.33,254.17,233.33
69,42.27,198.0,219.25,6,2,8,195,219,200,220,233.38,246.62,224.25
70,42.3,40.4,49.2,2,3,5,40,48,41,50,170.6,150.4,141.0
70,42.3,30.5,52.12,4,6,16,29,49,32,54,202.25,187.12,179.0
70,42.3,26.8,51.2,2,4,5,26,50,27,53,213.6,96.6,109.4
70,42.3,97.4,51.2,2,3,5,97,50,98,52,173.0,143.0,140.4
70,42.3,101.6,51.2,2,3,5,101,50,102,52,171.2,141.2,138.8
70,42.3,105.5,51.0,2,3,6,105,50,106,52,171.5,142.67,142.5
70,42.3,109.6,51.2,2,3,5,109,50,110,52,173.0,143.0,140.4
70,42.3,113.5,51.0,2,3,6,113,50,114,52,176.83,141.67,142.83
70,42.3,117.4,51.2,2,3,5,117,50,118,52,177.2,140.8,139.4
70,42.3,23.57,52.29,2,4,7,23,51,24,54,246.86,233.57,236.71
70,42.3,47.22,53.22,5,3,9,45,52,49,54,222.67,211.44,202.22
70,42.3,240.01,94.81,22,18,161,228,87,249,104,214.43,151.7,94.76
70,42.3,242.45,123.2,7,6,20,239,121,245,126,197.3,141.2,149.05
70,42.3,231.45,124.55,4,4,11,230,123,233,126,205.82,148.82,142.36
70,42.3,219.62,126.77,12,8,53,214,124,225,131,195.98,130.6,101.45
70,42.3,158.71,129.72,25,10,153,148,125,172,134,212.43,145.94,145.16
70,42.3,208.6,126.8,2,3,5,208,126,209,128,215.8,169.0,177.4
70,42.3,110.73,130.18,6,3,11,108,129,113,131,213.18,133.27,109.73
70,42.3,210.4,130.2,2,3,5,210,129,211,131,181.0,121.2,135.0
70,42.3,67.55,132.27,4,4,11,66,131,69,134,179.45,135.27,132.73
70,42.3,278.6,141.6,4,2,5,277,141,280,142,208.0,198.8,242.8
70,42.3,202.62,148.38,6,4,13,200,147,205,150,130.08,218.38,82.15
70,42.3,216.07,149.46,14,5,28,209,148,222,152,133.79,227.29,100.25
70,42.3,227.4,149.8,4,2,5,226,149,229,150,136.6,229.8,104.0
70,42.3,174.67,156.93,4,7,15,173,154,176,160,144.67,216.07,93.6
70,42.3,198.5,162.0,2,5,8,198,160,199,164,134.5,92.38,66.25
70,42.3,173.2,162.8,2,4,5,173,161,174,164,134.4,195.0,80.2
70,42.3,185.11,162.78,6,3,9,183,162,188,164,132.89,199.44,99.67
70,42.3,221.29,163.29,5,3,7,219,162,223,164,131.43,165.86,95.0
70,42.3,28.33,188.5,6,4,18,26,187,31,190,171.67,169.61,79.78
70,42.3,36.5,188.36,6,4,22,34,187,39,190,178.86,174.32,90.14
70,42.3,21.5,202.5,2,4,8,21,201,22,204,200.38,56.12,70.75
70,42.3,24.38,202.62,2,5,8,24,201,25,205,208.0,65.12,75.0
70,42.3,283.71,206.5,8,4,28,280,205,287,208,163.61,137.96,20.86
70,42.3,176.5,213.0,6,1,6,174,213,179,213,122.0,107.67,97.0
70,42.3,216.5,213.0,6,1,6,214,213,219,213,122.83,113.5,103.33
70,42.3,129.6,219.2,4,2,5,128,219,131,220,232.6,251.0,239.6
70,42.3,148.8,219.6,3,2,5,148,219,150,220,229.4,241.4,224.2
70,42.3,167.83,219.33,4,2,6,166,219,169,220,241.67,255.0,233.17
70,42.3,177.83,219.33,4,2,6,176,219,179,220,237.83,250.83,231.0
70,42.3,188.83,219.33,4,2,6,187,219,190,220,239.33,254.17,233.33
70,42.3,198.0,219.25,6,2,8,195,219,200,220,233.38,246.62,224.25
71,42.33,40.4,49.2,2,3,5,40,48,41,50,170.6,150.4,141.0
71,42.33,30.5,52.12,4,6,16,29,49,32,54,202.25,187.12,179.0
71,42.33,26.8,51.2,2,4,5,26,50,27,53,213.6,96.6,109.4
71,42.33,97.4,51.2,2,3,5,97,50,98,52,173.0,143.0,140.4
71,42.33,101.6,51.2,2,3,5,101,50,102,52,171.2,141.2,138.8
71,42.33,105.5,51.0,2,3,6,105,50,106,52,171.5,142.67,142.5
71,42.33,109.6,51.2,2,3,5,109,50,110,52,173.0,143.0,140.4
71,42.33,113.5,51.0,2,3,6,113,50,114,52,176.83,141.67,142.83
71,42.33,117.4,51.2,2,3,5,117,50,118,52,177.2,140.8,139.4
71,42.33,23.57,52.29,2,4,7,23,51,24,54,246.86,233.57,236.71
71,42.33,47.22,53.22,5,3,9,45,52,49,54,222.67,211.44,202.22
71,42.33,239.91,94.8,22,18,159,228,87,249,104,214.99,152.45,92.61
71,42.33,242.45,123.2,7,6,20,239,121,245,126,197.3,141.2,149.1
71,42.33,232.14,124.79,6,4,14,230,123,235,126,199.29,141.5,145.14
71,42.33,208.8,126.98,12,7,44,204,124,215,130,204.84,127.64,106.52
71,42.33,160.95,130.53,24,10,172,150,126,173,135,206.69,146.41,137.06
71,42.33,224.6,126.8,2,3,5,224,126,225,128,226.8,183.8,196.0
71,42.33,104.73,130.18,6,3,11,102,129,107,131,213.0,133.09,109.45
71,42.33,200.4,130.2,2,3,5,200,129,201,131,181.4,121.2,134.6
71,42.33,61.55,132.27,4,4,11,60,131,63,134,179.45,135.27,132.73
71,42.33,123.52,135.48,8,5,31,120,133,127,137,206.1,162.45,176.03
71,42.33,271.6,141.6,4,2,5,270,141,273,142,208.8,199.6,242.2
71,42.33,198.22,148.65,11,5,23,193,147,203,151,128.57,219.78,74.52
71,42.33,215.13,149.61,8,6,23,212,147,219,152,129.17,225.17,97.22
71,42.33,208.18,149.45,5,4,11,206,148,210,151,144.36,231.91,117.27
71,42.33,226.83,150.67,4,3,6,225,150,228,152,130.67,228.67,95.0
71,42.33,181.8,152.4,3,2,5,181,152,183,153,141.6,210.6,98.8
71,42.33,167.7,158.9,6,8,20,165,155,170,162,142.2,213.9,84.1
71,42.33,195.25,165.33,4,7,12,194,162,197,168,132.33,133.33,75.58
71,42.33,180.2,164.2,6,4,10,178,163,183,166,129.1,195.2,96.5
71,42.33,36.5,188.17,6,5,24,34,186,39,190,186.5,191.17,103.0
71,42.33,27.78,188.39,8,4,23,24,187,31,190,174.61,197.17,100.0
71,42.33,21.5,202.5,2,4,8,21,201,22,204,200.38,56.12,70.75
71,42.33,24.38,202.62,2,5,8,24,201,25,205,208.0,65.12,75.0
71,42.33,283.71,206.5,8,4,28,280,205,287,208,163.61,137.96,20.86
71,42.33,176.5,213.0,6,1,6,174,213,179,213,122.0,107.67,97.0
71,42.33,216.5,213.0,6,1,6,214,213,219,213,122.83,113.5,103.33
71,42.33,129.6,219.2,4,2,5,128,219,131,220,232.6,251.0,239.6
71,42.33,148.8,219.6,3,2,5,148,219,150,220,229.4,241.4,224.2
71,42.33,167.83,219.33,4,2,6,166,219,169,220,241.67,255.0,233.17
71,42.33,177.83,219.33,4,2,6,176,219,179,220,237.83,250.83,231.0
71,42.33,188.83,219.33,4,2,6,187,219,190,220,239.33,254.17,233.33
71,42.33,198.0,219.25,6,2,8,195,219,200,220,233.38,246.62,224.25
72,42.37,40.4,49.2,2,3,5,40,48,41,50,170.6,150.4,141.0
72,42.37,30.5,52.12,4,6,16,29,49,32,54,202.25,187.12,179.0
72,42.37,26.8,51.2,2,4,5,26,50,27,53,213.6,96.6,109.4
72,42.37,97.4,51.2,2,3,5,97,50,98,52,173.0,143.0,140.4
72,42.37,101.6,51.2,2,3,5,101,50,102,52,171.2,141.2,138.8
72,42.37,105.5,51.0,2,3,6,105,50,106,52,171.5,142.67,142.5
72,42.37,109.6,51.2,2,3,5,109,50,110,52,173.0,143.0,140.4
72,42.37,113.5,51.0,2,3,6,113,50,114,52,176.83,141.67,142.83
72,42.37,117.4,51.2,2,3,5,117,50,118,52,177.2,140.8,139.4
72,42.37,23.57,52.29,2,4,7,23,51,24,54,246.86,233.57,236.71
72,42.37,47.22,53.22,5,3,9,45,52,49,54,222.67,211.44,202.22
72,42.37,239.91,94.8,22,18,159,228,87,249,104,214.99,152.45,92.61
72,42.37,242.45,123.2,7,6,20,239,121,245,126,191.85,143.1,149.25
72,42.37,232.14,124.79,6,4,14,230,123,235,126,199.29,141.5,145.14
72,42.37,202.25,127.02,11,7,48,197,124,207,130,214.62,129.73,98.29
72,42.37,164.0,129.68,26,12,183,150,125,175,136,204.42,148.32,136.14
72,42.37,194.2,127.4,2,4,5,194,126,195,129,236.4,111.4,143.6
72,42.37,224.6,126.8,2,3,5,224,126,225,128,226.4,184.4,199.6
72,42.37,98.58,130.25,6,3,12,96,129,101,131,214.58,129.75,109.42
72,42.37,196.5,131.25,5,3,8,195,130,199,132,200.0,144.38,147.12
72,42.37,203.83,131.67,4,2,6,202,131,205,132,201.17,129.5,130.67
72,42.37,133.25,132.75,4,3,8,132,132,135,134,207.62,144.38,168.25
72,42.37,128.3,134.85,6,5,20,126,133,131,137,207.9,166.75,176.1
72,42.37,191.8,147.8,4,2,5,190,147,193,148,131.2,216.6,89.6
72,42.37,209.9,149.35,7,6,20,207,147,213,152,130.15,220.65,96.3
72,42.37,195.9,149.1,5,3,10,194,148,198,150,129.0,221.8,78.5
72,42.37,220.5,149.33,3,4,6,220,148,222,151,126.67,219.0,72.67
72,42.37,225.25,150.5,5,4,8,223,149,227,152,128.5,223.88,92.12
72,42.37,161.25,158.8,5,9,20,159,155,163,163,134.25,211.45,97.7
72,42.37,195.56,161.67,4,3,9,194,161,197,163,126.33,83.33,65.78
72,42.37,171.45,165.27,6,5,11,169,163,174,167,129.64,192.55,89.55
72,42.37,220.5,165.0,2,3,6,220,164,221,166,141.67,195.17,108.33
72,42.37,215.5,165.83,4,3,6,214,165,217,167,140.17,193.83,114.5
72,42.37,188.57,167.86,6,2,7,186,167,191,168,131.14,162.14,59.86
72,42.37,27.88,188.2,8,5,25,24,186,31,190,169.6,197.44,97.68
72,42.37,36.5,188.36,6,4,22,34,187,39,190,176.0,171.68,87.5
72,42.37,21.5,202.5,2,4,8,21,201,22,204,200.38,56.12,70.75
72,42.37,24.38,202.62,2,5,8,24,201,25,205,208.0,65.12,75.0
72,42.37,283.71,206.5,8,4,28,280,205,287,208,163.61,137.96,20.86
72,42.37,176.5,213.0,6,1,6,174,213,179,213,122.0,107.67,97.0
72,42.37,216.5,213.0,6,1,6,214,213,219,213,122.83,113.5,103.33
72,42.37,129.6,219.2,4,2,5,128,219,131,220,232.6,251.0,239.6
72,42.37,148.8,219.6,3,2,5,148,219,150,220,229.4,241.4,224.2
72,42.37,167.83,219.33,4,2,6,166,219,169,220,241.67,255.0,233.17
72,42.37,177.83,219.33,4,2,6,176,219,179,220,237.83,250.83,231.0
72,42.37,188.83,219.33,4,2,6,187,219,190,220,239.33,254.17,233.33
72,42.37,198.0,219.25,6,2,8,195,219,200,220,233.38,246.62,224.25
73,42.4,40.4,49.2,2,3,5,40,48,41,50,170.6,150.4,141.0
73,42.4,30.5,52.12,4,6,16,29,49,32,54,202.25,187.12,179.0
73,42.4,26.8,51.2,2,4,5,26,50,27,53,213.6,96.6,109.4
73,42.4,97.4,51.2,2,3,5,97,50,98,52,173.0,143.0,140.4
73,42.4,101.6,51.2,2,3,5,101,50,102,52,171.2,141.2,138.8
73,42.4,105.5,51.0,2,3,6,105,50,106,52,171.5,142.67,142.5
73,42.4,109.6,51.2,2,3,5,109,50,110,52,173.0,143.0,140.4
73,42.4,113.5,51.0,2,3,6,113,50,114,52,176.83,141.67,142.83
73,42.4,117.4,51.2,2,3,5,117,50,118,52,177.2,140.8,139.4
73,42.4,23.57,52.29,2,4,7,23,51,24,54,246.86,233.57,236.71
73,42.4,47.22,53.22,5,3,9,45,52,49,54,222.67,211.44,202.22
73,42.4,239.91,94.8,22,18,159,228,87,249,104,214.98,152.43,92.61
73,42.4,242.45,123.2,7,6,20,239,121,245,126,185.85,145.05,149.1
73,42.4,232.14,124.79,6,4,14,230,123,235,126,199.14,141.64,145.14
73,42.4,195.22,126.85,8,6,27,192,125,199,130,196.04,127.67,107.59
73,42.4,188.2,127.2,2,4,5,188,126,189,129,201.4,133.6,152.2
73,42.4,224.6,126.8,2,3,5,224,126,225,128,224.2,184.8,199.6
73,42.4,149.0,131.34,12,6,38,144,129,155,134,187.29,124.05,112.05
73,42.4,131.84,133.78,12,7,45,126,130,137,136,196.62,150.58,149.56
73,42.4,189.75,131.0,4,3,8,188,130,191,132,187.0,136.38,142.0
73,42.4,93.26,132.78,9,5,27,89,131,97,135,173.37,135.04,124.15
73,42.4,185.91,148.18,8,4,11,182,147,189,150,127.73,212.82,78.36
73,42.4,204.91,148.55,5,4,11,203,147,207,150,133.0,217.27,94.82
73,42.4,225.64,150.64,10,7,25,222,147,231,153,132.0,213.12,92.0
73,42.4,191.0,149.2,3,3,5,190,148,192,150,126.4,224.2,70.6
73,42.4,209.62,150.44,7,6,16,206,148,212,153,127.62,222.06,98.12
73,42.4,219.0,150.17,3,3,6,218,149,220,151,124.67,215.17,78.17
73,42.4,153.89,161.74,6,7,19,152,159,157,165,131.26,207.26,86.26
73,42.4,164.5,165.0,2,3,6,164,164,165,166,135.33,192.0,73.17
73,42.4,186.4,164.8,2,3,5,186,164,187,166,132.0,84.8,73.2
73,42.4,166.7,168.0,6,3,10,164,167,169,169,131.9,194.7,96.3
73,42.4,171.17,168.33,4,3,6,170,167,173,169,124.83,184.5,79.33
73,42.4,214.6,167.6,4,2,5,213,167,216,168,130.8,171.8,94.0
73,42.4,218.8,167.6,3,2,5,218,167,220,168,135.0,187.8,106.2
73,42.4,28.32,188.0,6,5,22,26,186,31,190,162.77,180.86,83.05
73,42.4,36.48,188.26,6,5,23,34,186,39,190,169.22,168.52,82.35
73,42.4,267.83,188.67,4,2,6,266,188,269,189,134.0,220.17,111.83
73,42.4,21.5,202.5,2,4,8,21,201,22,204,200.38,56.12,70.75
73,42.4,24.38,202.62,2,5,8,24,201,25,205,208.0,65.12,75.0
73,42.4,283.71,206.5,8,4,28,280,205,287,208,163.61,137.96,20.86
73,42.4,176.5,213.0,6,1,6,174,213,179,213,122.0,107.67,97.0
73,42.4,216.5,213.0,6,1,6,214,213,219,213,122.83,113.5,103.33
73,42.4,129.6,219.2,4,2,5,128,219,131,220,232.6,251.0,239.6
73,42.4,148.8,219.6,3,2,5,148,219,150,220,229.4,241.4,224.2
73,42.4,167.83,219.33,4,2,6,166,219,169,220,241.67,255.0,233.17
73,42.4,177.83,219.33,4,2,6,176,219,179,220,237.83,250.83,231.0
73,42.4,188.83,219.33,4,2,6,187,219,190,220,239.33,254.17,233.33
73,42.4,198.0,219.25,6,2,8,195,219,200,220,233.38,246.62,224.25
74,42.43,40.4,49.2,2,3,5,40,48,41,50,170.6,150.4,141.0
74,42.43,30.5,52.12,4,6,16,29,49,32,54,202.25,187.12,179.0
74,42.43,26.8,51.2,2,4,5,26,50,27,53,213.6,96.6,109.4
74,42.43,97.4,51.2,2,3,5,97,50,98,52,173.0,143.0,140.4
74,42.43,101.6,51.2,2,3,5,101,50,102,52,171.2,141.2,138.8
74,42.43,105.5,51.0,2,3,6,105,50,106,52,171.5,142.67,142.5
74,42.43,109.6,51.2,2,3,5,109,50,110,52,173.0,143.0,140.4
74,42.43,113.5,51.0,2,3,6,113,50,114,52,176.83,141.67,142.83
74,42.43,117.4,51.2,2,3,5,117,50,118,52,177.2,140.8,139.4
74,42.43,23.57,52.29,2,4,7,23,51,24,54,246.86,233.57,236.71
74,42.43,47.22,53.22,5,3,9,45,52,49,54,222.67,211.44,202.22
74,42.43,240.01,94.81,22,18,161,228,87,249,104,215.17,152.16,92.07
74,42.43,242.45,123.2,7,6,20,239,121,245,126,185.85,145.05,149.1
74,42.43,232.14,124.79,6,4,14,230,123,235,126,199.14,141.64,145.14
74,42.43,187.6,124.6,4,2,5,186,124,189,125,168.0,104.4,112.0
74,42.43,190.0,126.62,5,2,8,188,126,192,127,206.25,118.0,120.25
74,42.43,224.6,126.8,2,3,5,224,126,225,128,225.8,184.2,197.8
74,42.43,139.26,132.5,15,8,88,132,129,146,136,203.47,148.89,138.75
74,42.43,84.09,133.43,8,4,23,80,132,87,135,185.04,135.26,119.39
74,42.43,197.75,149.42,4,5,12,196,147,199,151,141.75,223.42,104.83
74,42.43,217.88,149.5,5,6,16,216,147,220,152,130.12,218.19,82.06
74,42.43,185.5,149.5,4,2,6,184,149,187,150,133.0,231.67,69.83
74,42.43,222.06,151.62,7,5,16,219,149,225,153,133.56,223.88,85.19
74,42.43,201.83,152.0,4,3,6,200,151,203,153,134.33,233.17,86.67
74,42.43,225.75,153.38,4,3,8,224,152,227,154,135.88,220.88,85.25
74,42.43,215.6,155.2,4,2,5,214,155,217,156,127.4,225.6,100.6
74,42.43,144.75,161.62,3,4,8,144,160,146,163,130.12,213.62,72.0
74,42.43,228.6,162.2,2,3,5,228,161,229,163,135.6,196.6,108.8
74,42.43,176.5,165.0,2,3,6,176,164,177,166,139.33,85.0,68.5
74,42.43,141.62,166.0,8,4,13,138,165,145,168,137.15,208.92,73.23
74,42.43,186.75,166.75,3,5,12,186,165,188,169,147.67,84.33,61.25
74,42.43,155.0,167.6,3,3,5,154,167,156,169,140.0,196.4,78.6
74,42.43,178.9,168.2,4,5,10,178,167,181,171,130.9,85.8,73.1
74,42.43,200.29,169.14,2,5,7,200,167,201,171,137.29,95.29,70.14
74,42.43,219.33,167.83,4,3,6,218,167,221,169,139.17,184.83,111.17
74,42.43,162.0,169.71,4,3,7,161,169,164,171,133.29,199.71,88.0
74,42.43,209.64,170.27,6,4,11,207,169,212,172,142.27,184.55,104.82
74,42.43,215.4,170.2,2,3,5,215,169,216,171,149.2,194.8,117.2
74,42.43,157.7,171.0,6,3,10,155,170,160,172,130.2,194.3,95.2
74,42.43,176.17,172.83,3,3,6,175,172,177,174,131.5,140.33,20.17
74,42.43,28.32,188.0,6,5,22,26,186,31,190,162.86,180.86,83.41
74,42.43,36.5,188.36,6,4,22,34,187,39,190,171.77,167.32,83.23
74,42.43,267.83,188.67,4,2,6,266,188,269,189,133.67,220.0,111.67
74,42.43,21.5,202.5,2,4,8,21,201,22,204,200.38,56.12,70.75
74,42.43,24.38,202.62,2,5,8,24,201,25,205,208.0,65.12,75.0
74,42.43,283.71,206.5,8,4,28,280,205,287,208,163.61,137.96,20.86
74,42.43,176.5,213.0,6,1,6,174,213,179,213,122.0,107.67,97.0
74,42.43,216.5,213.0,6,1,6,214,213,219,213,122.83,113.5,103.33
74,42.43,129.6,219.2,4,2,5,128,219,131,220,232.6,251.0,239.6
74,42.43,148.8,219.6,3,2,5,148,219,150,220,229.4,241.4,224.2
74,42.43,167.83,219.33,4,2,6,166,219,169,220,241.67,255.0,233.17
74,42.43,177.83,219.33,4,2,6,176,219,179,220,237.83,250.83,231.0
74,42.43,188.83,219.33,4,2,6,187,219,190,220,239.33,254.17,233.33
74,42.43,198.0,219.25,6,2,8,195,219,200,220,233.38,246.62,224.25
75,42.47,40.4,49.2,2,3,5,40,48,41,50,170.6,150.4,141.0
75,42.47,30.5,52.12,4,6,16,29,49,32,54,202.25,187.12,179.0
75,42.47,26.8,51.2,2,4,5,26,50,27,53,213.6,96.6,109.4
75,42.47,97.4,51.2,2,3,5,97,50,98,52,173.0,143.0,140.4
75,42.47,101.6,51.2,2,3,5,101,50,102,52,171.2,141.2,138.8
75,42.47,105.5,51.0,2,3,6,105,50,106,52,171.5,142.67,142.5
75,42.47,109.6,51.2,2,3,5,109,50,110,52,173.0,143.0,140.4
75,42.47,113.5,51.0,2,3,6,113,50,114,52,176.83,141.67,142.83
75,42.47,117.4,51.2,2,3,5,117,50,118,52,177.2,140.8,139.4
75,42.47,23.57,52.29,2,4,7,23,51,24,54,246.86,233.57,236.71
75,42.47,47.22,53.22,5,3,9,45,52,49,54,222.67,211.44,202.22
75,42.47,240.01,94.81,22,18,161,228,87,249,104,215.2,152.16,92.07
75,42.47,242.45,123.2,7,6,20,239,121,245,126,187.15,144.65,150.05
75,42.47,171.19,124.57,8,4,21,168,123,175,126,213.52,201.86,250.76
75,42.47,231.28,124.72,8,4,18,228,123,235,126,196.22,130.78,150.0
75,42.47,187.21,127.64,5,6,14,185,125,189,130,200.57,134.29,142.93
75,42.47,81.06,133.22,7,4,18,78,132,84,135,184.33,132.22,117.61
75,42.47,177.4,148.4,2,4,5,177,147,178,150,129.0,215.2,74.0
75,42.47,199.26,150.94,14,9,35,192,147,205,155,131.71,220.34,97.23
75,42.47,216.0,149.18,5,5,11,214,147,218,151,131.09,220.09,83.64
75,42.47,207.62,149.38,4,4,8,206,148,209,151,128.5,217.75,84.25
75,42.47,223.31,152.62,12,6,29,218,150,229,155,128.59,220.76,80.9
75,42.47,142.22,159.44,5,2,9,140,159,144,160,129.89,215.11,105.78
75,42.47,139.4,163.64,7,6,25,136,161,142,166,130.68,202.64,77.12
75,42.47,174.4,164.8,2,3,5,174,164,175,166,125.6,85.0,69.4
75,42.47,184.6,165.7,3,5,10,184,164,186,168,141.3,84.5,61.5
75,42.47,176.29,167.86,2,5,7,176,166,177,170,130.29,91.57,78.29
75,42.47,199.21,167.86,4,5,14,198,166,201,170,130.64,88.21,71.21
75,42.47,133.2,168.2,4,2,5,132,168,135,169,137.8,201.0,101.6
75,42.47,153.81,170.19,6,5,16,151,168,156,172,128.12,190.81,94.0
75,42.47,210.0,169.6,3,3,5,209,169,211,171,121.2,166.8,96.6
75,42.47,213.6,170.2,2,3,5,213,169,214,171,135.8,185.2,106.2
75,42.47,28.32,187.64,6,4,22,26,186,31,189,158.64,184.64,85.05
75,42.47,36.5,188.36,6,4,22,34,187,39,190,171.95,167.45,83.36
75,42.47,267.83,188.67,4,2,6,266,188,269,189,134.0,220.17,111.83
75,42.47,22.94,202.47,5,5,17,21,201,25,205,201.65,58.41,71.0
75,42.47,283.71,206.5,8,4,28,280,205,287,208,163.61,137.96,20.86
75,42.47,176.5,213.0,6,1,6,174,213,179,213,122.0,107.67,97.0
75,42.47,216.5,213.0,6,1,6,214,213,219,213,122.83,113.5,103.33
75,42.47,129.6,219.2,4,2,5,128,219,131,220,232.6,251.0,239.6
75,42.47,148.8,219.6,3,2,5,148,219,150,220,229.4,241.4,224.2
75,42.47,167.83,219.33,4,2,6,166,219,169,220,241.67,255.0,233.17
75,42.47,177.83,219.33,4,2,6,176,219,179,220,237.83,250.83,231.0
75,42.47,188.83,219.33,4,2,6,187,219,190,220,239.33,254.17,233.33
75,42.47,198.0,219.25,6,2,8,195,219,200,220,233.38,246.62,224.25
76,42.5,40.4,49.2,2,3,5,40,48,41,50,170.6,150.4,141.0
76,42.5,30.5,52.12,4,6,16,29,49,32,54,202.25,187.12,179.0
76,42.5,26.8,51.2,2,4,5,26,50,27,53,213.6,96.6,109.4
76,42.5,97.4,51.2,2,3,5,97,50,98,52,173.0,143.0,140.4
76,42.5,101.6,51.2,2,3,5,101,50,102,52,171.2,141.2,138.8
76,42.5,105.5,51.0,2,3,6,105,50,106,52,171.5,142.67,142.5
76,42.5,109.6,51.2,2,3,5,109,50,110,52,173.0,143.0,140.4
76,42.5,113.5,51.0,2,3,6,113,50,114,52,176.83,141.67,142.83
76,42.5,117.4,51.2,2,3,5,117,50,118,52,177.2,140.8,139.4
76,42.5,23.57,52.29,2,4,7,23,51,24,54,246.86,233.57,236.71
76,42.5,47.22,53.22,5,3,9,45,52,49,54,222.67,211.44,202.22
76,42.5,255.19,94.56,20,17,156,244,88,263,104,216.03,153.87,95.25
76,42.5,179.13,123.6,10,8,30,174,120,183,127,212.67,203.1,251.6
76,42.5,258.0,122.75,5,4,12,256,121,260,124,203.92,147.5,159.5
76,42.5,246.62,124.85,6,4,13,244,123,249,126,199.15,140.08,149.77
76,42.5,254.6,125.2,2,3,5,254,124,255,126,178.8,131.8,152.8
76,42.5,174.2,129.3,3,4,10,173,128,175,131,192.1,129.6,114.4
76,42.5,190.5,128.67,4,2,6,189,128,192,129,219.33,200.83,241.83
76,42.5,127.54,131.31,10,5,26,124,130,133,134,205.38,118.12,128.85
76,42.5,74.09,133.43,8,4,23,70,132,77,135,185.04,135.26,119.39
76,42.5,172.5,132.83,6,3,12,170,132,175,134,173.83,142.33,134.25
76,42.5,167.25,148.5,3,4,8,166,147,168,150,130.5,215.12,87.0
76,42.5,174.15,150.22,9,8,27,171,147,179,154,130.41,219.67,72.11
76,42.5,189.12,150.65,8,7,26,186,147,193,153,129.15,214.08,97.23
76,42.5,216.02,151.83,13,9,47,210,147,222,155,128.64,217.49,80.7
76,42.5,201.89,152.11,3,5,9,201,150,203,154,127.89,213.56,92.56
76,42.5,196.67,153.87,7,5,15,194,152,200,156,125.87,220.13,89.07
76,42.5,126.95,163.84,9,8,38,123,160,131,167,130.34,206.76,90.97
76,42.5,224.5,164.88,2,5,8,224,163,225,167,125.75,203.25,103.75
76,42.5,175.3,169.4,4,4,10,174,168,177,171,133.8,87.9,69.9
76,42.5,122.95,170.53,7,5,19,120,169,126,173,139.63,198.26,84.89
76,42.5,137.78,171.56,11,5,18,132,170,142,174,129.11,188.44,87.61
76,42.5,147.17,171.42,6,3,12,145,170,150,172,146.75,198.67,108.25
76,42.5,166.5,171.0,2,3,6,166,170,167,172,130.83,82.0,61.33
76,42.5,192.5,171.0,2,3,6,192,170,193,172,128.67,85.5,66.5
76,42.5,119.57,173.71,5,2,7,118,173,122,174,132.86,195.43,86.43
76,42.5,148.13,175.2,10,3,15,143,174,152,176,134.73,191.6,87.27
76,42.5,129.0,175.0,5,1,5,127,175,131,175,132.8,201.4,92.6
76,42.5,161.29,176.71,4,3,7,160,176,163,178,124.57,149.14,59.57
76,42.5,168.8,176.8,4,2,5,167,176,170,177,133.6,193.4,98.8
76,42.5,28.17,188.5,8,4,24,24,187,31,190,169.5,175.92,87.75
76,42.5,36.5,188.36,6,4,22,34,187,39,190,184.64,179.95,95.91
76,42.5,21.5,202.5,2,4,8,21,201,22,204,200.38,56.12,70.75
76,42.5,24.38,202.62,2,5,8,24,201,25,205,208.0,65.12,75.0
76,42.5,283.71,206.5,8,4,28,280,205,287,208,163.61,137.96,20.86
76,42.5,176.5,213.0,6,1,6,174,213,179,213,122.0,107.67,97.0
76,42.5,216.5,213.0,6,1,6,214,213,219,213,122.83,113.5,103.33
76,42.5,129.6,219.2,4,2,5,128,219,131,220,232.6,251.0,239.6
76,42.5,148.8,219.6,3,2,5,148,219,150,220,229.4,241.4,224.2
76,42.5,167.83,219.33,4,2,6,166,219,169,220,241.67,255.0,233.17
76,42.5,177.83,219.33,4,2,6,176,219,179,220,237.83,250.83,231.0
76,42.5,188.83,219.33,4,2,6,187,219,190,220,239.33,254.17,233.33
76,42.5,198.0,219.25,6,2,8,195,219,200,220,233.38,246.62,224.25
77,42.53,40.4,49.2,2,3,5,40,48,41,50,170.6,150.4,141.0
77,42.53,30.5,52.12,4,6,16,29,49,32,54,202.25,187.12,179.0
77,42.53,26.8,51.2,2,4,5,26,50,27,53,213.6,96.6,109.4
77,42.53,97.4,51.2,2,3,5,97,50,98,52,173.0,143.0,140.4
77,42.53,101.6,51.2,2,3,5,101,50,102,52,171.2,141.2,138.8
77,42.53,105.5,51.0,2,3,6,105,50,106,52,171.5,142.67,142.5
77,42.53,109.6,51.2,2,3,5,109,50,110,52,173.0,143.0,140.4
77,42.53,113.5,51.0,2,3,6,113,50,114,52,176.83,141.67,142.83
77,42.53,117.4,51.2,2,3,5,117,50,118,52,177.2,140.8,139.4
77,42.53,23.57,52.29,2,4,7,23,51,24,54,246.86,233.57,236.71
77,42.53,47.22,53.22,5,3,9,45,52,49,54,222.67,211.44,202.22
77,42.53,264.84,94.61,22,17,152,252,88,273,104,217.36,154.44,95.8
77,42.53,186.8,120.84,13,12,49,181,116,193,127,230.76,194.16,245.18
77,42.53,268.09,122.64,5,4,11,266,121,270,124,208.64,151.18,159.09
77,42.53,256.25,124.56,6,4,16,254,123,259,126,208.31,142.69,148.62
77,42.53,264.6,125.2,2,3,5,264,124,265,126,181.6,130.2,153.6
77,42.53,173.19,130.17,12,9,47,168,126,179,134,195.02,135.23,118.57
77,42.53,121.8,130.47,7,4,15,119,129,125,132,218.2,128.8,130.4
77,42.53,148.88,130.88,5,3,8,147,130,151,132,214.5,211.75,245.38
77,42.53,72.09,133.43,8,4,23,68,132,75,135,185.04,135.26,119.39
77,42.53,208.55,148.73,6,4,11,206,147,211,150,127.73,214.82,73.09
77,42.53,162.67,149.56,4,5,9,161,148,164,152,132.11,233.22,81.44
77,42.53,185.88,154.65,12,14,43,180,148,191,161,132.35,220.53,94.81
77,42.53,194.47,150.59,4,6,17,193,148,196,153,132.47,217.53,84.12
77,42.53,219.8,148.4,3,2,5,219,148,221,149,137.0,224.2,94.4
77,42.53,245.4,148.2,4,2,5,244,148,247,149,131.6,216.8,88.6
77,42.53,190.4,149.8,2,3,5,190,149,191,151,142.0,238.6,101.0
77,42.53,212.31,152.84,9,7,32,208,149,216,155,131.06,223.25,77.25
77,42.53,168.41,152.24,7,5,17,165,150,171,154,130.88,218.18,64.0
77,42.53,150.6,156.0,2,3,5,150,155,151,157,139.6,221.0,75.6
77,42.53,113.9,166.2,14,18,81,107,159,120,176,142.19,206.53,95.44
77,42.53,221.0,165.0,1,5,5,221,163,221,167,131.6,207.6,100.6
77,42.53,105.29,165.57,4,2,7,104,165,107,166,140.57,201.29,111.71
77,42.53,168.96,169.65,8,9,23,166,166,173,174,142.0,87.35,69.57
77,42.53,184.95,172.41,6,8,22,182,169,187,176,140.36,85.77,68.09
77,42.53,125.0,171.0,5,1,5,123,171,127,171,132.4,204.6,94.0
77,42.53,137.25,173.81,8,4,16,134,172,141,175,143.81,196.25,103.25
77,42.53,156.86,174.55,8,7,22,154,172,161,178,140.36,84.0,56.59
77,42.53,126.47,175.12,9,5,17,122,173,130,177,130.82,200.35,94.76
77,42.53,204.2,176.1,6,4,10,202,174,207,177,139.8,190.8,107.3
77,42.53,163.36,176.29,4,4,14,162,175,165,178,132.93,97.07,66.71
77,42.53,175.86,177.0,3,3,7,175,176,177,178,130.29,170.71,94.29
77,42.53,112.17,177.67,5,2,6,110,177,114,178,126.33,185.67,81.0
77,42.53,138.0,177.5,9,2,14,134,177,142,178,137.79,189.57,84.21
77,42.53,27.93,188.44,8,5,27,24,186,31,190,171.63,186.78,94.67
77,42.53,36.5,188.17,6,5,24,34,186,39,190,179.17,181.62,93.46
77,42.53,27.4,192.6,4,2,5,26,192,29,193,156.4,194.6,138.0
77,42.53,12.0,193.0,5,1,5,10,193,14,193,157.4,214.8,136.0
77,42.53,21.5,202.5,2,4,8,21,201,22,204,200.38,56.12,70.75
77,42.53,24.38,202.62,2,5,8,24,201,25,205,208.0,65.12,75.0
77,42.53,283.71,206.5,8,4,28,280,205,287,208,163.61,137.96,20.86
77,42.53,176.5,213.0,6,1,6,174,213,179,213,122.0,107.67,97.0
77,42.53,216.5,213.0,6,1,6,214,213,219,213,122.83,113.5,103.33
77,42.53,129.6,219.2,4,2,5,128,219,131,220,232.6,251.0,239.6
77,42.53,148.8,219.6,3,2,5,148,219,150,220,229.4,241.4,224.2
77,42.53,167.83,219.33,4,2,6,166,219,169,220,241.67,255.0,233.17
77,42.53,177.83,219.33,4,2,6,176,219,179,220,237.83,250.83,231.0
77,42.53,188.83,219.33,4,2,6,187,219,190,220,239.33,254.17,233.33
77,42.53,198.0,219.25,6,2,8,195,219,200,220,233.38,246.62,224.25
78,42.57,40.4,49.2,2,3,5,40,48,41,50,170.6,150.4,141.0
78,42.57,30.5,52.12,4,6,16,29,49,32,54,202.25,187.12,179.0
78,42.57,26.8,51.2,2,4,5,26,50,27,53,213.6,96.6,109.4
78,42.57,97.4,51.2,2,3,5,97,50,98,52,173.0,143.0,140.4
78,42.57,101.6,51.2,2,3,5,101,50,102,52,171.2,141.2,138.8
78,42.57,105.5,51.0,2,3,6,105,50,106,52,171.5,142.67,142.5
78,42.57,109.6,51.2,2,3,5,109,50,110,52,173.0,143.0,140.4
78,42.57,113.5,51.0,2,3,6,113,50,114,52,176.83,141.67,142.83
78,42.57,117.4,51.2,2,3,5,117,50,118,52,177.2,140.8,139.4
78,42.57,23.57,52.29,2,4,7,23,51,24,54,246.86,233.57,236.71
78,42.57,47.22,53.22,5,3,9,45,52,49,54,222.67,211.44,202.22
78,42.57,275.36,94.43,20,17,152,264,88,283,104,218.61,151.84,96.31
78,42.57,303.33,109.33,7,2,9,300,109,306,110,211.11,224.78,250.33
78,42.57,190.84,121.07,14,15,56,184,115,197,129,232.43,193.27,246.88
78,42.57,278.09,122.64,5,4,11,276,121,280,124,208.64,151.18,159.09
78,42.57,266.25,124.56,6,4,16,264,123,269,126,204.88,138.81,147.19
78,42.57,274.6,125.2,2,3,5,274,124,275,126,181.6,130.2,153.6
78,42.57,152.14,129.57,9,4,14,148,128,156,131,211.79,210.5,248.93
78,42.57,171.5,129.25,9,4,24,168,128,176,131,211.92,141.58,120.29
78,42.57,115.0,130.0,6,3,13,112,129,117,131,213.62,128.31,113.15
78,42.57,166.06,132.69,6,7,16,164,129,169,135,189.12,148.56,152.75
78,42.57,110.4,131.0,2,3,5,110,130,111,132,182.6,112.8,135.2
78,42.57,69.6,134.3,4,5,10,68,132,71,136,161.8,137.3,135.8
78,42.57,173.14,133.14,5,3,7,171,132,175,134,197.14,137.29,149.71
78,42.57,199.67,147.5,4,2,6,198,147,201,148,128.0,209.17,83.83
78,42.57,150.31,150.19,6,6,16,148,148,153,153,128.12,227.19,70.31
78,42.57,183.53,151.83,8,8,30,180,148,187,155,130.7,218.9,86.83
78,42.57,171.16,152.88,10,7,25,168,149,177,155,129.84,217.16,101.12
78,42.57,229.89,150.67,3,4,9,229,149,231,152,136.33,213.0,93.67
78,42.57,146.2,150.6,3,2,5,145,150,147,151,130.4,227.4,83.4
78,42.57,196.2,151.6,8,4,15,193,150,200,153,127.2,222.87,71.73
78,42.57,208.14,152.43,3,4,7,207,151,209,154,133.86,226.14,84.0
78,42.57,157.12,153.88,9,5,24,153,152,161,156,130.54,217.21,74.88
78,42.57,203.57,154.14,4,3,7,202,153,205,155,128.43,223.14,85.86
78,42.57,178.07,158.6,3,7,15,177,156,179,162,132.93,220.93,83.2
78,42.57,221.17,156.67,4,2,6,220,156,223,157,133.17,187.5,112.33
78,42.57,202.2,157.6,3,2,5,201,157,203,158,125.4,215.0,99.0
78,42.57,103.6,158.6,3,3,5,103,158,105,160,130.2,226.8,101.4
78,42.57,97.27,169.02,15,19,94,90,161,104,179,140.62,205.43,95.07
78,42.57,87.8,168.6,3,2,5,87,168,89,169,148.2,210.4,121.0
78,42.57,154.5,175.39,10,13,36,150,170,159,182,135.56,95.36,70.61
78,42.57,174.31,175.69,6,7,26,172,172,177,178,131.73,92.5,71.88
78,42.57,143.17,178.02,13,10,41,137,174,149,183,133.44,102.51,59.0
78,42.57,122.21,176.43,6,4,14,120,175,125,178,146.43,198.14,106.86
78,42.57,109.2,178.5,10,4,20,104,177,113,180,130.65,200.75,93.9
78,42.57,89.57,178.71,5,2,7,88,178,92,179,133.71,194.43,79.14
78,42.57,195.56,179.44,5,4,9,194,178,198,181,139.44,190.67,106.89
78,42.57,122.74,180.42,11,3,19,118,179,128,181,142.74,197.74,95.11
78,42.57,96.43,180.71,5,2,7,94,180,98,181,136.29,202.57,90.86
78,42.57,101.17,180.67,4,2,6,100,180,103,181,137.17,200.5,92.5
78,42.57,27.93,188.44,8,5,27,24,186,31,190,171.78,186.89,94.78
78,42.57,36.5,188.17,6,5,24,34,186,39,190,175.58,178.12,89.92
78,42.57,21.5,202.5,2,4,8,21,201,22,204,200.38,56.12,70.75
78,42.57,24.38,202.62,2,5,8,24,201,25,205,208.0,65.12,75.0
78,42.57,283.71,206.5,8,4,28,280,205,287,208,163.61,137.96,20.86
78,42.57,176.5,213.0,6,1,6,174,213,179,213,121.83,107.33,96.83
78,42.57,216.5,213.0,6,1,6,214,213,219,213,122.83,113.5,103.33
78,42.57,129.6,219.2,4,2,5,128,219,131,220,232.8,251.0,239.0
78,42.57,148.8,219.6,3,2,5,148,219,150,220,229.4,241.4,224.2
78,42.57,167.83,219.33,4,2,6,166,219,169,220,241.67,255.0,233.17
78,42.57,177.83,219.33,4,2,6,176,219,179,220,237.83,250.83,231.0
78,42.57,188.83,219.33,4,2,6,187,219,190,220,238.67,254.17,231.83
78,42.57,198.0,219.25,6,2,8,195,219,200,220,233.38,246.62,224.25
79,42.6,40.4,49.2,2,3,5,40,48,41,50,170.6,150.4,141.0
79,42.6,30.5,52.12,4,6,16,29,49,32,54,202.25,187.12,179.0
79,42.6,26.8,51.2,2,4,5,26,50,27,53,213.6,96.6,109.4
79,42.6,97.4,51.2,2,3,5,97,50,98,52,173.0,143.0,140.4
79,42.6,101.6,51.2,2,3,5,101,50,102,52,171.2,141.2,138.8
79,42.6,105.5,51.0,2,3,6,105,50,106,52,171.5,142.67,142.5
79,42.6,109.6,51.2,2,3,5,109,50,110,52,173.0,143.0,140.4
79,42.6,113.5,51.0,2,3,6,113,50,114,52,176.83,141.67,142.83
79,42.6,117.4,51.2,2,3,5,117,50,118,52,177.2,140.8,139.4
79,42.6,23.57,52.29,2,4,7,23,51,24,54,246.86,233.57,236.71
79,42.6,47.22,53.22,5,3,9,45,52,49,54,222.67,211.44,202.22
79,42.6,281.7,94.76,18,20,184,272,86,289,105,219.2,160.29,103.86
79,42.6,194.58,119.33,12,22,121,189,109,200,130,231.45,204.45,241.37
79,42.6,297.57,109.43,6,2,7,295,109,300,110,209.14,228.86,247.57
79,42.6,284.96,124.21,9,6,24,281,122,289,127,179.71,136.46,146.71
79,42.6,156.74,126.58,6,7,19,154,124,159,130,243.84,201.11,249.16
79,42.6,169.22,130.3,6,6,23,166,128,171,133,211.39,131.0,111.87
79,42.6,111.47,130.0,8,3,15,108,129,115,131,207.33,130.0,123.13
79,42.6,156.6,148.6,2,4,5,156,147,157,150,126.2,214.8,66.4
79,42.6,191.47,152.74,18,11,80,184,148,201,158,129.49,218.4,80.33
79,42.6,134.2,151.3,4,5,10,132,149,135,153,125.6,228.3,74.5
79,42.6,228.86,150.86,3,4,7,228,149,230,152,143.0,216.14,88.86
79,42.6,130.2,150.6,3,2,5,129,150,131,151,130.6,227.8,81.4
79,42.6,155.71,152.71,9,5,21,152,150,160,154,130.43,216.33,102.57
79,42.6,168.4,150.8,2,3,5,168,150,169,152,129.4,226.2,107.0
79,42.6,173.94,153.47,5,7,17,172,150,176,156,129.71,219.59,104.47
79,42.6,180.0,151.5,5,4,8,178,150,182,153,125.5,204.88,85.0
79,42.6,141.5,153.92,10,5,26,137,152,146,156,131.08,217.85,73.08
79,42.6,167.88,156.94,5,5,16,166,155,170,159,128.94,219.88,105.75
79,42.6,200.71,157.86,2,5,7,200,156,201,160,145.57,181.14,100.14
79,42.6,221.17,156.67,4,2,6,220,156,223,157,130.17,187.5,108.5
79,42.6,99.17,160.67,4,2,6,98,160,101,161,127.17,186.83,68.67
79,42.6,76.47,169.96,18,21,110,68,162,85,182,138.55,208.55,99.62
79,42.6,172.5,163.0,2,3,6,172,162,173,164,136.67,215.17,75.83
79,42.6,135.73,170.64,4,5,11,134,168,137,172,128.0,78.27,68.36
79,42.6,58.0,173.36,5,4,11,56,172,60,175,132.82,202.82,114.36
79,42.6,160.16,178.59,6,8,32,158,175,163,182,135.53,90.5,69.53
79,42.6,87.5,176.0,8,1,8,84,176,91,176,146.12,212.75,95.38
79,42.6,138.4,177.6,3,5,10,137,176,139,180,141.4,92.0,74.3
79,42.6,92.78,179.61,8,5,18,89,177,96,181,130.39,195.5,93.72
79,42.6,103.44,178.94,9,4,18,100,177,108,180,142.11,195.61,101.83
79,42.6,125.94,181.3,12,11,47,120,177,131,187,139.85,109.34,67.55
79,42.6,62.8,178.8,4,2,5,61,178,64,179,124.2,191.4,97.2
79,42.6,66.83,181.17,3,3,6,66,180,68,182,128.5,189.83,93.0
79,42.6,135.3,181.4,4,4,10,134,180,137,183,132.2,96.5,68.1
79,42.6,85.4,183.5,12,7,30,79,181,90,187,134.5,181.47,74.3
79,42.6,74.17,183.83,5,2,6,72,183,76,184,130.67,194.0,87.17
79,42.6,101.0,183.0,11,1,11,96,183,106,183,130.73,196.64,68.09
79,42.6,27.75,188.38,8,5,24,24,186,31,190,165.21,185.58,88.08
79,42.6,36.5,188.36,6,4,22,34,187,39,190,174.91,170.05,85.86
79,42.6,86.67,188.33,3,3,6,86,187,88,189,132.83,173.17,100.5
79,42.6,189.0,190.14,4,3,7,188,189,191,191,127.29,191.14,102.71
79,42.6,21.5,202.5,2,4,8,21,201,22,204,200.38,56.12,70.75
79,42.6,24.38,202.62,2,5,8,24,201,25,205,208.0,65.12,75.0
79,42.6,283.71,206.5,8,4,28,280,205,287,208,163.61,137.96,20.86
79,42.6,176.5,213.0,6,1,6,174,213,179,213,122.0,107.67,97.0
79,42.6,216.5,213.0,6,1,6,214,213,219,213,122.83,113.5,103.33
79,42.6,129.6,219.2,4,2,5,128,219,131,220,232.6,251.0,239.6
79,42.6,148.8,219.6,3,2,5,148,219,150,220,229.4,241.4,224.2
79,42.6,167.83,219.33,4,2,6,166,219,169,220,241.67,255.0,233.17
79,42.6,177.83,219.33,4,2,6,176,219,179,220,237.83,250.83,231.0
79,42.6,188.83,219.33,4,2,6,187,219,190,220,239.33,254.17,233.33
79,42.6,198.0,219.25,6,2,8,195,219,200,220,233.38,246.62,224.25
80,42.63,40.4,49.2,2,3,5,40,48,41,50,170.6,150.4,141.0
80,42.63,30.5,52.12,4,6,16,29,49,32,54,202.25,187.12,179.0
80,42.63,26.8,51.2,2,4,5,26,50,27,53,213.6,96.6,109.4
80,42.63,97.4,51.2,2,3,5,97,50,98,52,173.0,143.0,140.4
80,42.63,101.6,51.2,2,3,5,101,50,102,52,171.2,141.2,138.8
80,42.63,105.5,51.0,2,3,6,105,50,106,52,171.5,142.67,142.5
80,42.63,109.6,51.2,2,3,5,109,50,110,52,173.0,143.0,140.4
80,42.63,113.5,51.0,2,3,6,113,50,114,52,176.83,141.67,142.83
80,42.63,117.4,51.2,2,3,5,117,50,118,52,177.2,140.8,139.4
80,42.63,23.57,52.29,2,4,7,23,51,24,54,246.86,233.57,236.71
80,42.63,47.22,53.22,5,3,9,45,52,49,54,222.67,211.44,202.22
80,42.63,286.47,94.93,18,20,178,277,86,294,105,220.44,161.79,95.85
80,42.63,275.2,98.2,3,3,5,274,97,276,99,217.6,185.6,202.6
80,42.63,200.7,117.95,13,24,166,195,107,207,130,240.59,209.65,240.8
80,42.63,191.57,120.91,4,13,23,190,115,193,127,200.22,64.0,169.0
80,42.63,4.28,120.77,8,11,47,0,117,7,127,193.47,104.51,46.77
80,42.63,11.82,121.17,6,11,40,10,117,15,127,204.1,151.62,113.95
80,42.63,22.05,123.89,4,10,19,20,119,23,128,197.63,174.11,172.63
80,42.63,160.84,128.92,7,16,62,158,121,164,136,225.71,192.5,223.5
80,42.63,207.5,122.75,3,5,8,207,121,209,125,200.25,70.88,169.75
80,42.63,290.63,123.95,7,6,19,288,122,294,127,176.68,133.32,134.89
80,42.63,205.2,126.6,3,2,5,204,126,206,127,199.2,79.4,168.6
80,42.63,105.0,130.0,6,3,13,102,129,107,131,213.54,128.46,113.23
80,42.63,126.8,133.2,3,3,5,126,132,128,134,240.6,198.0,251.6
80,42.63,214.17,148.0,3,3,6,213,147,215,149,131.5,227.83,89.5
80,42.63,229.88,151.19,5,6,16,228,149,232,154,134.25,207.88,81.94
80,42.63,173.5,155.6,4,5,10,172,154,175,158,143.0,206.5,110.2
80,42.63,178.56,157.22,5,3,9,177,156,181,158,132.67,181.89,78.22
80,42.63,243.17,156.67,4,2,6,242,156,245,157,140.67,213.83,117.67
80,42.63,215.8,157.2,4,2,5,214,157,217,158,142.6,196.4,117.2
80,42.63,27.95,188.65,8,4,20,24,187,31,190,167.6,175.3,83.0
80,42.63,36.5,188.36,6,4,22,34,187,39,190,189.18,184.27,100.27
80,42.63,21.5,202.5,2,4,8,21,201,22,204,200.38,56.12,70.75
80,42.63,24.38,202.62,2,5,8,24,201,25,205,208.0,65.12,75.0
80,42.63,283.71,206.5,8,4,28,280,205,287,208,163.61,137.96,20.86
80,42.63,176.5,213.0,6,1,6,174,213,179,213,122.0,107.67,97.0
80,42.63,216.5,213.0,6,1,6,214,213,219,213,122.83,113.5,103.33
80,42.63,129.6,219.2,4,2,5,128,219,131,220,232.6,251.0,239.6
80,42.63,148.8,219.6,3,2,5,148,219,150,220,229.4,241.4,224.2
80,42.63,167.83,219.33,4,2,6,166,219,169,220,241.67,255.0,233.17
80,42.63,177.83,219.33,4,2,6,176,219,179,220,237.83,250.83,231.0
80,42.63,188.83,219.33,4,2,6,187,219,190,220,239.33,254.17,233.33
80,42.63,198.0,219.25,6,2,8,195,219,200,220,233.38,246.62,224.25
81,42.67,40.4,49.2,2,3,5,40,48,41,50,170.6,150.4,141.0
81,42.67,30.5,52.12,4,6,16,29,49,32,54,202.25,187.12,179.0
81,42.67,26.8,51.2,2,4,5,26,50,27,53,213.6,96.6,109.4
81,42.67,97.4,51.2,2,3,5,97,50,98,52,173.0,143.0,140.4
81,42.67,101.6,51.2,2,3,5,101,50,102,52,171.2,141.2,138.8
81,42.67,105.5,51.0,2,3,6,105,50,106,52,171.5,142.67,142.5
81,42.67,109.6,51.2,2,3,5,109,50,110,52,173.0,143.0,140.4
81,42.67,113.5,51.0,2,3,6,113,50,114,52,176.83,141.67,142.83
81,42.67,117.4,51.2,2,3,5,117,50,118,52,177.2,140.8,139.4
81,42.67,23.57,52.29,2,4,7,23,51,24,54,246.86,233.57,236.71
81,42.67,47.22,53.22,5,3,9,45,52,49,54,222.67,211.44,202.22
81,42.67,286.45,94.89,18,20,179,277,86,294,105,220.92,161.74,96.58
81,42.67,275.2,98.2,3,3,5,274,97,276,99,217.6,185.6,202.6
81,42.67,204.08,116.85,14,26,201,198,105,211,130,244.45,208.48,242.53
81,42.67,194.89,117.78,5,16,27,193,110,197,125,193.81,63.37,166.48
81,42.67,33.33,121.92,16,11,97,26,118,41,128,203.15,124.14,81.8
81,42.67,165.44,125.59,8,14,54,162,119,169,132,244.69,201.02,251.28
81,42.67,210.89,123.11,3,7,9,210,120,212,126,201.44,74.78,168.22
81,42.67,290.63,123.95,7,6,19,288,122,294,127,176.68,133.26,134.84
81,42.67,25.34,128.03,9,9,29,23,123,31,131,197.72,152.69,147.41
81,42.67,45.79,126.79,5,7,14,43,123,47,129,202.5,162.29,160.14
81,42.67,156.86,129.36,5,4,14,155,128,159,131,212.71,119.07,114.0
81,42.67,99.0,130.0,6,3,13,96,129,101,131,213.62,128.31,113.15
81,42.67,37.5,130.67,4,2,6,36,130,39,131,175.17,147.83,148.0
81,42.67,153.2,132.8,4,2,5,152,132,155,133,176.8,127.8,130.0
81,42.67,10.0,148.0,5,1,5,8,148,12,148,139.0,219.0,106.2
81,42.67,180.83,150.33,5,2,6,179,150,183,151,125.67,208.83,101.33
81,42.67,169.79,154.5,4,7,14,168,151,171,157,134.07,200.64,87.07
81,42.67,231.62,152.25,4,3,8,230,151,233,153,137.62,210.0,88.88
81,42.67,175.0,159.1,6,3,10,172,158,177,160,131.1,182.7,96.8
81,42.67,214.0,158.5,5,2,8,212,158,216,159,133.12,181.38,110.38
81,42.67,27.9,188.28,8,5,29,24,186,31,190,176.93,196.86,103.31
81,42.67,36.5,188.17,6,5,24,34,186,39,190,185.58,188.0,99.96
81,42.67,12.0,193.0,5,1,5,10,193,14,193,158.6,216.0,137.4
81,42.67,251.5,193.0,8,1,8,248,193,255,193,144.62,193.88,122.62
81,42.67,21.5,202.5,2,4,8,21,201,22,204,200.38,56.12,70.75
81,42.67,24.38,202.62,2,5,8,24,201,25,205,208.0,65.12,75.0
81,42.67,283.71,206.5,8,4,28,280,205,287,208,163.61,137.96,20.86
81,42.67,176.5,213.0,6,1,6,174,213,179,213,122.0,107.67,97.0
81,42.67,216.5,213.0,6,1,6,214,213,219,213,122.83,113.5,103.33
81,42.67,129.6,219.2,4,2,5,128,219,131,220,232.6,251.0,239.6
81,42.67,148.8,219.6,3,2,5,148,219,150,220,229.4,241.4,224.2
81,42.67,167.83,219.33,4,2,6,166,219,169,220,241.67,255.0,233.17
81,42.67,177.83,219.33,4,2,6,176,219,179,220,237.83,250.83,231.0
81,42.67,188.83,219.33,4,2,6,187,219,190,220,239.33,254.17,233.33
81,42.67,198.0,219.25,6,2,8,195,219,200,220,233.38,246.62,224.25
82,42.7,40.4,49.2,2,3,5,40,48,41,50,170.6,150.4,141.0
82,42.7,30.5,52.12,4,6,16,29,49,32,54,202.25,187.12,179.0
82,42.7,26.8,51.2,2,4,5,26,50,27,53,213.6,96.6,109.4
82,42.7,97.4,51.2,2,3,5,97,50,98,52,173.0,143.0,140.4
82,42.7,101.6,51.2,2,3,5,101,50,102,52,171.2,141.2,138.8
82,42.7,105.5,51.0,2,3,6,105,50,106,52,171.5,142.67,142.5
82,42.7,109.6,51.2,2,3,5,109,50,110,52,173.0,143.0,140.4
82,42.7,113.5,51.0,2,3,6,113,50,114,52,176.83,141.67,142.83
82,42.7,117.4,51.2,2,3,5,117,50,118,52,177.2,140.8,139.4
82,42.7,23.57,52.29,2,4,7,23,51,24,54,246.86,233.57,236.71
82,42.7,47.22,53.22,5,3,9,45,52,49,54,222.67,211.44,202.22
82,42.7,286.74,88.84,17,20,170,278,80,294,99,221.38,162.81,97.99
82,42.7,248.1,105.4,9,2,10,244,105,252,106,216.5,227.8,255.0
82,42.7,256.5,105.0,6,1,6,254,105,259,105,220.33,223.0,255.0
82,42.7,206.13,116.79,24,23,163,195,106,218,128,242.65,202.91,232.61
82,42.7,219.13,110.8,5,6,15,217,109,221,114,205.67,94.87,157.67
82,42.7,196.52,116.9,10,12,31,192,111,201,122,195.81,66.52,163.26
82,42.7,210.9,121.69,17,15,48,202,115,218,129,196.31,79.1,160.98
82,42.7,290.65,118.06,7,6,17,288,116,294,121,175.76,140.94,142.06
82,42.7,60.37,123.76,21,13,144,51,118,71,130,204.34,132.19,110.34
82,42.7,169.03,126.72,12,15,65,162,119,173,133,242.18,196.23,234.23
82,42.7,41.5,125.0,3,4,6,41,124,43,127,227.83,215.33,229.17
82,42.7,147.32,132.36,8,8,22,144,128,151,135,163.5,131.09,119.64
82,42.7,150.21,129.0,6,4,14,148,128,153,131,182.43,117.14,104.79
82,42.7,135.81,132.06,4,7,16,134,129,137,135,247.62,202.0,253.25
82,42.7,153.17,132.33,4,2,6,152,132,155,133,174.33,125.0,114.33
82,42.7,39.45,134.36,6,3,11,37,133,42,135,149.91,117.91,114.73
82,42.7,45.5,133.5,4,2,8,44,133,47,134,185.88,161.25,157.75
82,42.7,194.3,147.6,5,3,10,192,147,196,149,133.7,223.2,100.1
82,42.7,265.6,147.4,4,2,5,264,147,267,148,127.2,219.6,100.4
82,42.7,166.8,150.4,3,2,5,166,150,168,151,127.8,213.2,93.6
82,42.7,230.44,152.44,4,4,9,229,151,232,154,140.11,215.56,89.0
82,42.7,163.41,154.35,4,6,17,162,152,165,157,143.24,216.94,89.35
82,42.7,243.5,156.67,4,2,6,242,156,245,157,139.33,210.33,114.17
82,42.7,170.69,159.08,8,3,13,167,158,174,160,130.46,180.54,88.69
82,42.7,212.8,159.0,3,3,5,212,158,214,160,133.8,202.4,97.6
82,42.7,200.8,160.0,3,3,5,200,159,202,161,144.2,163.0,107.2
82,42.7,27.85,188.3,8,5,27,24,186,31,190,173.81,191.96,96.04
82,42.7,36.5,188.17,6,5,24,34,186,39,190,172.08,174.33,86.17
82,42.7,1.17,193.67,4,2,6,0,193,3,194,140.67,127.0,85.33
82,42.7,12.0,193.0,5,1,5,10,193,14,193,158.6,216.0,137.4
82,42.7,21.5,202.5,2,4,8,21,201,22,204,200.38,56.12,70.75
82,42.7,24.38,202.62,2,5,8,24,201,25,205,208.0,65.12,75.0
82,42.7,283.71,206.5,8,4,28,280,205,287,208,162.54,138.29,20.86
82,42.7,176.5,213.0,6,1,6,174,213,179,213,121.83,107.33,96.83
82,42.7,216.5,213.0,6,1,6,214,213,219,213,122.83,113.5,103.33
82,42.7,129.6,219.2,4,2,5,128,219,131,220,232.6,251.0,239.6
82,42.7,148.8,219.6,3,2,5,148,219,150,220,229.4,241.4,224.2
82,42.7,167.83,219.33,4,2,6,166,219,169,220,241.67,255.0,233.17
82,42.7,177.83,219.33,4,2,6,176,219,179,220,237.83,250.83,231.0
82,42.7,188.83,219.33,4,2,6,187,219,190,220,238.67,254.17,231.83
82,42.7,198.0,219.25,6,2,8,195,219,200,220,233.38,246.62,224.25
83,42.73,40.4,49.2,2,3,5,40,48,41,50,170.6,150.4,141.0
83,42.73,30.5,52.12,4,6,16,29,49,32,54,202.25,187.12,179.0
83,42.73,26.8,51.2,2,4,5,26,50,27,53,213.6,96.6,109.4
83,42.73,97.4,51.2,2,3,5,97,50,98,52,173.0,143.0,140.4
83,42.73,101.6,51.2,2,3,5,101,50,102,52,171.2,141.2,138.8
83,42.73,105.5,51.0,2,3,6,105,50,106,52,171.5,142.67,142.5
83,42.73,109.6,51.2,2,3,5,109,50,110,52,173.0,143.0,140.4
83,42.73,113.5,51.0,2,3,6,113,50,114,52,176.83,141.67,142.83
83,42.73,117.4,51.2,2,3,5,117,50,118,52,177.2,140.8,139.4
83,42.73,23.57,52.29,2,4,7,23,51,24,54,246.86,233.57,236.71
83,42.73,47.22,53.22,5,3,9,45,52,49,54,222.67,211.44,202.22
83,42.73,286.66,83.33,17,19,172,278,75,294,93,222.44,162.83,97.23
83,42.73,275.17,87.0,3,3,6,274,86,276,88,197.33,161.83,183.83
83,42.73,210.47,116.64,26,24,182,198,105,223,128,242.47,201.04,230.21
83,42.73,209.0,106.86,5,3,7,207,106,211,108,189.43,70.29,162.86
83,42.73,202.25,114.11,8,9,28,199,110,206,118,197.14,82.93,162.25
83,42.73,290.39,112.11,6,6,18,288,110,293,115,192.72,130.06,138.89
83,42.73,295.8,110.2,4,2,5,294,110,297,111,161.8,105.2,131.2
83,42.73,223.5,113.5,2,4,6,223,112,224,115,199.83,62.33,173.0
83,42.73,217.32,120.57,8,10,28,214,116,221,125,201.04,73.57,168.75
83,42.73,71.71,124.87,16,16,126,64,118,79,133,206.36,135.17,101.33
83,42.73,173.28,125.24,10,15,67,168,118,177,132,243.94,207.06,243.97
83,42.73,197.11,120.22,3,5,9,196,118,198,122,195.44,71.33,168.0
83,42.73,61.4,123.5,2,6,10,61,121,62,126,228.6,178.3,212.8
83,42.73,82.12,122.62,3,4,8,81,121,83,124,200.0,151.0,159.62
83,42.73,143.83,126.67,4,2,6,142,126,145,127,172.5,142.83,135.0
83,42.73,167.6,127.4,2,4,5,167,126,168,129,193.6,90.2,165.2
83,42.73,62.33,128.0,4,3,9,61,127,64,129,220.11,170.44,182.67
83,42.73,141.15,132.5,4,9,20,140,128,143,136,237.85,195.7,248.9
83,42.73,207.0,128.75,8,3,12,204,128,211,130,185.25,78.33,149.0
83,42.73,176.0,130.5,3,4,6,175,129,177,132,189.17,88.33,147.33
83,42.73,145.43,132.14,4,3,7,144,131,147,133,186.57,116.14,157.71
83,42.73,169.83,145.67,4,2,6,168,145,171,146,125.83,200.17,105.33
83,42.73,181.4,145.6,4,2,5,180,145,183,146,126.0,217.0,96.6
83,42.73,189.67,147.67,4,3,6,188,147,191,149,130.33,222.33,97.67
83,42.73,229.25,152.0,3,5,8,228,150,230,154,134.88,200.88,95.12
83,42.73,156.89,155.78,3,5,9,156,154,158,158,142.56,206.0,104.78
83,42.73,202.5,159.25,4,3,8,201,158,204,160,143.25,184.5,109.88
83,42.73,167.14,159.86,4,3,7,166,159,169,161,124.14,168.86,84.71
83,42.73,36.52,188.26,6,5,23,34,186,39,190,173.22,172.0,85.78
83,42.73,28.28,188.33,6,4,18,26,187,31,190,172.83,175.39,79.89
83,42.73,21.5,202.5,2,4,8,21,201,22,204,200.38,56.12,70.75
83,42.73,24.38,202.62,2,5,8,24,201,25,205,208.0,65.12,75.0
83,42.73,283.71,206.5,8,4,28,280,205,287,208,163.61,137.96,20.86
83,42.73,176.5,213.0,6,1,6,174,213,179,213,122.0,107.67,97.0
83,42.73,216.5,213.0,6,1,6,214,213,219,213,122.83,113.5,103.33
83,42.73,129.6,219.2,4,2,5,128,219,131,220,232.6,251.0,239.6
83,42.73,148.8,219.6,3,2,5,148,219,150,220,229.4,241.4,224.2
83,42.73,167.83,219.33,4,2,6,166,219,169,220,241.67,255.0,233.17
83,42.73,177.83,219.33,4,2,6,176,219,179,220,237.83,250.83,231.0
83,42.73,188.83,219.33,4,2,6,187,219,190,220,239.33,254.17,233.33
83,42.73,198.0,219.25,6,2,8,195,219,200,220,233.38,246.62,224.25
84,42.77,40.4,49.2,2,3,5,40,48,41,50,170.6,150.4,141.0
84,42.77,30.5,52.12,4,6,16,29,49,32,54,202.25,187.12,179.0
84,42.77,26.8,51.2,2,4,5,26,50,27,53,213.6,96.6,109.4
84,42.77,97.4,51.2,2,3,5,97,50,98,52,173.0,143.0,140.4
84,42.77,101.6,51.2,2,3,5,101,50,102,52,171.2,141.2,138.8
84,42.77,105.5,51.0,2,3,6,105,50,106,52,171.5,142.67,142.5
84,42.77,109.6,51.2,2,3,5,109,50,110,52,173.0,143.0,140.4
84,42.77,113.5,51.0,2,3,6,113,50,114,52,176.83,141.67,142.83
84,42.77,117.4,51.2,2,3,5,117,50,118,52,177.2,140.8,139.4
84,42.77,23.57,52.29,2,4,7,23,51,24,54,246.86,233.57,236.71
84,42.77,47.22,53.22,5,3,9,45,52,49,54,222.67,211.44,202.22
84,42.77,275.57,74.5,24,18,170,262,67,285,84,213.73,151.18,103.79
84,42.77,240.57,101.14,6,2,7,238,101,243,102,215.86,214.71,255.0
84,42.77,278.29,102.43,5,3,7,276,101,280,103,204.71,166.57,185.14
84,42.77,216.13,116.25,51,28,871,189,102,239,129,215.43,146.48,150.46
84,42.77,267.19,104.62,8,4,16,264,103,271,106,196.56,138.06,151.25
84,42.77,259.27,105.36,6,5,11,256,104,261,108,217.64,202.45,248.27
84,42.77,83.33,122.36,16,11,90,76,118,91,128,194.03,120.3,100.54
84,42.77,180.02,125.18,14,13,51,173,119,186,131,241.57,195.59,230.2
84,42.77,75.37,124.74,6,7,19,74,121,79,127,211.05,166.42,158.84
84,42.77,92.8,123.8,2,4,5,92,122,93,125,186.8,149.8,143.6
84,42.77,65.2,124.2,2,4,5,65,123,66,126,227.4,216.2,230.2
84,42.77,133.43,126.86,8,5,21,130,125,137,129,190.33,124.62,131.29
84,42.77,148.22,131.17,6,10,36,146,126,151,135,234.44,188.53,231.47
84,42.77,138.0,128.0,3,3,5,137,127,139,129,181.4,135.0,159.8
84,42.77,181.29,129.71,4,3,7,180,129,183,131,185.71,82.14,156.57
84,42.77,173.39,145.72,6,5,18,171,144,176,148,130.56,224.11,78.89
84,42.77,182.56,146.06,8,4,18,178,144,185,147,139.44,225.67,108.56
84,42.77,190.11,146.56,7,6,18,187,144,193,149,129.72,223.33,100.22
84,42.77,197.9,145.43,7,4,21,195,144,201,147,129.14,216.62,88.76
84,42.77,140.14,147.57,5,2,7,138,147,142,148,129.86,214.14,94.43
84,42.77,148.45,152.32,6,8,22,146,149,151,156,144.77,218.68,111.59
84,42.77,229.43,150.71,4,3,7,228,150,231,152,137.0,211.43,93.0
84,42.77,259.2,152.6,3,2,5,258,152,260,153,134.0,176.4,106.2
84,42.77,207.89,156.44,4,4,9,206,155,209,158,133.33,214.67,112.11
84,42.77,197.0,158.91,5,4,11,195,157,199,160,149.91,190.82,107.18
84,42.77,157.67,159.22,4,4,9,156,158,159,161,134.56,185.0,101.78
84,42.77,205.43,159.0,4,3,7,204,158,207,160,140.71,205.43,72.14
84,42.77,150.4,159.8,4,2,5,149,159,152,160,131.6,182.6,77.4
84,42.77,177.62,160.62,4,4,8,176,159,179,162,135.5,157.88,96.62
84,42.77,36.5,188.17,6,5,24,34,186,39,190,185.67,188.25,100.04
84,42.77,27.88,188.54,8,4,26,24,187,31,190,175.27,187.92,97.42
84,42.77,21.5,202.5,2,4,8,21,201,22,204,200.38,56.12,70.75
84,42.77,24.38,202.62,2,5,8,24,201,25,205,208.0,65.12,75.0
84,42.77,283.71,206.5,8,4,28,280,205,287,208,163.61,137.96,20.86
84,42.77,176.5,213.0,6,1,6,174,213,179,213,122.0,107.67,97.0
84,42.77,216.5,213.0,6,1,6,214,213,219,213,122.83,113.5,103.33
84,42.77,129.6,219.2,4,2,5,128,219,131,220,232.6,251.0,239.6
84,42.77,148.8,219.6,3,2,5,148,219,150,220,229.4,241.4,224.2
84,42.77,167.83,219.33,4,2,6,166,219,169,220,241.67,255.0,233.17
84,42.77,177.83,219.33,4,2,6,176,219,179,220,237.83,250.83,231.0
84,42.77,188.83,219.33,4,2,6,187,219,190,220,239.33,254.17,233.33
84,42.77,198.0,219.25,6,2,8,195,219,200,220,233.38,246.62,224.25
85,42.8,40.4,49.2,2,3,5,40,48,41,50,170.6,150.4,141.0
85,42.8,30.5,52.12,4,6,16,29,49,32,54,202.25,187.12,179.0
85,42.8,26.8,51.2,2,4,5,26,50,27,53,213.6,96.6,109.4
85,42.8,97.4,51.2,2,3,5,97,50,98,52,173.0,143.0,140.4
85,42.8,101.6,51.2,2,3,5,101,50,102,52,171.2,141.2,138.8
85,42.8,105.5,51.0,2,3,6,105,50,106,52,171.5,142.67,142.5
85,42.8,109.6,51.2,2,3,5,109,50,110,52,173.0,143.0,140.4
85,42.8,113.5,51.0,2,3,6,113,50,114,52,176.83,141.67,142.83
85,42.8,117.4,51.2,2,3,5,117,50,118,52,177.2,140.8,139.4
85,42.8,23.57,52.29,2,4,7,23,51,24,54,246.86,233.57,236.71
85,42.8,47.22,53.22,5,3,9,45,52,49,54,222.67,211.44,202.22
85,42.8,270.03,71.8,22,18,161,258,64,279,81,214.84,153.25,92.32
85,42.8,273.25,99.38,4,4,8,272,98,275,101,201.25,161.25,174.12
85,42.8,218.45,115.84,48,30,928,194,100,241,129,217.44,148.23,151.13
85,42.8,262.29,101.88,6,5,17,260,100,265,104,201.47,140.47,140.82
85,42.8,269.17,102.17,3,3,6,268,101,270,103,179.67,136.83,144.67
85,42.8,86.16,122.24,18,11,94,78,117,95,127,199.44,127.5,107.88
85,42.8,182.97,124.03,14,15,69,176,117,189,131,232.28,178.8,216.26
85,42.8,97.67,119.83,4,3,6,96,119,99,121,214.5,151.33,190.33
85,42.8,132.24,125.94,7,4,17,129,125,135,128,208.65,125.47,123.24
85,42.8,150.26,130.71,6,10,35,148,126,153,135,236.63,191.26,234.74
85,42.8,245.27,143.55,6,2,11,243,143,248,144,136.45,216.82,76.91
85,42.8,180.0,146.29,8,5,21,176,144,183,148,136.9,222.38,105.19
85,42.8,170.72,146.28,7,4,18,168,145,174,148,130.72,224.94,76.0
85,42.8,187.93,146.21,7,4,14,185,145,191,148,133.21,228.07,108.5
85,42.8,196.0,146.24,7,4,17,193,145,199,148,134.76,218.76,96.24
85,42.8,138.0,147.5,5,2,6,136,147,140,148,136.17,223.17,99.33
85,42.8,145.6,152.33,10,9,30,142,149,151,157,141.73,216.03,107.83
85,42.8,229.0,151.18,4,5,11,228,149,231,153,139.91,198.18,98.18
85,42.8,148.0,156.4,3,3,5,147,155,149,157,130.0,177.4,81.4
85,42.8,154.58,159.92,4,5,12,153,158,156,162,129.83,182.42,99.42
85,42.8,196.06,159.41,7,4,17,193,158,199,161,145.29,187.35,110.88
85,42.8,147.2,160.8,4,2,5,146,160,149,161,130.8,181.6,73.4
85,42.8,175.43,161.43,4,4,7,174,160,177,163,141.29,163.43,96.43
85,42.8,140.75,163.75,6,2,8,138,163,143,164,128.88,197.25,107.62
85,42.8,27.93,188.36,8,5,28,24,186,31,190,179.21,196.82,102.96
85,42.8,36.5,188.17,6,5,24,34,186,39,190,186.33,188.67,100.54
85,42.8,21.5,202.5,2,4,8,21,201,22,204,200.38,56.12,70.75
85,42.8,24.38,202.62,2,5,8,24,201,25,205,208.0,65.12,75.0
85,42.8,283.71,206.5,8,4,28,280,205,287,208,163.61,137.96,20.86
85,42.8,176.5,213.0,6,1,6,174,213,179,213,122.0,107.67,97.0
85,42.8,216.5,213.0,6,1,6,214,213,219,213,122.83,113.5,103.33
85,42.8,129.6,219.2,4,2,5,128,219,131,220,232.6,251.0,239.6
85,42.8,148.8,219.6,3,2,5,148,219,150,220,229.4,241.4,224.2
85,42.8,167.83,219.33,4,2,6,166,219,169,220,241.67,255.0,233.17
85,42.8,177.83,219.33,4,2,6,176,219,179,220,237.83,250.83,231.0
85,42.8,188.83,219.33,4,2,6,187,219,190,220,239.33,254.17,233.33
85,42.8,198.0,219.25,6,2,8,195,219,200,220,233.38,246.62,224.25
86,42.83,40.4,49.2,2,3,5,40,48,41,50,170.6,150.4,141.0
86,42.83,30.5,52.12,4,6,16,29,49,32,54,202.25,187.12,179.0
86,42.83,26.8,51.2,2,4,5,26,50,27,53,213.6,96.6,109.4
86,42.83,97.4,51.2,2,3,5,97,50,98,52,173.0,143.0,140.4
86,42.83,101.6,51.2,2,3,5,101,50,102,52,171.2,141.2,138.8
86,42.83,105.5,51.0,2,3,6,105,50,106,52,171.5,142.67,142.5
86,42.83,109.6,51.2,2,3,5,109,50,110,52,173.0,143.0,140.4
86,42.83,113.5,51.0,2,3,6,113,50,114,52,176.83,141.67,142.83
86,42.83,117.4,51.2,2,3,5,117,50,118,52,177.2,140.8,139.4
86,42.83,23.57,52.29,2,4,7,23,51,24,54,246.86,233.57,236.71
86,42.83,47.22,53.22,5,3,9,45,52,49,54,222.67,211.44,202.22
86,42.83,255.52,62.78,24,19,163,242,55,265,73,215.54,150.61,101.55
86,42.83,258.45,90.91,6,3,11,256,90,261,92,205.36,163.09,191.82
86,42.83,247.33,93.33,8,3,12,244,92,251,94,191.67,130.83,142.08
86,42.83,229.0,100.0,9,1,9,225,100,233,100,208.44,235.89,255.0
86,42.83,215.37,117.84,80,30,1465,172,103,251,132,216.36,147.02,135.71
86,42.83,93.7,121.89,8,11,46,90,117,97,127,203.15,123.11,113.02
86,42.83,101.14,122.21,7,10,28,99,118,105,127,195.86,134.11,116.68
86,42.83,123.0,124.68,5,6,19,121,122,125,127,195.84,144.68,140.74
86,42.83,163.33,128.05,8,5,21,160,126,167,130,220.48,152.62,199.1
86,42.83,156.29,132.86,3,3,7,155,132,157,134,228.86,185.14,220.29
86,42.83,159.4,134.4,4,2,5,158,134,161,135,178.0,98.4,150.8
86,42.83,265.94,142.44,6,4,16,264,141,269,144,129.44,217.81,96.56
86,42.83,247.62,143.15,6,3,13,245,142,250,144,129.38,217.38,83.54
86,42.83,175.0,145.58,6,5,19,172,143,177,147,137.0,228.37,103.21
86,42.83,181.36,144.91,6,3,11,179,144,184,146,132.45,229.0,97.73
86,42.83,193.86,146.14,7,3,14,191,145,197,147,131.64,221.14,60.0
86,42.83,230.17,149.5,3,6,12,229,147,231,152,137.25,202.75,98.25
86,42.83,135.52,153.32,7,8,25,133,150,139,157,144.12,217.72,109.36
86,42.83,237.0,151.5,3,2,6,236,151,238,152,130.67,185.0,98.33
86,42.83,200.14,155.71,3,3,7,199,155,201,157,132.14,204.86,108.57
86,42.83,199.5,160.12,4,5,8,198,158,201,162,135.0,200.38,72.62
86,42.83,144.86,159.57,7,3,14,142,159,148,161,128.07,185.07,100.07
86,42.83,192.58,160.17,6,4,12,190,159,195,162,138.08,183.33,110.75
86,42.83,27.85,188.3,8,5,27,24,186,31,190,179.3,197.41,102.04
86,42.83,36.5,188.36,6,4,22,34,187,39,190,165.27,160.27,76.23
86,42.83,21.5,202.5,2,4,8,21,201,22,204,200.38,56.12,70.75
86,42.83,24.38,202.62,2,5,8,24,201,25,205,208.0,65.12,75.0
86,42.83,283.71,206.5,8,4,28,280,205,287,208,163.61,137.96,20.86
86,42.83,176.5,213.0,6,1,6,174,213,179,213,122.0,107.67,97.0
86,42.83,216.5,213.0,6,1,6,214,213,219,213,122.83,113.5,103.33
86,42.83,129.6,219.2,4,2,5,128,219,131,220,232.6,251.0,239.6
86,42.83,148.8,219.6,3,2,5,148,219,150,220,229.4,241.4,224.2
86,42.83,167.83,219.33,4,2,6,166,219,169,220,241.67,255.0,233.17
86,42.83,177.83,219.33,4,2,6,176,219,179,220,237.83,250.83,231.0
86,42.83,188.83,219.33,4,2,6,187,219,190,220,239.33,254.17,233.33
86,42.83,198.0,219.25,6,2,8,195,219,200,220,233.38,246.62,224.25
87,42.87,240.2,54.36,20,18,137,228,47,247,64,212.2,132.45,84.2
87,42.87,40.4,49.2,2,3,5,40,48,41,50,170.6,150.4,141.0
87,42.87,30.5,52.12,4,6,16,29,49,32,54,202.25,187.12,179.0
87,42.87,26.8,51.2,2,4,5,26,50,27,53,213.6,96.6,109.4
87,42.87,97.4,51.2,2,3,5,97,50,98,52,173.0,143.0,140.4
87,42.87,101.6,51.2,2,3,5,101,50,102,52,171.2,141.2,138.8
87,42.87,105.5,51.0,2,3,6,105,50,106,52,171.5,142.67,142.5
87,42.87,109.6,51.2,2,3,5,109,50,110,52,173.0,143.0,140.4
87,42.87,113.5,51.0,2,3,6,113,50,114,52,176.83,141.67,142.83
87,42.87,117.4,51.2,2,3,5,117,50,118,52,177.2,140.8,139.4
87,42.87,23.57,52.29,2,4,7,23,51,24,54,246.86,233.57,236.71
87,42.87,47.22,53.22,5,3,9,45,52,49,54,222.67,211.44,202.22
87,42.87,241.85,82.62,8,4,13,238,81,245,84,199.54,155.08,177.0
87,42.87,232.2,84.4,6,3,10,230,83,235,85,204.2,141.0,146.4
87,42.87,226.71,87.0,3,3,7,226,86,228,88,174.71,126.29,136.57
87,42.87,220.24,96.71,14,2,17,213,96,226,97,226.29,217.94,253.53
87,42.87,238.88,114.67,14,4,33,232,113,245,116,205.3,224.33,240.45
87,42.87,106.95,118.95,11,7,41,102,117,112,123,199.37,131.05,98.83
87,42.87,191.62,125.27,34,15,342,176,118,209,132,218.62,151.56,140.76
87,42.87,102.33,122.8,7,6,15,100,120,106,125,210.93,161.73,158.33
87,42.87,113.07,124.2,7,4,15,110,122,116,125,199.13,122.87,139.8
87,42.87,67.89,125.11,4,3,9,66,124,69,126,173.78,122.22,134.0
87,42.87,165.85,129.94,16,10,110,158,126,173,135,209.55,152.82,158.19
87,42.87,262.0,141.0,7,1,7,259,141,265,141,140.0,222.29,107.0
87,42.87,130.38,144.12,2,5,8,130,142,131,146,133.25,199.0,102.0
87,42.87,153.68,144.89,8,5,19,150,143,157,147,128.63,218.0,77.95
87,42.87,183.78,146.51,11,9,41,178,143,188,151,130.37,218.54,81.51
87,42.87,253.0,143.0,7,1,7,250,143,256,143,136.57,226.43,85.14
87,42.87,174.33,146.0,2,6,9,174,144,175,149,128.89,214.44,108.33
87,42.87,233.12,147.44,5,9,16,231,144,235,152,148.19,211.81,107.44
87,42.87,139.8,149.6,3,2,5,139,149,141,150,125.6,203.6,78.0
87,42.87,121.81,159.19,20,15,90,114,150,133,164,134.53,192.91,89.62
87,42.87,156.56,159.22,2,5,9,156,157,157,161,130.0,89.22,66.33
87,42.87,149.44,160.75,4,5,16,148,159,151,163,128.38,94.19,65.44
87,42.87,169.33,161.67,4,4,9,168,160,171,163,138.89,108.44,85.22
87,42.87,134.38,162.69,6,4,13,132,161,137,164,135.62,198.38,100.92
87,42.87,36.52,188.26,6,5,23,34,186,39,190,173.0,172.04,85.7
87,42.87,28.0,188.52,8,4,25,24,187,31,190,169.04,178.64,89.44
87,42.87,21.5,202.5,2,4,8,21,201,22,204,200.38,56.12,70.75
87,42.87,24.38,202.62,2,5,8,24,201,25,205,208.0,65.12,75.0
87,42.87,283.71,206.5,8,4,28,280,205,287,208,163.61,137.96,20.86
87,42.87,176.5,213.0,6,1,6,174,213,179,213,122.0,107.67,97.0
87,42.87,216.5,213.0,6,1,6,214,213,219,213,122.83,113.5,103.33
87,42.87,129.6,219.2,4,2,5,128,219,131,220,232.6,251.0,239.6
87,42.87,148.8,219.6,3,2,5,148,219,150,220,229.4,241.4,224.2
87,42.87,167.83,219.33,4,2,6,166,219,169,220,241.67,255.0,233.17
87,42.87,177.83,219.33,4,2,6,176,219,179,220,237.83,250.83,231.0
87,42.87,188.83,219.33,4,2,6,187,219,190,220,239.33,254.17,233.33
87,42.87,198.0,219.25,6,2,8,195,219,200,220,233.38,246.62,224.25
88,42.9,239.06,49.12,12,13,65,232,45,243,57,191.22,135.28,110.38
88,42.9,40.4,49.2,2,3,5,40,48,41,50,170.6,150.4,141.0
88,42.9,30.5,52.12,4,6,16,29,49,32,54,202.25,187.12,179.0
88,42.9,26.8,51.2,2,4,5,26,50,27,53,213.6,96.6,109.4
88,42.9,97.4,51.2,2,3,5,97,50,98,52,173.0,143.0,140.4
88,42.9,101.6,51.2,2,3,5,101,50,102,52,171.2,141.2,138.8
88,42.9,105.5,51.0,2,3,6,105,50,106,52,171.5,142.67,142.5
88,42.9,109.6,51.2,2,3,5,109,50,110,52,173.0,143.0,140.4
88,42.9,113.5,51.0,2,3,6,113,50,114,52,176.83,141.67,142.83
88,42.9,117.4,51.2,2,3,5,117,50,118,52,177.2,140.8,139.4
88,42.9,23.57,52.29,2,4,7,23,51,24,54,246.86,233.57,236.71
88,42.9,47.22,53.22,5,3,9,45,52,49,54,222.67,211.44,202.22
88,42.9,225.33,57.33,5,5,15,224,56,228,60,173.47,105.0,67.0
88,42.9,238.29,79.43,5,3,7,236,78,240,80,202.57,157.29,186.43
88,42.9,226.71,81.71,7,5,17,224,80,230,84,196.53,142.29,151.41
88,42.9,234.4,81.8,2,3,5,234,81,235,83,172.0,125.8,138.0
88,42.9,224.96,111.27,19,6,52,217,109,235,114,205.31,224.17,240.12
88,42.9,257.17,115.33,3,3,6,256,114,258,116,206.5,223.83,245.33
88,42.9,108.83,120.14,13,9,63,103,117,115,125,200.19,127.32,110.46
88,42.9,187.43,126.32,54,17,477,160,118,213,134,215.71,150.82,143.0
88,42.9,117.45,123.2,7,7,20,114,119,120,125,187.3,137.55,139.95
88,42.9,67.12,125.0,3,3,8,66,124,68,126,177.38,124.62,133.88
88,42.9,262.89,140.33,6,2,9,260,140,265,141,135.56,216.78,100.56
88,42.9,271.4,141.7,4,4,10,270,140,273,143,130.5,220.2,102.8
88,42.9,253.2,142.3,7,2,10,250,142,256,143,133.9,223.6,81.7
88,42.9,150.15,145.42,11,4,26,145,144,155,147,131.5,219.08,82.27
88,42.9,181.84,147.26,15,8,58,174,144,188,151,127.19,214.93,81.16
88,42.9,232.15,148.31,4,6,13,231,146,234,151,139.54,206.31,99.38
88,42.9,246.8,149.4,3,2,5,246,149,248,150,134.8,172.6,108.0
88,42.9,116.17,159.82,12,15,60,111,151,122,165,138.28,199.35,93.13
88,42.9,168.0,162.05,6,5,20,166,160,171,164,137.2,106.75,84.45
88,42.9,130.89,162.72,7,5,18,128,161,134,165,133.06,195.0,99.83
88,42.9,148.5,162.0,2,3,6,148,161,149,163,127.83,79.67,58.0
88,42.9,125.5,164.25,5,5,12,123,162,127,166,133.33,188.42,103.67
88,42.9,36.52,188.26,6,5,23,34,186,39,190,176.61,175.74,89.48
88,42.9,27.92,188.46,8,4,24,24,187,31,190,168.58,181.5,89.21
88,42.9,21.5,202.5,2,4,8,21,201,22,204,200.38,56.12,70.75
88,42.9,24.38,202.62,2,5,8,24,201,25,205,208.0,65.12,75.0
88,42.9,283.71,206.5,8,4,28,280,205,287,208,163.61,137.96,20.86
88,42.9,176.5,213.0,6,1,6,174,213,179,213,122.0,107.67,97.0
88,42.9,216.5,213.0,6,1,6,214,213,219,213,122.83,113.5,103.33
88,42.9,129.6,219.2,4,2,5,128,219,131,220,232.6,251.0,239.6
88,42.9,148.8,219.6,3,2,5,148,219,150,220,229.4,241.4,224.2
88,42.9,167.83,219.33,4,2,6,166,219,169,220,241.67,255.0,233.17
88,42.9,177.83,219.33,4,2,6,176,219,179,220,237.83,250.83,231.0
88,42.9,188.83,219.33,4,2,6,187,219,190,220,239.33,254.17,233.33
88,42.9,198.0,219.25,6,2,8,195,219,200,220,233.38,246.62,224.25
89,42.93,221.43,45.48,12,2,23,216,45,227,46,182.87,154.48,103.39
89,42.93,40.4,49.2,2,3,5,40,48,41,50,170.6,150.4,141.0
89,42.93,30.5,52.12,4,6,16,29,49,32,54,202.25,187.12,179.0
89,42.93,26.8,51.2,2,4,5,26,50,27,53,213.6,96.6,109.4
89,42.93,97.4,51.2,2,3,5,97,50,98,52,173.0,143.0,140.4
89,42.93,101.6,51.2,2,3,5,101,50,102,52,171.2,141.2,138.8
89,42.93,105.5,51.0,2,3,6,105,50,106,52,171.5,142.67,142.5
89,42.93,109.6,51.2,2,3,5,109,50,110,52,173.0,143.0,140.4
89,42.93,113.5,51.0,2,3,6,113,50,114,52,176.83,141.67,142.83
89,42.93,117.4,51.2,2,3,5,117,50,118,52,177.2,140.8,139.4
89,42.93,23.57,52.29,2,4,7,23,51,24,54,246.86,233.57,236.71
89,42.93,47.22,53.22,5,3,9,45,52,49,54,222.67,211.44,202.22
89,42.93,210.6,70.2,2,3,5,210,69,211,71,219.6,203.6,254.6
89,42.93,211.97,75.76,9,6,29,208,73,216,78,180.72,131.21,141.72
89,42.93,231.78,76.89,4,5,9,230,75,233,79,200.44,163.33,175.44
89,42.93,228.57,79.57,2,4,7,228,78,229,81,173.86,115.71,124.29
89,42.93,236.78,111.1,23,7,72,227,108,249,114,205.36,224.11,240.38
89,42.93,0.73,112.87,3,7,15,0,110,2,116,194.27,85.13,22.13
89,42.93,263.9,114.2,5,3,10,262,113,266,115,205.8,223.9,241.9
89,42.93,8.9,116.7,3,7,10,8,114,10,120,193.0,138.3,134.8
89,42.93,119.65,117.68,14,9,62,114,114,127,122,201.35,130.32,112.48
89,42.93,196.0,116.0,5,1,5,194,116,198,116,141.6,91.2,100.8
89,42.93,127.67,121.05,7,8,21,124,117,130,124,201.0,140.52,143.0
89,42.93,190.39,125.36,52,18,448,164,117,215,134,219.58,150.82,142.83
89,42.93,63.19,122.38,7,4,16,60,121,66,124,165.5,127.44,126.19
89,42.93,1.5,124.5,4,2,8,0,124,3,125,168.12,134.5,137.5
89,42.93,91.0,126.0,5,1,5,89,126,93,126,216.4,221.2,246.6
89,42.93,266.5,140.0,6,1,6,264,140,269,140,151.5,228.5,112.17
89,42.93,277.75,141.12,4,3,8,276,140,279,142,131.62,220.25,85.25
89,42.93,168.42,145.28,7,10,36,165,141,171,150,133.86,225.92,109.19
89,42.93,256.7,142.2,8,2,10,253,142,260,143,137.3,226.0,84.1
89,42.93,147.83,144.38,8,4,24,144,143,151,146,131.92,219.54,82.21
89,42.93,162.0,143.88,5,3,8,160,143,164,145,135.38,233.5,105.5
89,42.93,180.54,147.39,11,8,54,175,144,185,151,128.8,216.17,79.06
89,42.93,234.55,147.4,6,8,20,232,144,237,151,150.0,215.0,102.55
89,42.93,249.4,149.8,2,3,5,249,149,250,151,134.8,178.2,110.8
89,42.93,113.29,151.86,3,3,7,112,151,114,153,131.29,218.71,99.29
89,42.93,253.2,153.0,3,3,5,252,152,254,154,140.0,172.0,97.0
89,42.93,108.96,157.96,7,6,28,106,156,112,161,140.29,197.61,85.64
89,42.93,148.77,160.82,6,8,22,146,157,151,164,132.55,90.68,69.45
89,42.93,141.53,162.42,4,6,19,140,160,143,165,133.63,92.63,65.53
89,42.93,163.29,162.18,4,6,17,162,160,165,165,138.82,89.35,71.53
89,42.93,109.36,164.69,16,7,36,103,161,118,167,141.31,192.42,87.28
89,42.93,120.18,163.64,6,5,11,118,162,123,166,132.45,194.64,106.0
89,42.93,125.13,164.33,6,6,15,123,162,128,167,132.6,193.93,96.53
89,42.93,165.5,165.5,4,2,8,164,165,167,166,140.12,135.0,107.38
89,42.93,36.52,188.26,6,5,23,34,186,39,190,176.61,175.74,89.48
89,42.93,28.0,188.52,8,4,25,24,187,31,190,169.52,179.16,89.52
89,42.93,21.5,202.5,2,4,8,21,201,22,204,200.38,56.12,70.75
89,42.93,24.38,202.62,2,5,8,24,201,25,205,208.0,65.12,75.0
89,42.93,283.71,206.5,8,4,28,280,205,287,208,163.61,137.96,20.86
89,42.93,176.5,213.0,6,1,6,174,213,179,213,122.0,107.67,97.0
89,42.93,216.5,213.0,6,1,6,214,213,219,213,122.83,113.5,103.33
89,42.93,129.6,219.2,4,2,5,128,219,131,220,232.6,251.0,239.6
89,42.93,148.8,219.6,3,2,5,148,219,150,220,229.4,241.4,224.2
89,42.93,167.83,219.33,4,2,6,166,219,169,220,241.67,255.0,233.17
89,42.93,177.83,219.33,4,2,6,176,219,179,220,237.83,250.83,231.0
89,42.93,188.83,219.33,4,2,6,187,219,190,220,239.33,254.17,233.33
89,42.93,198.0,219.25,6,2,8,195,219,200,220,233.38,246.62,224.25
90,42.97,40.4,49.2,2,3,5,40,48,41,50,170.6,150.4,141.0
90,42.97,30.5,52.12,4,6,16,29,49,32,54,202.25,187.12,179.0
90,42.97,26.8,51.2,2,4,5,26,50,27,53,213.6,96.6,109.4
90,42.97,97.4,51.2,2,3,5,97,50,98,52,173.0,143.0,140.4
90,42.97,101.6,51.2,2,3,5,101,50,102,52,171.2,141.2,138.8
90,42.97,105.5,51.0,2,3,6,105,50,106,52,171.5,142.67,142.5
90,42.97,109.6,51.2,2,3,5,109,50,110,52,173.0,143.0,140.4
90,42.97,113.5,51.0,2,3,6,113,50,114,52,176.83,141.67,142.83
90,42.97,117.4,51.2,2,3,5,117,50,118,52,177.2,140.8,139.4
90,42.97,23.57,52.29,2,4,7,23,51,24,54,246.86,233.57,236.71
90,42.97,47.22,53.22,5,3,9,45,52,49,54,222.67,211.44,202.22
90,42.97,200.45,61.91,6,3,11,198,61,203,63,219.82,222.82,255.0
90,42.97,196.95,75.71,8,6,21,194,73,201,78,175.14,126.29,138.38
90,42.97,217.8,78.2,4,2,5,216,78,219,79,162.4,122.6,134.2
90,42.97,212.8,80.4,3,2,5,212,80,214,81,181.8,143.2,136.4
90,42.97,33.46,112.96,16,11,102,26,109,41,119,214.5,129.44,96.08
90,42.97,25.53,118.71,12,11,38,22,112,33,122,206.89,157.05,156.32
90,42.97,43.57,119.5,12,10,30,36,113,47,122,201.6,156.03,163.17
90,42.97,132.48,117.88,17,11,89,125,113,141,123,205.9,130.36,116.88
90,42.97,98.5,118.75,4,3,8,97,118,100,120,194.12,148.75,145.38
90,42.97,201.0,121.25,6,2,8,198,121,203,122,209.25,223.75,245.38
90,42.97,88.6,123.8,4,2,5,87,123,90,124,210.8,223.4,245.2
90,42.97,21.5,124.67,4,2,6,20,124,23,125,167.5,150.5,150.17
90,42.97,181.04,129.45,24,12,194,170,124,193,135,202.89,149.39,122.82
90,42.97,35.7,134.8,8,2,10,32,134,39,135,147.5,141.8,126.3
90,42.97,262.14,140.43,7,4,14,259,139,265,142,132.57,225.71,75.07
90,42.97,274.67,139.5,4,2,6,273,139,276,140,129.17,218.83,102.5
90,42.97,284.7,140.8,5,3,10,283,140,287,142,129.6,217.7,92.8
90,42.97,142.22,144.5,8,4,18,138,143,145,146,132.28,217.39,92.56
90,42.97,162.48,145.77,13,7,44,155,143,167,149,128.8,221.64,100.39
90,42.97,180.19,147.61,19,10,85,173,144,191,153,130.54,214.82,90.68
90,42.97,128.4,146.8,2,3,5,128,146,129,148,129.4,211.2,93.8
90,42.97,134.2,146.6,3,2,5,133,146,135,147,129.6,219.2,54.0
90,42.97,237.57,148.29,4,3,7,236,147,239,149,143.43,211.29,111.29
90,42.97,265.17,152.33,2,5,6,265,150,266,154,128.5,143.17,85.5
90,42.97,237.0,151.86,3,3,7,236,151,238,153,130.71,185.57,73.57
90,42.97,245.43,152.29,4,3,7,244,151,247,153,127.29,182.86,92.0
90,42.97,99.82,154.59,7,7,22,97,152,103,158,136.73,208.68,102.55
90,42.97,260.0,154.0,3,3,5,259,153,261,155,132.0,173.2,66.6
90,42.97,96.33,158.5,2,4,6,96,157,97,160,133.67,201.33,93.33
90,42.97,93.0,161.62,4,4,8,91,160,94,163,145.5,204.12,96.25
90,42.97,98.6,161.2,2,3,5,98,160,99,162,134.2,197.8,64.8
90,42.97,141.32,163.64,4,7,22,140,160,143,166,135.77,96.27,72.82
90,42.97,94.5,167.21,4,9,14,93,163,96,171,135.93,187.93,90.5
90,42.97,133.62,165.67,5,7,21,132,163,136,169,129.86,96.95,66.57
90,42.97,157.0,164.44,4,4,9,156,163,159,166,128.89,102.78,78.78
90,42.97,90.3,165.8,5,5,10,88,164,92,168,143.7,191.5,99.7
90,42.97,113.45,165.85,8,6,20,110,164,117,169,132.15,199.35,95.7
90,42.97,102.54,167.65,11,5,26,97,166,107,170,136.38,189.92,92.69
90,42.97,129.6,170.2,2,3,5,129,169,130,171,131.8,184.8,83.2
90,42.97,150.2,173.6,3,2,5,149,173,151,174,140.2,192.4,120.8
90,42.97,36.43,188.09,6,5,23,34,186,39,190,189.52,198.43,105.04
90,42.97,28.33,188.5,6,4,18,26,187,31,190,175.72,180.28,86.56
90,42.97,21.5,202.5,2,4,8,21,201,22,204,200.38,56.12,70.75
90,42.97,24.38,202.62,2,5,8,24,201,25,205,208.0,65.12,75.0
90,42.97,283.71,206.5,8,4,28,280,205,287,208,163.61,137.96,20.86
90,42.97,176.5,213.0,6,1,6,174,213,179,213,122.0,107.67,97.0
90,42.97,216.5,213.0,6,1,6,214,213,219,213,122.83,113.5,103.33
90,42.97,129.6,219.2,4,2,5,128,219,131,220,232.6,251.0,239.6
90,42.97,148.8,219.6,3,2,5,148,219,150,220,229.4,241.4,224.2
90,42.97,167.83,219.33,4,2,6,166,219,169,220,241.67,255.0,233.17
90,42.97,177.83,219.33,4,2,6,176,219,179,220,237.83,250.83,231.0
90,42.97,188.83,219.33,4,2,6,187,219,190,220,239.33,254.17,233.33
90,42.97,198.0,219.25,6,2,8,195,219,200,220,233.38,246.62,224.25
91,43.0,201.95,45.45,12,2,22,196,45,207,46,173.82,147.23,95.55
91,43.0,40.4,49.2,2,3,5,40,48,41,50,170.6,150.4,141.0
91,43.0,30.5,52.12,4,6,16,29,49,32,54,202.25,187.12,179.0
91,43.0,26.8,51.2,2,4,5,26,50,27,53,213.6,96.6,109.4
91,43.0,97.4,51.2,2,3,5,97,50,98,52,173.0,143.0,140.4
91,43.0,101.6,51.2,2,3,5,101,50,102,52,171.2,141.2,138.8
91,43.0,105.5,51.0,2,3,6,105,50,106,52,171.5,142.67,142.5
91,43.0,109.6,51.2,2,3,5,109,50,110,52,173.0,143.0,140.4
91,43.0,113.5,51.0,2,3,6,113,50,114,52,176.83,141.67,142.83
91,43.0,117.4,51.2,2,3,5,117,50,118,52,177.2,140.8,139.4
91,43.0,189.6,51.2,2,3,5,189,50,190,52,214.8,170.4,179.4
91,43.0,23.57,52.29,2,4,7,23,51,24,54,246.86,233.57,236.71
91,43.0,47.22,53.22,5,3,9,45,52,49,54,222.67,211.44,202.22
91,43.0,190.6,70.2,2,3,5,190,69,191,71,219.6,203.6,254.6
91,43.0,192.04,75.63,9,6,27,188,73,196,78,184.3,134.48,147.74
91,43.0,212.4,78.0,3,3,5,211,77,213,79,158.4,119.0,126.4
91,43.0,208.2,79.6,2,4,5,208,78,209,81,185.2,128.8,134.8
91,43.0,45.32,115.19,20,13,129,36,110,55,122,214.14,138.68,109.24
91,43.0,135.02,116.97,16,11,94,128,112,143,122,209.8,130.13,115.64
91,43.0,59.88,118.19,5,8,16,57,114,61,121,206.88,164.62,169.5
91,43.0,95.5,118.75,4,3,8,94,118,97,120,203.12,150.5,143.0
91,43.0,198.64,120.45,6,2,11,196,120,201,121,208.64,222.45,242.55
91,43.0,53.78,121.89,8,2,9,50,121,57,122,187.67,132.67,141.67
91,43.0,90.29,124.29,3,4,7,89,123,91,126,219.29,207.57,238.14
91,43.0,35.43,124.86,4,3,7,34,124,37,126,168.14,150.71,150.57
91,43.0,181.72,129.17,24,11,167,172,124,195,134,206.04,149.13,123.08
91,43.0,49.5,134.0,8,1,8,46,134,53,134,169.75,158.0,145.75
91,43.0,116.71,139.71,3,4,7,116,138,118,141,132.71,190.86,110.0
91,43.0,263.56,140.33,8,4,18,260,139,267,142,132.56,224.39,75.44
91,43.0,276.43,139.14,6,2,7,274,139,279,140,138.14,234.57,114.71
91,43.0,288.36,140.64,6,4,11,286,139,291,142,129.45,216.55,84.64
91,43.0,146.5,142.83,6,3,12,144,142,149,144,127.42,210.42,99.92
91,43.0,155.2,143.8,2,4,5,155,142,156,145,138.6,227.6,110.0
91,43.0,139.32,145.14,9,4,22,135,144,143,147,133.05,218.41,89.09
91,43.0,162.05,147.16,11,7,44,157,144,167,150,129.34,221.09,97.7
91,43.0,126.79,147.14,7,6,14,124,145,130,150,131.57,207.57,82.64
91,43.0,180.79,148.58,20,11,89,172,145,191,155,132.35,216.07,93.64
91,43.0,293.55,146.91,4,4,11,292,145,295,148,128.45,208.82,106.0
91,43.0,238.71,149.53,4,7,17,237,147,240,153,138.71,199.53,91.18
91,43.0,265.83,149.83,3,3,6,265,149,267,151,124.83,111.83,80.0
91,43.0,275.0,150.0,3,3,5,274,149,276,151,125.4,94.4,66.2
91,43.0,134.62,150.5,5,3,8,132,150,136,152,135.38,221.38,75.88
91,43.0,253.25,150.5,5,3,8,251,150,255,152,131.0,172.5,101.62
91,43.0,285.31,151.69,5,4,13,283,150,287,153,142.08,182.46,106.31
91,43.0,247.88,152.5,5,2,8,246,152,250,153,130.62,187.38,92.25
91,43.0,96.41,157.17,8,11,29,93,153,100,163,141.86,214.55,105.41
91,43.0,96.5,162.5,2,4,6,96,161,97,164,133.17,194.83,57.17
91,43.0,139.73,164.6,7,8,30,137,161,143,168,135.07,93.9,73.0
91,43.0,90.6,163.2,2,3,5,90,162,91,164,156.0,214.8,98.8
91,43.0,132.67,167.0,6,7,21,130,164,135,170,132.81,91.38,65.81
91,43.0,85.83,166.33,4,3,6,84,165,87,167,144.33,186.83,115.17
91,43.0,92.8,166.0,3,3,5,92,165,94,167,141.4,208.6,96.6
91,43.0,156.62,166.25,3,4,8,156,165,158,168,133.5,95.62,75.75
91,43.0,101.14,169.27,9,7,22,97,166,105,172,137.91,190.36,93.32
91,43.0,113.89,166.56,7,2,9,111,166,117,167,137.89,206.0,102.11
91,43.0,88.17,168.0,3,3,6,87,167,89,169,146.83,195.33,87.17
91,43.0,111.62,169.12,4,3,8,110,168,113,170,128.88,197.75,90.62
91,43.0,91.42,171.42,5,5,12,89,169,93,173,132.33,168.58,90.08
91,43.0,169.4,169.8,2,3,5,169,169,170,171,135.8,178.8,104.0
91,43.0,142.0,171.17,3,4,6,141,170,143,173,140.33,183.17,105.17
91,43.0,149.71,175.57,4,2,7,148,175,151,176,144.14,197.14,124.86
91,43.0,36.5,188.17,6,5,24,34,186,39,190,187.46,189.79,101.88
91,43.0,27.95,188.65,8,4,20,24,187,31,190,172.6,180.15,87.95
91,43.0,21.5,202.5,2,4,8,21,201,22,204,200.38,56.12,70.75
91,43.0,24.38,202.62,2,5,8,24,201,25,205,208.0,65.12,75.0
91,43.0,283.71,206.5,8,4,28,280,205,287,208,163.61,137.96,20.86
91,43.0,176.5,213.0,6,1,6,174,213,179,213,122.0,107.67,97.0
91,43.0,216.5,213.0,6,1,6,214,213,219,213,122.83,113.5,103.33
91,43.0,129.6,219.2,4,2,5,128,219,131,220,232.6,251.0,239.6
91,43.0,148.8,219.6,3,2,5,148,219,150,220,229.4,241.4,224.2
91,43.0,167.83,219.33,4,2,6,166,219,169,220,241.67,255.0,233.17
91,43.0,177.83,219.33,4,2,6,176,219,179,220,237.83,250.83,231.0
91,43.0,188.83,219.33,4,2,6,187,219,190,220,239.33,254.17,233.33
91,43.0,198.0,219.25,6,2,8,195,219,200,220,233.38,246.62,224.25
92,43.03,181.75,47.31,18,7,48,174,45,191,51,203.83,142.9,107.98
92,43.03,40.4,49.2,2,3,5,40,48,41,50,170.6,150.4,141.0
92,43.03,188.0,49.68,7,5,25,185,48,191,52,202.56,96.32,62.44
92,43.03,30.5,52.12,4,6,16,29,49,32,54,202.25,187.12,179.0
92,43.03,26.8,51.2,2,4,5,26,50,27,53,213.6,96.6,109.4
92,43.03,97.4,51.2,2,3,5,97,50,98,52,173.0,143.0,140.4
92,43.03,101.6,51.2,2,3,5,101,50,102,52,171.2,141.2,138.8
92,43.03,105.5,51.0,2,3,6,105,50,106,52,171.5,142.67,142.5
92,43.03,109.6,51.2,2,3,5,109,50,110,52,173.0,143.0,140.4
92,43.03,113.5,51.0,2,3,6,113,50,114,52,176.83,141.67,142.83
92,43.03,117.4,51.2,2,3,5,117,50,118,52,177.2,140.8,139.4
92,43.03,23.57,52.29,2,4,7,23,51,24,54,246.86,233.57,236.71
92,43.03,47.22,53.22,5,3,9,45,52,49,54,222.67,211.44,202.22
92,43.03,178.15,75.38,6,5,13,176,73,181,77,176.69,127.15,141.54
92,43.03,192.8,80.4,3,2,5,192,80,194,81,181.8,142.4,141.6
92,43.03,69.77,113.41,22,12,133,60,108,81,119,208.47,135.89,114.18
92,43.03,81.67,111.56,4,4,9,80,110,83,113,205.56,142.22,166.89
92,43.03,143.5,113.48,13,7,46,137,111,149,117,209.09,125.93,102.54
92,43.03,195.14,111.86,6,2,7,193,111,198,112,208.43,223.86,248.0
92,43.03,145.94,117.72,14,8,32,138,113,151,120,187.84,145.62,146.12
92,43.03,203.17,113.67,4,2,6,202,113,205,114,209.17,222.33,244.33
92,43.03,213.95,120.1,8,5,21,210,118,217,122,210.71,216.76,238.86
92,43.03,72.5,130.0,6,1,6,70,130,75,130,178.33,168.0,157.17
92,43.03,272.74,139.52,8,5,23,269,137,276,141,126.22,217.7,80.83
92,43.03,283.18,139.18,5,3,11,281,138,285,140,133.27,224.09,108.91
92,43.03,290.67,140.5,4,3,6,289,139,292,141,125.5,216.83,96.17
92,43.03,299.0,140.12,5,3,8,297,139,301,141,133.12,226.75,95.0
92,43.03,117.78,140.89,8,2,9,114,140,121,141,128.22,195.33,104.67
92,43.03,249.12,143.25,5,3,8,247,142,251,144,145.62,225.88,124.88
92,43.03,133.27,144.55,6,2,11,131,144,136,145,125.55,218.36,78.82
92,43.03,160.53,148.76,14,8,55,153,145,166,152,126.53,218.2,89.75
92,43.03,175.28,148.4,8,6,40,172,146,179,151,130.57,216.68,75.83
92,43.03,245.44,148.72,4,8,18,244,146,247,153,137.61,201.0,99.33
92,43.03,184.3,149.5,4,4,10,183,148,186,151,128.5,222.1,73.7
92,43.03,239.33,150.33,5,3,9,238,149,242,151,138.67,196.89,97.78
92,43.03,258.43,151.81,10,5,21,254,150,263,154,131.71,178.95,97.38
92,43.03,295.67,153.0,5,3,12,294,152,298,154,138.58,186.08,111.83
92,43.03,88.4,155.2,2,3,5,88,154,89,156,136.6,222.2,113.2
92,43.03,80.95,164.89,8,13,44,77,158,84,170,130.93,195.64,90.25
92,43.03,85.92,161.33,3,6,12,85,159,87,164,136.83,214.75,105.92
92,43.03,187.86,160.71,3,3,7,187,160,189,162,137.86,204.43,101.29
92,43.03,134.88,168.19,6,8,26,132,165,137,172,133.5,93.12,72.42
92,43.03,157.89,167.44,4,4,9,156,166,159,169,123.89,82.67,63.11
92,43.03,126.38,171.25,6,8,32,124,168,129,175,127.44,95.22,68.09
92,43.03,74.05,171.42,9,6,19,70,169,78,174,132.47,183.16,89.32
92,43.03,98.44,169.67,6,3,9,96,169,101,171,125.78,186.78,89.67
92,43.03,153.33,170.67,4,3,9,152,170,155,172,131.78,101.78,78.67
92,43.03,85.83,171.83,5,2,6,84,171,88,172,131.5,191.5,72.33
92,43.03,109.11,171.44,7,2,9,106,171,112,172,130.78,192.0,96.22
92,43.03,66.4,172.8,2,3,5,66,172,67,174,162.6,223.6,140.2
92,43.03,91.46,173.77,6,4,13,89,172,94,175,132.62,186.15,98.77
92,43.03,100.45,173.45,4,4,11,99,172,102,175,128.82,198.27,81.73
92,43.03,79.62,175.12,9,5,16,75,173,83,177,136.06,177.94,88.69
92,43.03,167.4,174.8,2,3,5,167,174,168,176,130.0,182.2,99.4
92,43.03,121.4,176.2,2,3,5,121,175,122,177,137.6,190.0,83.0
92,43.03,137.5,176.0,2,3,6,137,175,138,177,137.33,179.67,107.83
92,43.03,128.0,176.44,5,2,9,126,176,130,177,131.33,185.0,80.78
92,43.03,27.93,188.36,8,5,28,24,186,31,190,169.86,187.5,93.71
92,43.03,36.5,188.17,6,5,24,34,186,39,190,174.96,177.5,89.33
92,43.03,21.5,202.5,2,4,8,21,201,22,204,200.38,56.12,70.75
92,43.03,24.38,202.62,2,5,8,24,201,25,205,208.0,65.12,75.0
92,43.03,283.71,206.5,8,4,28,280,205,287,208,163.61,137.96,20.86
92,43.03,176.5,213.0,6,1,6,174,213,179,213,122.0,107.67,97.0
92,43.03,216.5,213.0,6,1,6,214,213,219,213,122.83,113.5,103.33
92,43.03,129.6,219.2,4,2,5,128,219,131,220,232.6,251.0,239.6
92,43.03,148.8,219.6,3,2,5,148,219,150,220,229.4,241.4,224.2
92,43.03,167.83,219.33,4,2,6,166,219,169,220,241.67,255.0,233.17
92,43.03,177.83,219.33,4,2,6,176,219,179,220,237.83,250.83,231.0
92,43.03,188.83,219.33,4,2,6,187,219,190,220,239.33,254.17,233.33
92,43.03,198.0,219.25,6,2,8,195,219,200,220,233.38,246.62,224.25
93,43.07,173.69,49.74,24,14,147,164,45,187,58,210.31,118.71,92.24
93,43.07,40.4,49.2,2,3,5,40,48,41,50,170.6,150.4,141.0
93,43.07,30.5,52.12,4,6,16,29,49,32,54,202.25,187.12,179.0
93,43.07,26.8,51.2,2,4,5,26,50,27,53,213.6,96.6,109.4
93,43.07,97.4,51.2,2,3,5,97,50,98,52,173.0,143.0,140.4
93,43.07,101.6,51.2,2,3,5,101,50,102,52,171.2,141.2,138.8
93,43.07,105.5,51.0,2,3,6,105,50,106,52,171.5,142.67,142.5
93,43.07,109.6,51.2,2,3,5,109,50,110,52,173.0,143.0,140.4
93,43.07,113.5,51.0,2,3,6,113,50,114,52,176.83,141.67,142.83
93,43.07,117.4,51.2,2,3,5,117,50,118,52,177.2,140.8,139.4
93,43.07,23.57,52.29,2,4,7,23,51,24,54,246.86,233.57,236.71
93,43.07,47.22,53.22,5,3,9,45,52,49,54,222.67,211.44,202.22
93,43.07,165.56,75.11,4,3,9,164,74,167,76,210.44,170.11,197.67
93,43.07,188.4,74.8,2,3,5,188,74,189,76,165.0,107.6,127.6
93,43.07,160.78,79.67,3,4,9,160,78,162,81,159.0,110.56,118.78
93,43.07,213.41,114.68,28,26,213,200,102,227,127,224.89,195.33,243.47
93,43.07,78.79,112.16,16,12,107,72,107,87,118,210.41,129.0,101.13
93,43.07,89.33,111.83,2,5,6,89,110,90,114,218.33,180.83,181.33
93,43.07,149.21,112.07,13,6,42,143,110,155,115,197.36,122.55,98.5
93,43.07,70.44,112.78,2,5,9,70,111,71,115,230.67,183.89,203.0
93,43.07,152.26,116.43,14,8,35,144,112,157,119,179.69,145.63,142.77
93,43.07,50.87,116.6,6,4,15,48,115,53,118,172.6,159.07,153.0
93,43.07,76.28,123.78,8,3,18,72,123,79,125,152.06,147.17,127.0
93,43.07,187.17,124.17,3,3,6,186,123,188,125,206.83,213.0,216.5
93,43.07,195.36,128.16,12,5,25,190,126,201,130,214.48,213.0,246.52
93,43.07,207.17,128.67,4,2,6,206,128,209,129,132.33,198.17,98.67
93,43.07,279.21,139.79,7,5,19,276,138,282,142,132.37,226.05,80.68
93,43.07,297.4,140.9,4,6,10,296,138,299,143,127.2,219.3,96.3
93,43.07,302.0,139.17,3,3,6,301,138,303,140,129.33,220.0,97.17
93,43.07,304.6,139.6,2,4,5,304,138,305,141,127.0,219.6,94.0
93,43.07,117.0,139.75,6,2,8,114,139,119,140,127.5,188.0,98.88
93,43.07,289.56,139.89,4,3,9,288,139,291,141,139.44,231.44,112.89
93,43.07,293.67,139.83,3,3,6,293,139,295,141,136.17,235.83,110.0
93,43.07,308.25,140.38,6,2,8,306,140,311,141,131.88,227.88,80.0
93,43.07,252.77,145.45,8,8,22,250,142,257,149,144.18,218.82,118.27
93,43.07,127.05,149.09,14,7,58,121,146,134,152,125.16,216.24,70.05
93,43.07,157.35,151.07,14,9,57,150,146,163,154,127.84,218.04,89.11
93,43.07,147.0,149.0,1,5,5,147,147,147,151,127.0,214.6,93.6
93,43.07,172.5,150.68,6,7,38,170,148,175,154,133.87,215.18,75.84
93,43.07,177.29,150.14,2,5,7,177,148,178,152,125.57,231.14,72.57
93,43.07,183.35,151.65,5,5,17,182,150,186,154,129.18,226.12,63.88
93,43.07,106.0,152.0,3,3,5,105,151,107,153,136.8,198.8,96.8
93,43.07,245.5,151.67,4,2,6,244,151,247,152,140.67,168.0,76.67
93,43.07,249.86,152.29,3,4,7,249,151,251,154,133.14,186.29,79.43
93,43.07,262.89,152.89,8,5,18,259,151,266,155,133.89,185.0,94.78
93,43.07,140.8,152.8,3,3,5,140,152,142,154,132.4,201.6,100.8
93,43.07,302.75,153.58,6,4,12,300,152,305,155,143.17,190.08,113.67
93,43.07,78.17,156.33,3,3,6,77,155,79,157,140.67,219.0,115.0
93,43.07,277.5,156.67,4,2,6,276,156,279,157,130.33,172.33,67.0
93,43.07,72.9,166.36,14,16,87,66,160,79,175,135.36,202.75,97.41
93,43.07,188.27,163.55,4,4,11,187,162,190,165,138.27,215.91,107.82
93,43.07,65.0,164.6,3,3,5,64,164,66,166,129.4,196.2,106.0
93,43.07,132.04,171.16,10,11,45,128,166,137,176,138.31,92.82,72.02
93,43.07,154.29,170.19,10,10,31,150,166,159,175,132.13,85.48,68.03
93,43.07,128.4,169.2,2,3,5,128,168,129,170,128.2,83.4,67.6
93,43.07,119.33,176.56,14,12,52,112,170,125,181,134.79,127.1,72.21
93,43.07,61.71,173.71,7,4,14,59,172,65,175,142.71,186.29,110.43
93,43.07,89.53,174.0,9,6,17,86,172,94,177,134.71,197.24,101.76
93,43.07,103.42,175.5,8,3,12,100,174,107,176,133.58,185.17,91.83
93,43.07,55.14,176.29,3,3,7,54,175,56,177,171.0,235.0,144.57
93,43.07,65.8,177.0,5,4,10,64,175,68,178,132.0,192.7,76.5
93,43.07,77.07,177.44,15,6,43,70,175,84,180,138.16,191.7,91.37
93,43.07,92.77,177.77,4,4,13,91,176,94,179,127.08,195.69,79.54
93,43.07,152.6,176.8,2,3,5,152,176,153,178,146.6,140.4,113.4
93,43.07,165.8,177.0,3,3,5,165,176,167,178,137.6,182.8,114.2
93,43.07,59.0,177.8,3,3,5,58,177,60,179,144.4,184.4,99.8
93,43.07,98.0,178.0,5,1,5,96,178,100,178,134.6,192.4,99.0
93,43.07,132.4,180.2,2,3,5,132,179,133,181,143.0,186.0,112.0
93,43.07,28.04,188.33,8,5,27,24,186,31,190,166.52,181.56,88.52
93,43.07,36.5,188.17,6,5,24,34,186,39,190,174.96,177.5,89.33
93,43.07,21.5,202.5,2,4,8,21,201,22,204,200.38,56.12,70.75
93,43.07,24.38,202.62,2,5,8,24,201,25,205,208.0,65.12,75.0
93,43.07,283.71,206.5,8,4,28,280,205,287,208,163.61,137.96,20.86
93,43.07,176.5,213.0,6,1,6,174,213,179,213,122.0,107.67,97.0
93,43.07,216.5,213.0,6,1,6,214,213,219,213,122.83,113.5,103.33
93,43.07,129.6,219.2,4,2,5,128,219,131,220,232.6,251.0,239.6
93,43.07,148.8,219.6,3,2,5,148,219,150,220,229.4,241.4,224.2
93,43.07,167.83,219.33,4,2,6,166,219,169,220,241.67,255.0,233.17
93,43.07,177.83,219.33,4,2,6,176,219,179,220,237.83,250.83,231.0
93,43.07,188.83,219.33,4,2,6,187,219,190,220,239.33,254.17,233.33
93,43.07,198.0,219.25,6,2,8,195,219,200,220,233.38,246.62,224.25
94,43.1,158.78,49.66,26,14,161,148,45,173,58,207.61,120.24,99.0
94,43.1,40.4,49.2,2,3,5,40,48,41,50,170.6,150.4,141.0
94,43.1,30.5,52.12,4,6,16,29,49,32,54,202.25,187.12,179.0
94,43.1,26.8,51.2,2,4,5,26,50,27,53,213.6,96.6,109.4
94,43.1,97.4,51.2,2,3,5,97,50,98,52,173.0,143.0,140.4
94,43.1,101.6,51.2,2,3,5,101,50,102,52,171.2,141.2,138.8
94,43.1,105.5,51.0,2,3,6,105,50,106,52,171.5,142.67,142.5
94,43.1,109.6,51.2,2,3,5,109,50,110,52,173.0,143.0,140.4
94,43.1,113.5,51.0,2,3,6,113,50,114,52,176.83,141.67,142.83
94,43.1,117.4,51.2,2,3,5,117,50,118,52,177.2,140.8,139.4
94,43.1,23.57,52.29,2,4,7,23,51,24,54,246.86,233.57,236.71
94,43.1,47.22,53.22,5,3,9,45,52,49,54,222.67,211.44,202.22
94,43.1,172.56,73.44,5,4,9,171,72,175,75,215.0,161.11,192.78
94,43.1,176.5,76.5,2,4,8,176,75,177,78,161.38,115.62,119.12
94,43.1,145.36,80.64,4,4,11,144,79,147,82,172.91,126.82,124.36
94,43.1,234.71,88.29,6,2,7,232,88,237,89,209.43,228.86,255.0
94,43.1,219.67,112.59,32,30,265,205,98,236,127,225.69,195.06,243.6
94,43.1,93.33,112.93,16,11,86,86,108,101,118,193.27,125.66,98.01
94,43.1,151.17,114.69,16,10,75,144,110,159,119,203.64,152.72,167.76
94,43.1,160.5,117.0,2,3,6,160,116,161,118,153.17,142.67,132.33
94,43.1,202.03,126.38,18,8,40,193,123,210,130,214.07,211.88,249.38
94,43.1,299.8,139.8,3,3,5,299,139,301,141,128.8,217.6,100.6
94,43.1,303.91,140.27,4,4,11,302,139,305,142,138.36,230.55,111.73
94,43.1,316.83,140.0,3,3,6,316,139,318,141,127.0,217.5,97.5
94,43.1,291.67,140.5,4,2,6,290,140,293,141,132.0,232.33,103.83
94,43.1,309.0,140.5,5,2,8,307,140,311,141,131.88,230.25,106.62
94,43.1,294.88,142.5,5,4,8,293,141,297,144,127.0,219.12,90.5
94,43.1,312.0,142.67,5,4,9,310,141,314,144,124.0,216.56,86.89
94,43.1,262.17,143.33,3,3,6,261,142,263,144,135.5,214.0,110.5
94,43.1,259.04,148.32,9,7,25,255,145,263,151,135.28,201.08,99.48
94,43.1,304.5,153.0,2,3,6,304,152,305,154,140.67,77.67,61.0
94,43.1,273.24,154.97,11,5,33,269,153,279,157,130.91,181.73,94.33
94,43.1,258.0,155.0,5,1,5,256,155,260,155,128.6,181.8,73.4
94,43.1,28.04,188.33,8,5,27,24,186,31,190,165.7,180.7,88.07
94,43.1,36.5,188.17,6,5,24,34,186,39,190,176.08,178.62,90.42
94,43.1,12.0,193.0,5,1,5,10,193,14,193,125.0,182.4,103.8
94,43.1,21.5,202.5,2,4,8,21,201,22,204,200.38,56.12,70.75
94,43.1,24.38,202.62,2,5,8,24,201,25,205,208.0,65.12,75.0
94,43.1,283.71,206.5,8,4,28,280,205,287,208,163.61,137.96,20.86
94,43.1,176.5,213.0,6,1,6,174,213,179,213,122.0,107.67,97.0
94,43.1,216.5,213.0,6,1,6,214,213,219,213,122.83,113.5,103.33
94,43.1,129.6,219.2,4,2,5,128,219,131,220,232.6,251.0,239.6
94,43.1,148.8,219.6,3,2,5,148,219,150,220,229.4,241.4,224.2
94,43.1,167.83,219.33,4,2,6,166,219,169,220,241.67,255.0,233.17
94,43.1,177.83,219.33,4,2,6,176,219,179,220,237.83,250.83,231.0
94,43.1,188.83,219.33,4,2,6,187,219,190,220,239.33,254.17,233.33
94,43.1,198.0,219.25,6,2,8,195,219,200,220,233.38,246.62,224.25
95,43.13,148.63,49.66,26,14,160,138,45,163,58,206.96,119.67,98.45
95,43.13,40.4,49.2,2,3,5,40,48,41,50,170.6,150.4,141.0
95,43.13,30.5,52.12,4,6,16,29,49,32,54,202.25,187.12,179.0
95,43.13,26.8,51.2,2,4,5,26,50,27,53,213.6,96.6,109.4
95,43.13,97.4,51.2,2,3,5,97,50,98,52,173.0,143.0,140.4
95,43.13,101.6,51.2,2,3,5,101,50,102,52,171.2,141.2,138.8
95,43.13,105.5,51.0,2,3,6,105,50,106,52,171.5,142.67,142.5
95,43.13,109.6,51.2,2,3,5,109,50,110,52,173.0,143.0,140.4
95,43.13,113.5,51.0,2,3,6,113,50,114,52,176.83,141.67,142.83
95,43.13,117.4,51.2,2,3,5,117,50,118,52,177.2,140.8,139.4
95,43.13,23.57,52.29,2,4,7,23,51,24,54,246.86,233.57,236.71
95,43.13,47.22,53.22,5,3,9,45,52,49,54,222.67,211.44,202.22
95,43.13,162.9,73.4,5,4,10,161,72,165,75,214.1,158.7,196.0
95,43.13,139.4,75.6,4,4,10,138,74,141,77,206.0,167.7,186.4
95,43.13,166.4,76.2,2,3,5,166,75,167,77,171.0,104.2,127.2
95,43.13,136.4,80.2,2,3,5,136,79,137,81,174.2,127.6,107.4
95,43.13,234.69,87.0,8,3,13,231,86,238,88,212.23,221.0,254.77
95,43.13,222.59,108.43,21,38,419,212,90,232,127,234.75,209.34,242.03
95,43.13,100.18,111.08,15,11,71,93,107,107,117,187.63,129.04,115.83
95,43.13,160.46,110.69,6,5,13,158,109,163,113,194.15,117.08,146.15
95,43.13,71.5,113.33,4,2,6,70,113,73,114,149.33,119.67,118.33
95,43.13,154.0,114.93,7,5,14,151,113,157,117,245.64,186.07,245.21
95,43.13,163.62,115.85,4,4,13,162,114,165,117,176.31,136.85,120.62
95,43.13,92.7,118.33,10,7,40,88,115,97,121,175.25,154.6,149.9
95,43.13,156.0,117.95,8,6,21,152,115,159,120,188.29,94.76,142.67
95,43.13,203.93,118.83,9,8,29,200,116,208,123,223.66,198.0,251.28
95,43.13,211.76,127.42,9,8,33,208,124,216,131,228.15,205.36,226.33
95,43.13,192.43,126.29,2,4,7,192,125,193,128,147.14,184.29,111.57
95,43.13,220.33,129.52,6,5,21,218,128,223,132,163.48,183.95,127.52
95,43.13,100.36,135.27,4,4,11,99,134,102,137,136.45,212.27,104.09
95,43.13,108.67,137.17,4,3,6,107,136,110,138,127.67,173.83,83.83
95,43.13,295.18,139.59,11,4,17,290,138,300,141,124.59,214.82,92.65
95,43.13,316.1,142.2,3,4,10,315,141,317,144,129.1,218.2,94.3
95,43.13,265.69,150.31,4,6,16,264,148,267,153,140.25,211.62,96.25
95,43.13,256.4,151.8,2,3,5,256,151,257,153,131.8,200.6,105.6
95,43.13,295.67,159.17,4,3,6,294,158,297,160,134.83,177.83,69.0
95,43.13,27.93,188.44,8,5,27,24,186,31,190,170.7,185.93,94.0
95,43.13,36.5,188.17,6,5,24,34,186,39,190,183.71,186.54,98.21
95,43.13,21.5,202.5,2,4,8,21,201,22,204,200.38,56.12,70.75
95,43.13,24.38,202.62,2,5,8,24,201,25,205,208.0,65.12,75.0
95,43.13,283.71,206.5,8,4,28,280,205,287,208,163.61,137.96,20.86
95,43.13,176.5,213.0,6,1,6,174,213,179,213,122.0,107.67,97.0
95,43.13,216.5,213.0,6,1,6,214,213,219,213,122.83,113.5,103.33
95,43.13,129.6,219.2,4,2,5,128,219,131,220,232.6,251.0,239.6
95,43.13,148.8,219.6,3,2,5,148,219,150,220,229.4,241.4,224.2
95,43.13,167.83,219.33,4,2,6,166,219,169,220,241.67,255.0,233.17
95,43.13,177.83,219.33,4,2,6,176,219,179,220,237.83,250.83,231.0
95,43.13,188.83,219.33,4,2,6,187,219,190,220,239.33,254.17,233.33
95,43.13,198.0,219.25,6,2,8,195,219,200,220,233.38,246.62,224.25
96,43.17,148.63,49.66,26,14,160,138,45,163,58,206.96,119.67,98.45
96,43.17,40.4,49.2,2,3,5,40,48,41,50,170.6,150.4,141.0
96,43.17,30.5,52.12,4,6,16,29,49,32,54,202.25,187.12,179.0
96,43.17,26.8,51.2,2,4,5,26,50,27,53,213.6,96.6,109.4
96,43.17,97.4,51.2,2,3,5,97,50,98,52,173.0,143.0,140.4
96,43.17,101.6,51.2,2,3,5,101,50,102,52,171.2,141.2,138.8
96,43.17,105.5,51.0,2,3,6,105,50,106,52,171.5,142.67,142.5
96,43.17,109.6,51.2,2,3,5,109,50,110,52,173.0,143.0,140.4
96,43.17,113.5,51.0,2,3,6,113,50,114,52,176.83,141.67,142.83
96,43.17,117.4,51.2,2,3,5,117,50,118,52,177.2,140.8,139.4
96,43.17,23.57,52.29,2,4,7,23,51,24,54,246.86,233.57,236.71
96,43.17,47.22,53.22,5,3,9,45,52,49,54,222.67,211.44,202.22
96,43.17,162.64,73.73,5,4,11,161,72,165,75,198.0,146.73,174.91
96,43.17,140.2,75.0,3,3,5,139,74,141,76,235.2,184.6,215.8
96,43.17,136.4,80.2,2,3,5,136,79,137,81,176.8,127.2,118.4
96,43.17,226.26,105.91,22,43,485,216,84,237,126,232.36,209.35,242.69
96,43.17,236.0,86.36,8,4,14,232,85,239,88,222.14,197.86,248.21
96,43.17,105.33,110.67,18,10,81,97,106,114,115,194.79,135.2,122.04
96,43.17,164.26,111.32,6,7,19,162,108,167,114,184.58,109.42,146.58
96,43.17,157.29,111.0,4,3,7,156,110,159,112,200.14,104.57,160.0
96,43.17,69.8,112.67,6,4,15,68,111,73,114,167.67,127.33,135.07
96,43.17,155.35,114.53,7,4,17,153,113,159,116,214.47,137.82,184.47
96,43.17,205.33,116.0,4,3,9,204,115,207,117,223.56,206.89,255.0
96,43.17,159.4,116.8,4,2,5,158,116,161,117,168.2,111.0,143.8
96,43.17,216.38,127.79,11,6,24,211,125,221,130,239.5,196.29,252.54
96,43.17,96.8,134.6,3,4,10,96,133,98,136,138.4,212.0,105.8
96,43.17,104.6,136.4,4,2,5,103,136,106,137,127.8,174.0,80.0
96,43.17,121.6,136.2,4,2,5,120,136,123,137,136.8,176.4,115.6
96,43.17,311.0,142.0,3,3,5,310,141,312,143,127.0,230.4,76.2
96,43.17,279.5,145.75,4,3,8,278,145,281,147,134.0,214.88,111.38
96,43.17,275.86,151.18,8,7,22,272,148,279,154,133.82,204.36,90.36
96,43.17,266.67,152.67,3,4,9,266,151,268,154,137.11,194.44,106.67
96,43.17,314.91,155.36,3,4,11,314,154,316,157,144.55,86.73,67.09
96,43.17,272.53,157.47,9,5,17,268,155,276,159,136.82,196.06,90.29
96,43.17,308.09,157.23,6,5,22,306,155,311,159,134.86,96.77,75.09
96,43.17,264.6,158.0,3,3,5,264,157,266,159,127.0,196.2,105.6
96,43.17,282.5,159.83,10,2,12,278,159,287,160,130.58,188.92,87.67
96,43.17,293.36,160.18,9,2,11,290,160,298,161,134.45,189.18,76.09
96,43.17,310.29,162.0,3,3,7,309,161,311,163,142.71,205.86,111.43
96,43.17,41.57,180.57,4,2,7,40,180,43,181,129.86,216.29,106.86
96,43.17,28.04,188.33,8,5,27,24,186,31,190,166.44,181.37,88.37
96,43.17,36.5,188.17,6,5,24,34,186,39,190,183.75,186.58,97.92
96,43.17,21.5,202.5,2,4,8,21,201,22,204,200.38,56.12,70.75
96,43.17,24.38,202.62,2,5,8,24,201,25,205,208.0,65.12,75.0
96,43.17,283.71,206.5,8,4,28,280,205,287,208,163.61,137.96,20.86
96,43.17,176.5,213.0,6,1,6,174,213,179,213,122.0,107.67,97.0
96,43.17,216.5,213.0,6,1,6,214,213,219,213,122.83,113.5,103.33
96,43.17,129.6,219.2,4,2,5,128,219,131,220,232.6,251.0,239.6
96,43.17,148.8,219.6,3,2,5,148,219,150,220,229.4,241.4,224.2
96,43.17,167.83,219.33,4,2,6,166,219,169,220,241.67,255.0,233.17
96,43.17,177.83,219.33,4,2,6,176,219,179,220,237.83,250.83,231.0
96,43.17,188.83,219.33,4,2,6,187,219,190,220,239.33,254.17,233.33
96,43.17,198.0,219.25,6,2,8,195,219,200,220,233.38,246.62,224.25
97,43.2,148.63,49.66,26,14,160,138,45,163,58,206.96,119.67,98.45
97,43.2,40.4,49.2,2,3,5,40,48,41,50,170.6,150.4,141.0
97,43.2,30.5,52.12,4,6,16,29,49,32,54,202.25,187.12,179.0
97,43.2,26.8,51.2,2,4,5,26,50,27,53,213.6,96.6,109.4
97,43.2,97.4,51.2,2,3,5,97,50,98,52,173.0,143.0,140.4
97,43.2,101.6,51.2,2,3,5,101,50,102,52,171.2,141.2,138.8
97,43.2,105.5,51.0,2,3,6,105,50,106,52,171.5,142.67,142.5
97,43.2,109.6,51.2,2,3,5,109,50,110,52,173.0,143.0,140.4
97,43.2,113.5,51.0,2,3,6,113,50,114,52,176.83,141.67,142.83
97,43.2,117.4,51.2,2,3,5,117,50,118,52,177.2,140.8,139.4
97,43.2,23.57,52.29,2,4,7,23,51,24,54,246.86,233.57,236.71
97,43.2,47.22,53.22,5,3,9,45,52,49,54,222.67,211.44,202.22
97,43.2,161.83,73.0,3,3,6,161,72,163,74,228.83,174.67,211.67
97,43.2,140.14,75.43,3,4,7,139,74,141,77,221.57,186.57,208.86
97,43.2,135.56,80.33,4,3,9,134,79,137,81,167.0,130.56,118.44
97,43.2,232.85,103.61,28,51,666,218,80,245,130,237.23,209.89,234.24
97,43.2,223.71,87.14,6,7,21,221,84,226,90,197.81,70.9,168.19
97,43.2,250.57,87.29,2,4,7,250,86,251,89,191.14,60.0,168.14
97,43.2,219.5,93.0,4,3,10,218,92,221,94,188.8,60.5,168.9
97,43.2,250.1,103.74,7,15,39,247,96,253,110,193.05,60.67,170.54
97,43.2,214.67,106.87,3,10,15,214,103,216,112,195.27,57.6,171.27
97,43.2,117.18,108.5,14,10,68,110,104,123,113,194.96,133.12,115.85
97,43.2,108.6,109.67,5,8,15,107,106,111,113,213.6,167.33,171.67
97,43.2,163.86,111.54,20,11,147,154,106,173,116,209.22,138.5,144.43
97,43.2,65.91,110.36,5,4,11,64,109,68,112,178.91,136.36,139.55
97,43.2,242.91,118.09,5,5,11,241,116,245,120,198.45,70.91,171.09
97,43.2,202.25,122.38,6,2,8,200,122,205,123,125.62,214.38,94.5
97,43.2,186.6,123.8,4,2,5,185,123,188,124,126.2,210.4,105.8
97,43.2,236.0,125.07,6,5,14,234,123,239,127,214.57,88.43,157.79
97,43.2,98.4,128.2,4,2,5,97,128,100,129,146.4,219.6,120.4
97,43.2,92.65,132.18,6,6,17,90,130,95,135,135.18,213.06,105.24
97,43.2,101.86,135.14,4,3,7,100,134,103,136,128.86,172.0,75.14
97,43.2,296.6,147.4,2,4,5,296,146,297,149,141.8,214.2,114.4
97,43.2,290.98,153.2,11,9,40,286,150,296,158,140.5,209.47,97.42
97,43.2,280.67,155.67,3,4,9,280,154,282,157,143.11,201.11,113.33
97,43.2,285.3,160.7,6,4,10,282,160,287,163,138.3,195.0,103.4
97,43.2,278.71,161.86,3,3,7,278,161,280,163,125.86,195.71,104.71
97,43.2,305.17,162.33,4,2,6,304,162,307,163,127.5,201.0,82.17
97,43.2,299.71,163.71,4,3,7,298,163,301,165,128.57,187.71,90.57
97,43.2,311.83,163.67,5,2,6,310,163,314,164,125.17,184.0,64.17
97,43.2,28.52,188.26,6,5,23,26,186,31,190,172.43,175.09,86.83
97,43.2,36.5,188.17,6,5,24,34,186,39,190,174.83,177.42,88.83
97,43.2,21.5,202.5,2,4,8,21,201,22,204,200.38,56.12,70.75
97,43.2,24.38,202.62,2,5,8,24,201,25,205,208.0,65.12,75.0
97,43.2,283.71,206.5,8,4,28,280,205,287,208,163.61,137.96,20.86
97,43.2,176.5,213.0,6,1,6,174,213,179,213,122.0,107.67,97.0
97,43.2,216.5,213.0,6,1,6,214,213,219,213,122.83,113.5,103.33
97,43.2,129.6,219.2,4,2,5,128,219,131,220,232.6,251.0,239.6
97,43.2,148.8,219.6,3,2,5,148,219,150,220,229.4,241.4,224.2
97,43.2,167.83,219.33,4,2,6,166,219,169,220,241.67,255.0,233.17
97,43.2,177.83,219.33,4,2,6,176,219,179,220,237.83,250.83,231.0
97,43.2,188.83,219.33,4,2,6,187,219,190,220,239.33,254.17,233.33
97,43.2,198.0,219.25,6,2,8,195,219,200,220,233.38,246.62,224.25
98,43.23,148.63,49.66,26,14,160,138,45,163,58,206.96,119.67,98.45
98,43.23,40.4,49.2,2,3,5,40,48,41,50,170.6,150.4,141.0
98,43.23,30.5,52.12,4,6,16,29,49,32,54,202.25,187.12,179.0
98,43.23,26.8,51.2,2,4,5,26,50,27,53,213.6,96.6,109.4
98,43.23,97.4,51.2,2,3,5,97,50,98,52,173.0,143.0,140.4
98,43.23,101.6,51.2,2,3,5,101,50,102,52,171.2,141.2,138.8
98,43.23,105.5,51.0,2,3,6,105,50,106,52,171.5,142.67,142.5
98,43.23,109.6,51.2,2,3,5,109,50,110,52,173.0,143.0,140.4
98,43.23,113.5,51.0,2,3,6,113,50,114,52,176.83,141.67,142.83
98,43.23,117.4,51.2,2,3,5,117,50,118,52,177.2,140.8,139.4
98,43.23,23.57,52.29,2,4,7,23,51,24,54,246.86,233.57,236.71
98,43.23,47.22,53.22,5,3,9,45,52,49,54,222.67,211.44,202.22
98,43.23,162.9,73.4,5,4,10,161,72,165,75,211.2,159.7,193.4
98,43.23,140.14,75.43,3,4,7,139,74,141,77,220.43,186.0,213.57
98,43.23,166.5,76.0,2,3,6,166,75,167,77,164.17,122.33,129.0
98,43.23,235.05,101.77,29,54,761,220,77,248,130,238.28,209.8,234.8
98,43.23,135.56,80.33,4,3,9,134,79,137,81,167.0,130.56,118.44
98,43.23,224.43,85.61,7,10,28,221,81,227,90,195.04,70.29,168.46
98,43.23,220.2,92.4,3,2,5,219,92,221,93,192.2,63.6,172.6
98,43.23,253.02,102.49,6,18,51,250,93,255,110,194.24,60.96,170.57
98,43.23,0.79,105.37,3,8,19,0,102,2,109,205.95,88.79,40.89
98,43.23,119.3,106.08,12,8,53,114,103,125,110,208.38,132.42,107.43
98,43.23,215.39,108.44,2,13,18,215,103,216,115,197.5,55.94,168.67
98,43.23,7.91,112.91,11,14,44,1,105,11,118,186.16,149.73,151.02
98,43.23,124.3,110.07,14,8,27,116,105,129,112,196.56,144.22,152.81
98,43.23,166.04,110.73,20,12,163,156,105,175,116,209.13,143.72,138.87
98,43.23,43.54,109.23,8,3,13,40,108,47,110,165.31,137.46,136.85
98,43.23,63.45,109.27,4,5,11,62,108,65,112,172.82,135.82,138.45
98,43.23,246.25,117.69,7,7,16,244,115,250,121,194.38,63.44,171.19
98,43.23,17.44,122.38,5,4,16,15,121,19,124,150.5,163.31,129.0
98,43.23,202.33,121.67,6,2,9,200,121,205,122,125.44,212.78,97.0
98,43.23,238.57,124.43,7,4,14,236,123,242,126,205.57,88.21,157.71
98,43.23,2.5,128.0,6,1,6,0,128,5,128,169.67,153.0,153.5
98,43.23,90.8,133.6,3,4,10,90,132,92,135,138.1,212.7,103.3
98,43.23,5.45,133.73,5,3,11,3,133,7,135,147.18,199.73,122.45
98,43.23,98.5,135.5,4,2,6,97,135,100,136,129.17,173.5,74.17
98,43.23,301.86,147.43,4,3,7,300,146,303,148,133.29,211.57,105.14
98,43.23,313.0,149.0,3,3,5,312,148,314,150,139.6,207.4,118.0
98,43.23,296.81,153.78,9,11,37,293,149,301,159,134.0,206.97,91.0
98,43.23,285.17,157.08,4,5,12,284,155,287,159,140.42,201.83,113.08
98,43.23,283.0,162.17,3,3,6,282,161,284,163,128.17,198.83,107.83
98,43.23,289.38,161.25,6,2,8,287,161,292,162,142.12,196.62,103.62
98,43.23,301.23,164.55,13,4,22,294,163,306,166,128.86,187.86,80.45
98,43.23,311.17,163.33,4,2,6,310,163,313,164,129.33,201.17,82.0
98,43.23,316.5,164.5,6,2,8,314,164,319,165,125.0,185.75,67.12
98,43.23,28.52,188.26,6,5,23,26,186,31,190,172.43,175.09,86.83
98,43.23,36.5,188.17,6,5,24,34,186,39,190,174.83,177.42,88.83
98,43.23,21.5,202.5,2,4,8,21,201,22,204,200.38,56.12,70.75
98,43.23,24.38,202.62,2,5,8,24,201,25,205,208.0,65.12,75.0
98,43.23,283.71,206.5,8,4,28,280,205,287,208,163.61,137.96,20.86
98,43.23,176.5,213.0,6,1,6,174,213,179,213,122.0,107.67,97.0
98,43.23,216.5,213.0,6,1,6,214,213,219,213,122.83,113.5,103.33
98,43.23,129.6,219.2,4,2,5,128,219,131,220,232.6,251.0,239.6
98,43.23,148.8,219.6,3,2,5,148,219,150,220,229.4,241.4,224.2
98,43.23,167.83,219.33,4,2,6,166,219,169,220,241.67,255.0,233.17
98,43.23,177.83,219.33,4,2,6,176,219,179,220,237.83,250.83,231.0
98,43.23,188.83,219.33,4,2,6,187,219,190,220,239.33,254.17,233.33
98,43.23,198.0,219.25,6,2,8,195,219,200,220,233.38,246.62,224.25
99,43.27,148.63,49.66,26,14,160,138,45,163,58,206.96,119.67,98.45
99,43.27,40.4,49.2,2,3,5,40,48,41,50,170.6,150.4,141.0
99,43.27,30.5,52.12,4,6,16,29,49,32,54,202.25,187.12,179.0
99,43.27,26.8,51.2,2,4,5,26,50,27,53,213.6,96.6,109.4
99,43.27,97.4,51.2,2,3,5,97,50,98,52,173.0,143.0,140.4
99,43.27,101.6,51.2,2,3,5,101,50,102,52,171.2,141.2,138.8
99,43.27,105.5,51.0,2,3,6,105,50,106,52,171.5,142.67,142.5
99,43.27,109.6,51.2,2,3,5,109,50,110,52,173.0,143.0,140.4
99,43.27,113.5,51.0,2,3,6,113,50,114,52,176.83,141.67,142.83
99,43.27,117.4,51.2,2,3,5,117,50,118,52,177.2,140.8,139.4
99,43.27,23.57,52.29,2,4,7,23,51,24,54,246.86,233.57,236.71
99,43.27,47.22,53.22,5,3,9,45,52,49,54,222.67,211.44,202.22
99,43.27,162.9,73.4,5,4,10,161,72,165,75,210.3,159.8,191.5
99,43.27,139.55,75.82,4,4,11,138,74,141,77,210.27,172.45,187.09
99,43.27,166.5,76.0,2,3,6,166,75,167,77,164.17,124.67,120.17
99,43.27,135.67,80.0,4,3,6,134,79,137,81,179.0,136.33,135.83
99,43.27,18.6,104.76,20,9,100,8,101,27,109,209.59,131.55,90.48
99,43.27,127.72,107.59,15,10,71,121,103,135,112,201.51,129.82,106.75
99,43.27,32.23,111.13,10,13,39,26,104,35,116,186.36,147.18,146.54
99,43.27,169.58,110.7,22,13,186,160,104,181,116,202.73,143.25,126.34
99,43.27,225.53,118.46,14,25,197,218,106,231,130,232.63,198.9,229.58
99,43.27,59.4,108.53,4,4,15,58,107,61,110,174.33,118.87,118.73
99,43.27,136.43,108.29,2,4,7,136,107,137,110,177.43,148.57,149.14
99,43.27,220.25,109.0,3,5,8,219,107,221,111,200.62,82.62,165.75
99,43.27,12.46,112.54,11,6,24,9,109,19,114,191.12,142.88,138.92
99,43.27,234.46,113.69,2,8,13,234,110,235,117,193.31,59.46,159.46
99,43.27,40.74,120.0,6,5,19,38,118,43,122,156.74,173.68,135.26
99,43.27,131.94,119.71,8,3,17,128,119,135,121,134.41,169.65,103.41
99,43.27,126.0,121.0,4,3,8,124,120,127,122,134.12,194.5,111.25
99,43.27,216.4,128.2,2,3,5,216,127,217,129,170.2,117.2,131.4
99,43.27,99.5,128.0,6,1,6,97,128,102,128,132.33,223.0,61.83
99,43.27,81.17,130.33,4,2,6,80,130,83,131,126.17,208.67,101.67
99,43.27,314.43,150.43,4,2,7,313,150,316,151,135.71,222.43,105.86
99,43.27,311.8,154.4,6,6,15,309,152,314,157,133.33,209.53,90.07
99,43.27,306.45,158.95,7,9,22,303,155,309,163,136.82,205.55,93.73
99,43.27,307.4,164.2,2,3,5,307,163,308,165,145.8,213.0,87.8
99,43.27,301.92,165.77,7,4,13,299,165,305,168,138.92,194.46,100.62
99,43.27,294.4,166.8,2,3,5,294,166,295,168,124.6,195.8,104.6
99,43.27,313.18,168.32,12,5,22,307,166,318,170,129.41,188.36,76.77
99,43.27,28.52,188.26,6,5,23,26,186,31,190,172.43,175.09,86.83
99,43.27,36.5,188.17,6,5,24,34,186,39,190,174.88,177.46,88.88
99,43.27,21.5,202.5,2,4,8,21,201,22,204,200.38,56.12,70.75
99,43.27,24.38,202.62,2,5,8,24,201,25,205,208.0,65.12,75.0
99,43.27,283.71,206.5,8,4,28,280,205,287,208,163.61,137.96,20.86
99,43.27,176.5,213.0,6,1,6,174,213,179,213,122.0,107.67,97.0
99,43.27,216.5,213.0,6,1,6,214,213,219,213,122.83,113.5,103.33
99,43.27,129.6,219.2,4,2,5,128,219,131,220,232.6,251.0,239.6
99,43.27,148.8,219.6,3,2,5,148,219,150,220,229.4,241.4,224.2
99,43.27,167.83,219.33,4,2,6,166,219,169,220,241.67,255.0,233.17
99,43.27,177.83,219.33,4,2,6,176,219,179,220,237.83,250.83,231.0
99,43.27,188.83,219.33,4,2,6,187,219,190,220,239.33,254.17,233.33
99,43.27,198.0,219.25,6,2,8,195,219,200,220,233.38,246.62,224.25
100,43.3,148.63,49.66,26,14,160,138,45,163,58,206.96,119.67,98.45
100,43.3,40.4,49.2,2,3,5,40,48,41,50,170.6,150.4,141.0
100,43.3,30.5,52.12,4,6,16,29,49,32,54,202.25,187.12,179.0
100,43.3,26.8,51.2,2,4,5,26,50,27,53,213.6,96.6,109.4
100,43.3,97.4,51.2,2,3,5,97,50,98,52,173.0,143.0,140.4
100,43.3,101.6,51.2,2,3,5,101,50,102,52,171.2,141.2,138.8
100,43.3,105.5,51.0,2,3,6,105,50,106,52,171.5,142.67,142.5
100,43.3,109.6,51.2,2,3,5,109,50,110,52,173.0,143.0,140.4
100,43.3,113.5,51.0,2,3,6,113,50,114,52,176.83,141.67,142.83
100,43.3,117.4,51.2,2,3,5,117,50,118,52,177.2,140.8,139.4
100,43.3,23.57,52.29,2,4,7,23,51,24,54,246.86,233.57,236.71
100,43.3,47.22,53.22,5,3,9,45,52,49,54,222.67,211.44,202.22
100,43.3,162.9,73.4,5,4,10,161,72,165,75,208.2,160.4,189.7
100,43.3,140.17,75.17,3,3,6,139,74,141,76,223.83,189.33,209.5
100,43.3,166.5,76.0,2,3,6,166,75,167,77,163.5,125.5,120.5
100,43.3,60.64,105.3,18,12,121,52,100,69,111,213.36,143.58,113.9
100,43.3,71.46,108.54,9,13,37,66,101,74,113,201.62,139.41,149.38
100,43.3,138.0,104.81,15,9,67,131,101,145,109,193.42,124.42,114.64
100,43.3,232.69,107.62,10,8,26,229,105,238,112,195.62,100.81,163.81
100,43.3,232.0,116.1,22,22,146,221,106,242,127,242.12,199.79,229.27
100,43.3,226.11,111.61,5,6,18,224,109,228,114,201.17,71.28,164.83
100,43.3,242.95,114.2,9,11,20,239,109,247,119,203.35,67.7,167.35
100,43.3,59.1,118.1,6,5,20,56,116,61,120,154.55,148.25,132.5
100,43.3,213.0,118.6,3,2,5,212,118,214,119,147.2,215.2,118.4
100,43.3,230.6,126.8,5,3,10,229,126,233,128,209.8,84.6,168.3
100,43.3,221.5,129.67,4,2,6,220,129,223,130,159.5,150.5,136.0
100,43.3,77.82,132.27,4,5,11,76,130,79,134,141.0,203.45,100.64
100,43.3,318.67,170.83,2,4,6,318,169,319,172,135.33,187.0,100.0
100,43.3,28.43,188.29,6,4,21,26,187,31,190,167.81,166.57,78.1
100,43.3,36.5,188.36,6,4,22,34,187,39,190,178.59,173.91,89.73
100,43.3,21.5,202.5,2,4,8,21,201,22,204,200.38,56.12,70.75
100,43.3,24.38,202.62,2,5,8,24,201,25,205,208.0,65.12,75.0
100,43.3,283.71,206.5,8,4,28,280,205,287,208,163.61,137.96,20.86
100,43.3,176.5,213.0,6,1,6,174,213,179,213,122.0,107.67,97.0
100,43.3,216.5,213.0,6,1,6,214,213,219,213,122.83,113.5,103.33
100,43.3,129.6,219.2,4,2,5,128,219,131,220,232.6,251.0,239.6
100,43.3,148.8,219.6,3,2,5,148,219,150,220,229.4,241.4,224.2
100,43.3,167.83,219.33,4,2,6,166,219,169,220,241.67,255.0,233.17
100,43.3,177.83,219.33,4,2,6,176,219,179,220,237.83,250.83,231.0
100,43.3,188.83,219.33,4,2,6,187,219,190,220,239.33,254.17,233.33
100,43.3,198.0,219.25,6,2,8,195,219,200,220,233.38,246.62,224.25
101,43.33,148.63,49.66,26,14,160,138,45,163,58,206.96,119.67,98.45
101,43.33,40.4,49.2,2,3,5,40,48,41,50,170.6,150.4,141.0
101,43.33,30.5,52.12,4,6,16,29,49,32,54,202.25,187.12,179.0
101,43.33,26.8,51.2,2,4,5,26,50,27,53,213.6,96.6,109.4
101,43.33,97.4,51.2,2,3,5,97,50,98,52,173.0,143.0,140.4
101,43.33,101.6,51.2,2,3,5,101,50,102,52,171.2,141.2,138.8
101,43.33,105.5,51.0,2,3,6,105,50,106,52,171.5,142.67,142.5
101,43.33,109.6,51.2,2,3,5,109,50,110,52,173.0,143.0,140.4
101,43.33,113.5,51.0,2,3,6,113,50,114,52,176.83,141.67,142.83
101,43.33,117.4,51.2,2,3,5,117,50,118,52,177.2,140.8,139.4
101,43.33,23.57,52.29,2,4,7,23,51,24,54,246.86,233.57,236.71
101,43.33,47.22,53.22,5,3,9,45,52,49,54,222.67,211.44,202.22
101,43.33,162.73,73.45,5,4,11,161,72,165,75,211.09,161.91,195.36
101,43.33,140.17,75.17,3,3,6,139,74,141,76,223.83,186.5,199.33
101,43.33,166.5,76.0,2,3,6,166,75,167,77,164.17,123.83,125.17
101,43.33,137.6,76.4,4,2,5,136,76,139,77,194.2,132.4,162.2
101,43.33,70.94,104.41,22,12,141,61,99,82,110,212.89,147.36,123.59
101,43.33,143.77,103.53,15,10,66,137,99,151,108,197.05,127.88,117.21
101,43.33,190.2,102.2,2,4,5,190,101,191,104,165.4,105.2,70.0
101,43.33,238.18,106.5,7,7,22,236,104,242,110,203.23,104.32,168.64
101,43.33,236.46,116.46,28,26,186,222,105,249,130,238.11,197.82,223.63
101,43.33,188.27,108.09,8,3,11,185,107,192,109,206.91,215.73,241.0
101,43.33,231.91,110.17,7,7,23,228,107,234,113,200.57,71.3,165.52
101,43.33,221.6,108.8,2,3,5,221,108,222,110,222.6,205.0,255.0
101,43.33,251.0,111.0,3,5,7,250,109,252,113,199.0,65.29,166.57
101,43.33,254.6,113.8,2,3,5,254,113,255,115,153.6,144.8,125.4
101,43.33,67.64,116.29,4,4,14,66,115,69,118,149.14,143.43,123.0
101,43.33,243.8,120.8,3,3,5,243,120,245,122,199.0,58.0,173.6
101,43.33,92.0,126.07,6,4,15,90,125,95,128,132.13,225.4,95.2
101,43.33,236.45,126.64,5,4,11,235,125,239,128,211.18,84.64,164.0
101,43.33,218.2,128.4,3,2,5,217,128,219,129,127.6,215.8,105.6
101,43.33,73.64,132.27,4,5,11,72,130,75,134,145.27,202.18,99.0
101,43.33,51.5,180.5,4,2,8,50,180,53,181,139.5,215.88,99.38
101,43.33,28.43,188.29,6,4,21,26,187,31,190,167.81,166.57,78.1
101,43.33,36.5,188.36,6,4,22,34,187,39,190,178.59,173.91,89.73
101,43.33,21.5,202.5,2,4,8,21,201,22,204,200.38,56.12,70.75
101,43.33,24.38,202.62,2,5,8,24,201,25,205,208.0,65.12,75.0
101,43.33,283.71,206.5,8,4,28,280,205,287,208,163.61,137.96,20.86
101,43.33,176.5,213.0,6,1,6,174,213,179,213,122.0,107.67,97.0
101,43.33,216.5,213.0,6,1,6,214,213,219,213,122.83,113.5,103.33
101,43.33,129.6,219.2,4,2,5,128,219,131,220,232.6,251.0,239.6
101,43.33,148.8,219.6,3,2,5,148,219,150,220,229.4,241.4,224.2
101,43.33,167.83,219.33,4,2,6,166,219,169,220,241.67,255.0,233.17
101,43.33,177.83,219.33,4,2,6,176,219,179,220,237.83,250.83,231.0
101,43.33,188.83,219.33,4,2,6,187,219,190,220,239.33,254.17,233.33
101,43.33,198.0,219.25,6,2,8,195,219,200,220,233.38,246.62,224.25
102,43.37,148.63,49.66,26,14,160,138,45,163,58,206.96,119.67,98.45
102,43.37,40.4,49.2,2,3,5,40,48,41,50,170.6,150.4,141.0
102,43.37,30.5,52.12,4,6,16,29,49,32,54,202.25,187.12,179.0
102,43.37,26.8,51.2,2,4,5,26,50,27,53,213.6,96.6,109.4
102,43.37,97.4,51.2,2,3,5,97,50,98,52,173.0,143.0,140.4
102,43.37,101.6,51.2,2,3,5,101,50,102,52,171.2,141.2,138.8
102,43.37,105.5,51.0,2,3,6,105,50,106,52,171.5,142.67,142.5
102,43.37,109.6,51.2,2,3,5,109,50,110,52,173.0,143.0,140.4
102,43.37,113.5,51.0,2,3,6,113,50,114,52,176.83,141.67,142.83
102,43.37,117.4,51.2,2,3,5,117,50,118,52,177.2,140.8,139.4
102,43.37,23.57,52.29,2,4,7,23,51,24,54,246.86,233.57,236.71
102,43.37,47.22,53.22,5,3,9,45,52,49,54,222.67,211.44,202.22
102,43.37,140.17,75.17,3,3,6,139,74,141,76,233.5,186.83,200.5
102,43.37,163.29,74.43,4,2,7,162,74,165,75,175.43,125.0,134.86
102,43.37,166.5,76.0,2,3,6,166,75,167,77,173.5,122.17,115.17
102,43.37,137.71,76.71,4,3,7,136,76,139,78,190.0,121.29,150.71
102,43.37,136.4,80.2,2,3,5,136,79,137,81,158.8,118.6,128.0
102,43.37,77.34,101.18,16,11,83,70,97,85,107,211.96,138.18,102.45
102,43.37,149.17,100.97,11,7,30,143,99,153,105,191.9,141.87,135.2
102,43.37,88.71,102.0,2,5,7,88,100,89,104,204.29,143.29,147.86
102,43.37,194.18,101.88,6,5,17,192,100,197,104,196.82,124.94,108.47
102,43.37,180.37,104.37,9,6,19,177,102,185,107,212.11,219.42,244.79
102,43.37,197.62,103.75,4,4,8,196,102,199,105,169.5,129.0,145.25
102,43.37,239.48,116.86,46,27,788,218,104,263,130,218.39,150.66,151.84
102,43.37,73.67,106.92,7,4,12,71,105,77,108,190.25,148.67,143.58
102,43.37,86.18,107.41,8,5,17,82,105,89,109,188.06,147.53,146.35
102,43.37,76.5,113.5,2,4,8,76,112,77,115,153.62,146.12,130.0
102,43.37,99.2,123.9,4,3,10,98,123,101,125,127.5,223.7,104.5
102,43.37,251.29,125.29,5,3,7,249,124,253,126,143.29,160.29,105.14
102,43.37,68.47,131.8,5,6,15,66,129,70,134,141.13,209.27,107.87
102,43.37,28.43,188.29,6,4,21,26,187,31,190,168.48,167.24,78.76
102,43.37,36.5,188.36,6,4,22,34,187,39,190,178.95,174.27,89.95
102,43.37,21.5,202.5,2,4,8,21,201,22,204,200.38,56.12,70.75
102,43.37,24.38,202.62,2,5,8,24,201,25,205,208.0,65.12,75.0
102,43.37,283.71,206.5,8,4,28,280,205,287,208,163.61,137.96,20.86
102,43.37,176.5,213.0,6,1,6,174,213,179,213,122.0,107.67,97.0
102,43.37,216.5,213.0,6,1,6,214,213,219,213,122.83,113.5,103.33
102,43.37,129.6,219.2,4,2,5,128,219,131,220,232.6,251.0,239.6
102,43.37,148.8,219.6,3,2,5,148,219,150,220,229.4,241.4,224.2
102,43.37,167.83,219.33,4,2,6,166,219,169,220,241.67,255.0,233.17
102,43.37,177.83,219.33,4,2,6,176,219,179,220,237.83,250.83,231.0
102,43.37,188.83,219.33,4,2,6,187,219,190,220,239.33,254.17,233.33
102,43.37,198.0,219.25,6,2,8,195,219,200,220,233.38,246.62,224.25
103,43.4,148.63,49.66,26,14,160,138,45,163,58,206.96,119.67,98.45
103,43.4,40.4,49.2,2,3,5,40,48,41,50,170.6,150.4,141.0
103,43.4,30.5,52.12,4,6,16,29,49,32,54,202.25,187.12,179.0
103,43.4,26.8,51.2,2,4,5,26,50,27,53,213.6,96.6,109.4
103,43.4,97.4,51.2,2,3,5,97,50,98,52,173.0,143.0,140.4
103,43.4,101.6,51.2,2,3,5,101,50,102,52,171.2,141.2,138.8
103,43.4,105.5,51.0,2,3,6,105,50,106,52,171.5,142.67,142.5
103,43.4,109.6,51.2,2,3,5,109,50,110,52,173.0,143.0,140.4
103,43.4,113.5,51.0,2,3,6,113,50,114,52,176.83,141.67,142.83
103,43.4,117.4,51.2,2,3,5,117,50,118,52,177.2,140.8,139.4
103,43.4,23.57,52.29,2,4,7,23,51,24,54,246.86,233.57,236.71
103,43.4,47.22,53.22,5,3,9,45,52,49,54,222.67,211.44,202.22
103,43.4,163.5,74.0,4,3,6,162,73,165,75,184.33,129.17,142.5
103,43.4,237.2,73.8,4,2,5,236,73,239,74,211.6,214.6,255.0
103,43.4,138.73,76.13,6,5,15,136,74,141,78,213.33,147.13,169.73
103,43.4,136.4,80.2,2,3,5,136,79,137,81,163.8,116.2,120.8
103,43.4,93.26,101.91,16,12,76,86,97,101,108,194.93,131.07,102.62
103,43.4,156.0,99.93,8,6,27,152,98,159,103,187.78,138.19,127.44
103,43.4,185.58,100.82,14,7,33,179,98,192,104,213.67,221.76,244.3
103,43.4,203.96,100.3,8,6,27,200,98,207,103,197.07,124.96,113.15
103,43.4,102.8,102.8,2,4,5,102,101,103,104,205.2,142.8,143.0
103,43.4,247.54,115.3,48,30,977,224,101,271,130,219.75,152.11,151.3
103,43.4,161.8,103.8,4,2,5,160,103,163,104,201.2,152.8,159.8
103,43.4,84.08,110.31,6,3,13,82,109,87,111,166.38,147.92,144.69
103,43.4,108.43,112.71,2,4,7,108,111,109,114,143.0,185.57,121.86
103,43.4,155.5,113.5,4,4,12,154,112,157,115,126.08,206.67,103.42
103,43.4,96.8,115.4,3,2,5,96,115,98,116,130.2,140.2,109.2
103,43.4,82.6,123.8,2,3,5,82,123,83,125,125.0,223.4,79.4
103,43.4,93.86,125.71,3,4,7,93,124,95,127,122.14,214.57,86.86
103,43.4,260.2,124.6,3,2,5,259,124,261,125,134.6,169.0,99.8
103,43.4,61.43,131.64,5,6,14,59,129,63,134,143.64,212.86,106.71
103,43.4,28.52,188.26,6,5,23,26,186,31,190,172.57,175.17,86.96
103,43.4,36.5,188.36,6,4,22,34,187,39,190,179.0,174.32,90.0
103,43.4,21.5,202.5,2,4,8,21,201,22,204,200.38,56.12,70.75
103,43.4,24.38,202.62,2,5,8,24,201,25,205,208.0,65.12,75.0
103,43.4,283.71,206.5,8,4,28,280,205,287,208,163.61,137.96,20.86
103,43.4,176.5,213.0,6,1,6,174,213,179,213,122.0,107.67,97.0
103,43.4,216.5,213.0,6,1,6,214,213,219,213,122.83,113.5,103.33
103,43.4,129.6,219.2,4,2,5,128,219,131,220,232.6,251.0,239.6
103,43.4,148.8,219.6,3,2,5,148,219,150,220,229.4,241.4,224.2
103,43.4,167.83,219.33,4,2,6,166,219,169,220,241.67,255.0,233.17
103,43.4,177.83,219.33,4,2,6,176,219,179,220,237.83,250.83,231.0
103,43.4,188.83,219.33,4,2,6,187,219,190,220,239.33,254.17,233.33
103,43.4,198.0,219.25,6,2,8,195,219,200,220,233.38,246.62,224.25
104,43.43,148.63,49.66,26,14,160,138,45,163,58,206.96,119.67,98.45
104,43.43,40.4,49.2,2,3,5,40,48,41,50,170.6,150.4,141.0
104,43.43,30.5,52.12,4,6,16,29,49,32,54,202.25,187.12,179.0
104,43.43,26.8,51.2,2,4,5,26,50,27,53,213.6,96.6,109.4
104,43.43,97.4,51.2,2,3,5,97,50,98,52,173.0,143.0,140.4
104,43.43,101.6,51.2,2,3,5,101,50,102,52,171.2,141.2,138.8
104,43.43,105.5,51.0,2,3,6,105,50,106,52,171.5,142.67,142.5
104,43.43,109.6,51.2,2,3,5,109,50,110,52,173.0,143.0,140.4
104,43.43,113.5,51.0,2,3,6,113,50,114,52,176.83,141.67,142.83
104,43.43,117.4,51.2,2,3,5,117,50,118,52,177.2,140.8,139.4
104,43.43,23.57,52.29,2,4,7,23,51,24,54,246.86,233.57,236.71
104,43.43,47.22,53.22,5,3,9,45,52,49,54,222.67,211.44,202.22
104,43.43,163.5,74.0,4,3,6,162,73,165,75,184.33,129.17,142.5
104,43.43,237.2,73.8,4,2,5,236,73,239,74,211.6,214.6,255.0
104,43.43,138.73,76.13,6,5,15,136,74,141,78,213.33,147.13,169.73
104,43.43,136.4,80.2,2,3,5,136,79,137,81,163.8,116.2,120.8
104,43.43,193.48,100.65,14,14,63,186,94,199,107,229.83,197.49,251.94
104,43.43,94.69,99.85,14,8,55,88,97,101,104,195.53,124.38,87.56
104,43.43,156.73,99.73,9,5,26,152,98,160,102,196.88,139.0,126.27
104,43.43,205.31,98.92,6,4,13,202,98,207,101,194.85,130.77,125.69
104,43.43,104.8,101.2,2,4,5,104,100,105,103,170.4,116.6,132.6
104,43.43,161.2,103.8,4,2,5,160,103,163,104,195.4,144.0,154.2
104,43.43,237.17,103.67,4,2,6,236,103,239,104,215.33,212.67,231.0
104,43.43,98.05,106.53,12,3,19,92,105,103,107,178.16,140.05,142.05
104,43.43,249.9,116.87,56,26,1078,224,105,279,130,220.63,150.25,133.45
104,43.43,86.0,110.21,6,3,14,84,109,89,111,163.79,148.57,143.71
104,43.43,110.5,113.0,2,3,6,110,112,111,114,139.0,196.0,117.5
104,43.43,156.5,114.0,2,3,6,156,113,157,115,125.67,212.5,101.5
104,43.43,80.0,124.45,5,4,11,78,123,82,126,123.73,222.36,75.73
104,43.43,57.0,132.39,6,7,18,54,129,59,135,138.17,205.72,103.44
104,43.43,28.52,188.26,6,5,23,26,186,31,190,172.57,175.17,86.96
104,43.43,36.5,188.36,6,4,22,34,187,39,190,179.0,174.32,90.0
104,43.43,21.5,202.5,2,4,8,21,201,22,204,200.38,56.12,70.75
104,43.43,24.38,202.62,2,5,8,24,201,25,205,208.0,65.12,75.0
104,43.43,283.71,206.5,8,4,28,280,205,287,208,163.61,137.96,20.86
104,43.43,176.5,213.0,6,1,6,174,213,179,213,122.0,107.67,97.0
104,43.43,216.5,213.0,6,1,6,214,213,219,213,122.83,113.5,103.33
104,43.43,129.6,219.2,4,2,5,128,219,131,220,232.6,251.0,239.6
104,43.43,148.8,219.6,3,2,5,148,219,150,220,229.4,241.4,224.2
104,43.43,167.83,219.33,4,2,6,166,219,169,220,241.67,255.0,233.17
104,43.43,177.83,219.33,4,2,6,176,219,179,220,237.83,250.83,231.0
104,43.43,188.83,219.33,4,2,6,187,219,190,220,239.33,254.17,233.33
104,43.43,198.0,219.25,6,2,8,195,219,200,220,233.38,246.62,224.25
105,43.47,148.63,49.66,26,14,160,138,45,163,58,206.96,119.67,98.45
105,43.47,40.4,49.2,2,3,5,40,48,41,50,170.6,150.4,141.0
105,43.47,30.5,52.12,4,6,16,29,49,32,54,202.25,187.12,179.0
105,43.47,26.8,51.2,2,4,5,26,50,27,53,213.6,96.6,109.4
105,43.47,97.4,51.2,2,3,5,97,50,98,52,173.0,143.0,140.4
105,43.47,101.6,51.2,2,3,5,101,50,102,52,171.2,141.2,138.8
105,43.47,105.5,51.0,2,3,6,105,50,106,52,171.5,142.67,142.5
105,43.47,109.6,51.2,2,3,5,109,50,110,52,173.0,143.0,140.4
105,43.47,113.5,51.0,2,3,6,113,50,114,52,176.83,141.67,142.83
105,43.47,117.4,51.2,2,3,5,117,50,118,52,177.2,140.8,139.4
105,43.47,23.57,52.29,2,4,7,23,51,24,54,246.86,233.57,236.71
105,43.47,47.22,53.22,5,3,9,45,52,49,54,222.67,211.44,202.22
105,43.47,162.45,73.36,6,4,11,160,72,165,75,208.82,155.27,174.82
105,43.47,140.17,75.17,3,3,6,139,74,141,76,233.67,186.83,200.5
105,43.47,167.27,75.64,4,4,11,166,74,169,77,184.91,156.18,157.45
105,43.47,236.11,75.44,7,2,9,233,75,239,76,211.56,220.56,255.0
105,43.47,137.71,76.71,4,3,7,136,76,139,78,190.0,121.29,150.71
105,43.47,136.4,80.2,2,3,5,136,79,137,81,158.8,118.6,128.0
105,43.47,199.69,98.96,15,17,78,193,92,207,108,229.05,197.5,248.9
105,43.47,104.03,100.59,14,8,61,98,98,111,105,197.46,128.79,99.08
105,43.47,161.39,102.98,12,9,56,156,99,167,107,200.34,140.73,128.57
105,43.47,109.16,105.88,14,9,32,100,100,113,108,184.41,146.69,146.31
105,43.47,215.0,102.22,7,6,23,212,100,218,105,181.3,111.52,130.83
105,43.47,256.61,113.47,62,29,1371,226,100,287,128,218.91,148.6,131.43
105,43.47,87.8,131.6,2,4,5,87,130,88,133,124.8,219.2,97.0
105,43.47,50.39,136.22,5,7,18,48,133,52,139,139.94,212.67,107.06
105,43.47,86.12,140.0,6,3,8,84,139,89,141,137.12,132.62,86.38
105,43.47,63.5,175.5,4,2,8,62,175,65,176,137.25,217.88,105.0
105,43.47,32.27,188.41,14,4,44,26,187,39,190,161.39,169.93,79.0
105,43.47,21.5,202.5,2,4,8,21,201,22,204,198.0,55.5,69.5
105,43.47,24.38,202.62,2,5,8,24,201,25,205,208.12,64.25,74.5
105,43.47,283.71,206.5,8,4,28,280,205,287,208,163.61,137.96,20.86
105,43.47,176.5,213.0,6,1,6,174,213,179,213,121.83,107.33,96.83
105,43.47,216.5,213.0,6,1,6,214,213,219,213,122.83,113.5,103.33
105,43.47,129.6,219.2,4,2,5,128,219,131,220,232.6,251.0,239.6
105,43.47,148.8,219.6,3,2,5,148,219,150,220,229.4,241.4,224.2
105,43.47,167.83,219.33,4,2,6,166,219,169,220,241.67,255.0,233.17
105,43.47,177.83,219.33,4,2,6,176,219,179,220,237.83,250.83,231.0
105,43.47,188.83,219.33,4,2,6,187,219,190,220,239.33,254.17,233.33
105,43.47,198.0,219.25,6,2,8,195,219,200,220,233.38,246.62,224.25
106,43.5,148.63,49.66,26,14,160,138,45,163,58,206.96,119.67,98.45
106,43.5,40.4,49.2,2,3,5,40,48,41,50,170.6,150.4,141.0
106,43.5,30.5,52.12,4,6,16,29,49,32,54,202.25,187.12,179.0
106,43.5,26.8,51.2,2,4,5,26,50,27,53,213.6,96.6,109.4
106,43.5,97.4,51.2,2,3,5,97,50,98,52,173.0,143.0,140.4
106,43.5,101.6,51.2,2,3,5,101,50,102,52,171.2,141.2,138.8
106,43.5,105.5,51.0,2,3,6,105,50,106,52,171.5,142.67,142.5
106,43.5,109.6,51.2,2,3,5,109,50,110,52,173.0,143.0,140.4
106,43.5,113.5,51.0,2,3,6,113,50,114,52,176.83,141.67,142.83
106,43.5,117.4,51.2,2,3,5,117,50,118,52,177.2,140.8,139.4
106,43.5,23.57,52.29,2,4,7,23,51,24,54,246.86,233.57,236.71
106,43.5,47.22,53.22,5,3,9,45,52,49,54,222.67,211.44,202.22
106,43.5,162.55,73.45,5,4,11,161,72,165,75,203.18,161.09,183.64
106,43.5,140.17,75.17,3,3,6,139,74,141,76,223.83,186.5,199.33
106,43.5,166.57,75.71,2,4,7,166,74,167,77,171.86,133.43,141.86
106,43.5,137.6,76.4,4,2,5,136,76,139,77,194.2,132.4,162.2
106,43.5,202.85,94.77,11,22,137,198,85,208,106,230.99,205.39,243.62
106,43.5,106.38,102.5,6,9,32,104,99,109,107,196.72,128.25,95.41
106,43.5,112.74,101.97,8,8,31,110,99,117,106,206.48,146.9,127.55
106,43.5,115.96,105.91,12,9,23,108,100,119,108,194.43,135.52,145.13
106,43.5,165.82,103.62,11,5,34,161,102,171,106,210.35,135.59,105.82
106,43.5,220.67,103.33,3,4,9,220,102,222,105,192.11,118.22,126.33
106,43.5,168.1,107.8,8,2,10,164,107,171,108,188.6,145.9,148.8
106,43.5,225.14,123.43,3,4,7,224,122,226,125,129.43,198.0,92.86
106,43.5,68.57,129.29,2,4,7,68,128,69,131,124.14,221.86,77.14
106,43.5,43.56,135.83,4,7,18,42,133,45,139,141.11,219.39,108.28
106,43.5,36.0,134.0,5,1,5,34,134,38,134,142.4,217.2,123.0
106,43.5,80.31,141.54,6,4,13,78,140,83,143,132.0,125.62,79.62
106,43.5,57.5,181.0,4,3,12,56,180,59,182,138.08,216.17,100.25
106,43.5,28.43,188.29,6,4,21,26,187,31,190,165.24,167.43,77.9
106,43.5,36.21,188.42,6,4,19,34,187,39,190,168.05,168.89,77.53
106,43.5,21.5,202.5,2,4,8,21,201,22,204,198.0,55.5,69.5
106,43.5,24.38,202.62,2,5,8,24,201,25,205,208.12,64.25,74.5
106,43.5,283.71,206.5,8,4,28,280,205,287,208,163.61,137.96,20.86
106,43.5,176.5,213.0,6,1,6,174,213,179,213,122.0,107.67,97.0
106,43.5,216.5,213.0,6,1,6,214,213,219,213,122.83,113.5,103.33
106,43.5,129.6,219.2,4,2,5,128,219,131,220,232.6,251.0,239.6
106,43.5,148.8,219.6,3,2,5,148,219,150,220,229.4,241.4,224.2
106,43.5,167.83,219.33,4,2,6,166,219,169,220,241.67,255.0,233.17
106,43.5,177.83,219.33,4,2,6,176,219,179,220,237.83,250.83,231.0
106,43.5,188.83,219.33,4,2,6,187,219,190,220,239.33,254.17,233.33
106,43.5,198.0,219.25,6,2,8,195,219,200,220,233.38,246.62,224.25
107,43.53,148.36,50.26,26,15,171,138,45,163,59,215.08,125.97,90.09
107,43.53,40.4,49.2,2,3,5,40,48,41,50,170.6,150.4,141.0
107,43.53,30.5,52.12,4,6,16,29,49,32,54,202.25,187.12,179.0
107,43.53,26.8,51.2,2,4,5,26,50,27,53,213.6,96.6,109.4
107,43.53,97.4,51.2,2,3,5,97,50,98,52,173.0,143.0,140.4
107,43.53,101.6,51.2,2,3,5,101,50,102,52,171.2,141.2,138.8
107,43.53,105.5,51.0,2,3,6,105,50,106,52,171.5,142.67,142.5
107,43.53,109.6,51.2,2,3,5,109,50,110,52,173.0,143.0,140.4
107,43.53,113.5,51.0,2,3,6,113,50,114,52,176.83,141.67,142.83
107,43.53,117.4,51.2,2,3,5,117,50,118,52,177.2,140.8,139.4
107,43.53,23.57,52.29,2,4,7,23,51,24,54,246.86,233.57,236.71
107,43.53,47.22,53.22,5,3,9,45,52,49,54,222.67,211.44,202.22
107,43.53,164.31,75.69,7,5,13,161,74,167,78,198.15,153.77,172.85
107,43.53,138.85,77.38,6,4,13,136,76,141,79,204.31,153.92,175.62
107,43.53,206.5,78.0,2,3,6,206,77,207,79,214.83,219.0,251.33
107,43.53,208.78,92.29,13,24,163,203,81,215,104,239.94,202.09,228.05
107,43.53,7.88,104.55,18,13,116,0,100,17,112,199.53,131.97,91.06
107,43.53,125.95,106.17,17,9,80,118,102,134,110,189.68,127.01,117.03
107,43.53,172.69,104.93,10,7,45,168,102,177,108,205.36,111.56,99.58
107,43.53,226.83,105.67,4,5,12,226,104,229,108,195.25,134.08,137.33
107,43.53,167.2,107.0,3,3,5,166,106,168,108,172.2,137.4,138.6
107,43.53,1.14,111.86,4,4,7,0,110,3,113,168.86,115.71,116.71
107,43.53,18.69,112.85,6,4,13,16,111,21,114,184.62,139.0,141.15
107,43.53,34.18,118.45,6,3,11,32,117,37,119,143.82,184.55,122.91
107,43.53,3.56,122.0,4,5,16,2,120,5,124,143.31,138.25,120.94
107,43.53,245.8,122.4,2,4,5,245,121,246,124,124.8,214.0,91.8
107,43.53,252.33,125.56,6,2,9,250,125,255,126,131.56,175.11,92.11
107,43.53,50.5,134.0,6,1,6,48,134,53,134,125.17,207.83,99.5
107,43.53,31.33,139.72,4,7,18,30,137,33,143,140.11,213.72,109.33
107,43.53,83.57,144.14,4,3,7,82,143,85,145,147.86,176.57,124.29
107,43.53,72.0,145.9,6,4,10,70,144,75,147,129.0,119.1,84.9
107,43.53,36.52,188.26,6,5,23,34,186,39,190,169.65,168.43,82.3
107,43.53,28.43,188.29,6,4,21,26,187,31,190,165.48,167.67,78.1
107,43.53,21.5,202.5,2,4,8,21,201,22,204,198.0,55.5,69.5
107,43.53,24.38,202.62,2,5,8,24,201,25,205,208.12,64.25,74.5
107,43.53,283.71,206.5,8,4,28,280,205,287,208,163.61,137.96,20.86
107,43.53,176.5,213.0,6,1,6,174,213,179,213,122.0,107.67,97.0
107,43.53,216.5,213.0,6,1,6,214,213,219,213,122.83,113.5,103.33
107,43.53,129.6,219.2,4,2,5,128,219,131,220,232.6,251.0,239.6
107,43.53,148.8,219.6,3,2,5,148,219,150,220,229.4,241.4,224.2
107,43.53,167.83,219.33,4,2,6,166,219,169,220,241.67,255.0,233.17
107,43.53,177.83,219.33,4,2,6,176,219,179,220,237.83,250.83,231.0
107,43.53,188.83,219.33,4,2,6,187,219,190,220,239.33,254.17,233.33
107,43.53,198.0,219.25,6,2,8,195,219,200,220,233.38,246.62,224.25
108,43.57,148.36,50.26,26,15,171,138,45,163,59,215.08,125.97,90.09
108,43.57,40.4,49.2,2,3,5,40,48,41,50,170.6,150.4,141.0
108,43.57,30.5,52.12,4,6,16,29,49,32,54,202.25,187.12,179.0
108,43.57,26.8,51.2,2,4,5,26,50,27,53,213.6,96.6,109.4
108,43.57,97.4,51.2,2,3,5,97,50,98,52,173.0,143.0,140.4
108,43.57,101.6,51.2,2,3,5,101,50,102,52,171.2,141.2,138.8
108,43.57,105.5,51.0,2,3,6,105,50,106,52,171.5,142.67,142.5
108,43.57,109.6,51.2,2,3,5,109,50,110,52,173.0,143.0,140.4
108,43.57,113.5,51.0,2,3,6,113,50,114,52,176.83,141.67,142.83
108,43.57,117.4,51.2,2,3,5,117,50,118,52,177.2,140.8,139.4
108,43.57,23.57,52.29,2,4,7,23,51,24,54,246.86,233.57,236.71
108,43.57,47.22,53.22,5,3,9,45,52,49,54,222.67,211.44,202.22
108,43.57,164.14,75.64,7,5,14,161,74,167,78,199.71,155.57,173.79
108,43.57,138.85,77.38,6,4,13,136,76,141,79,204.31,153.92,175.62
108,43.57,210.18,90.61,16,28,190,204,76,219,103,242.12,208.02,239.78
108,43.57,205.67,77.5,4,3,6,204,77,207,79,215.67,220.17,253.17
108,43.57,206.29,81.71,3,4,7,205,80,207,83,200.86,66.0,162.86
108,43.57,203.33,86.67,3,5,9,202,84,204,88,198.67,88.33,173.56
108,43.57,219.6,90.6,3,3,5,219,90,221,92,189.4,58.8,169.6
108,43.57,19.67,104.11,16,11,89,12,100,27,110,215.48,127.45,83.48
108,43.57,127.11,105.26,12,9,62,122,102,133,110,212.24,138.79,102.65
108,43.57,11.86,109.8,14,11,35,8,103,21,113,199.54,155.37,166.2
108,43.57,136.2,105.8,2,4,5,136,104,137,107,161.0,120.8,132.2
108,43.57,174.07,105.13,5,4,15,172,104,176,107,204.67,126.0,88.6
108,43.57,227.94,105.82,5,5,17,226,104,230,108,176.18,147.76,129.88
108,43.57,30.48,111.45,12,9,31,24,106,35,114,184.74,141.1,142.94
108,43.57,176.88,108.38,6,3,8,174,107,179,109,168.5,125.75,120.5
108,43.57,66.0,111.5,3,4,6,65,110,67,113,220.0,208.83,246.33
108,43.57,221.2,110.8,3,3,5,220,110,222,112,224.0,208.0,255.0
108,43.57,42.14,119.86,6,2,7,40,119,45,120,153.0,186.57,133.71
108,43.57,254.0,123.86,4,3,7,252,123,255,125,128.57,203.14,89.0
108,43.57,257.33,126.5,4,3,6,256,126,259,128,142.17,192.67,111.5
108,43.57,58.14,132.71,3,3,7,57,132,59,134,128.43,225.43,81.0
108,43.57,72.57,132.43,4,2,7,71,132,74,133,125.43,218.43,100.14
108,43.57,79.0,134.0,3,3,5,78,133,80,135,130.2,225.8,82.8
108,43.57,54.0,134.5,3,2,6,53,134,55,135,132.0,221.5,90.67
108,43.57,61.8,135.2,4,2,5,60,135,63,136,122.4,217.6,96.2
108,43.57,28.0,141.42,4,5,12,26,139,29,143,146.5,219.58,114.25
108,43.57,52.29,146.21,6,5,14,50,144,55,148,132.36,98.5,69.29
108,43.57,29.91,148.09,6,3,11,28,147,33,149,127.09,183.73,86.0
108,43.57,72.17,147.67,4,3,6,71,147,74,149,137.33,151.67,103.17
108,43.57,50.2,149.6,3,2,5,49,149,51,150,133.2,162.4,66.8
108,43.57,28.43,188.29,6,4,21,26,187,31,190,172.71,175.14,85.48
108,43.57,36.5,188.36,6,4,22,34,187,39,190,170.23,165.23,80.77
108,43.57,21.5,202.5,2,4,8,21,201,22,204,198.0,55.5,69.5
108,43.57,24.38,202.62,2,5,8,24,201,25,205,208.12,64.25,74.5
108,43.57,283.71,206.5,8,4,28,280,205,287,208,163.61,137.96,20.86
108,43.57,176.5,213.0,6,1,6,174,213,179,213,122.0,107.67,97.0
108,43.57,216.5,213.0,6,1,6,214,213,219,213,122.83,113.5,103.33
108,43.57,129.6,219.2,4,2,5,128,219,131,220,232.6,251.0,239.6
108,43.57,148.8,219.6,3,2,5,148,219,150,220,229.4,241.4,224.2
108,43.57,167.83,219.33,4,2,6,166,219,169,220,241.67,255.0,233.17
108,43.57,177.83,219.33,4,2,6,176,219,179,220,237.83,250.83,231.0
108,43.57,188.83,219.33,4,2,6,187,219,190,220,239.33,254.17,233.33
108,43.57,198.0,219.25,6,2,8,195,219,200,220,233.38,246.62,224.25
109,43.6,148.36,50.26,26,15,171,138,45,163,59,215.08,125.97,90.09
109,43.6,40.4,49.2,2,3,5,40,48,41,50,170.6,150.4,141.0
109,43.6,30.5,52.12,4,6,16,29,49,32,54,202.25,187.12,179.0
109,43.6,26.8,51.2,2,4,5,26,50,27,53,213.6,96.6,109.4
109,43.6,97.4,51.2,2,3,5,97,50,98,52,173.0,143.0,140.4
109,43.6,101.6,51.2,2,3,5,101,50,102,52,171.2,141.2,138.8
109,43.6,105.5,51.0,2,3,6,105,50,106,52,171.5,142.67,142.5
109,43.6,109.6,51.2,2,3,5,109,50,110,52,173.0,143.0,140.4
109,43.6,113.5,51.0,2,3,6,113,50,114,52,176.83,141.67,142.83
109,43.6,117.4,51.2,2,3,5,117,50,118,52,177.2,140.8,139.4
109,43.6,23.57,52.29,2,4,7,23,51,24,54,246.86,233.57,236.71
109,43.6,47.22,53.22,5,3,9,45,52,49,54,222.67,211.44,202.22
109,43.6,162.0,74.5,3,2,6,161,74,163,75,234.33,182.83,210.5
109,43.6,139.07,77.57,6,4,14,136,76,141,79,212.21,156.0,168.93
109,43.6,216.75,80.5,3,4,8,216,79,218,82,207.5,91.25,179.0
109,43.6,216.63,89.03,25,22,147,204,79,228,100,247.1,197.27,229.22
109,43.6,135.56,81.33,4,3,9,134,80,137,82,173.33,121.78,130.11
109,43.6,206.17,81.0,3,3,6,205,80,207,82,211.33,232.17,250.5
109,43.6,210.56,83.89,4,4,9,209,82,212,85,200.44,61.56,168.22
109,43.6,229.09,84.27,3,5,11,228,82,230,86,209.55,85.82,164.91
109,43.6,205.5,91.67,3,4,6,204,90,206,93,199.33,94.67,172.83
109,43.6,217.27,98.09,4,5,11,216,96,219,100,212.09,71.64,172.18
109,43.6,61.06,107.41,22,13,135,52,102,73,114,212.96,138.24,113.87
109,43.6,136.19,106.36,12,7,36,132,104,143,110,202.28,125.33,96.5
109,43.6,143.12,110.59,6,6,17,140,107,145,112,199.53,148.59,151.65
109,43.6,178.0,109.0,1,5,5,178,107,178,111,213.4,166.4,161.2
109,43.6,182.0,108.0,5,4,12,180,107,184,110,209.67,140.5,93.92
109,43.6,186.57,109.57,3,5,7,185,107,187,111,204.43,141.14,143.29
109,43.6,236.33,108.25,6,3,12,234,107,239,109,173.17,136.08,133.08
109,43.6,70.61,112.06,8,7,18,66,108,73,114,192.44,126.83,131.33
109,43.6,42.5,112.6,5,5,10,41,110,45,114,197.1,192.4,189.8
109,43.6,59.5,120.5,4,4,16,58,119,61,122,153.75,148.06,131.38
109,43.6,80.29,120.14,6,2,7,78,120,83,121,156.29,188.14,135.0
109,43.6,255.8,125.4,2,4,5,255,124,256,127,126.2,216.6,91.4
109,43.6,251.4,125.2,4,2,5,250,125,253,126,127.0,227.0,103.4
109,43.6,263.0,128.43,5,2,7,261,128,265,129,140.57,180.57,101.71
109,43.6,238.0,129.83,3,3,6,237,129,239,131,135.83,200.0,107.33
109,43.6,64.3,135.09,7,6,23,62,133,68,138,131.17,220.65,94.87
109,43.6,46.03,136.42,15,7,36,39,134,53,140,128.19,211.19,75.25
109,43.6,11.48,147.13,6,14,31,9,141,14,154,137.29,204.94,106.81
109,43.6,25.62,150.38,4,4,8,24,149,27,152,129.12,190.62,100.0
109,43.6,40.5,150.0,2,3,6,40,149,41,151,136.67,86.83,63.33
109,43.6,72.12,150.56,6,5,16,70,149,75,153,152.81,185.88,123.06
109,43.6,1.0,152.0,3,3,9,0,151,2,153,130.22,193.89,101.11
109,43.6,59.22,151.89,4,3,9,58,151,61,153,129.67,104.67,84.89
109,43.6,18.62,153.25,4,3,8,17,152,20,154,135.12,188.38,98.5
109,43.6,48.6,153.2,2,3,5,48,152,49,154,131.6,175.0,98.6
109,43.6,28.43,188.29,6,4,21,26,187,31,190,164.95,167.14,77.81
109,43.6,36.5,188.36,6,4,22,34,187,39,190,167.64,162.82,78.5
109,43.6,21.5,202.5,2,4,8,21,201,22,204,198.0,55.5,69.5
109,43.6,24.38,202.62,2,5,8,24,201,25,205,208.12,64.25,74.5
109,43.6,283.71,206.5,8,4,28,280,205,287,208,163.61,137.96,20.86
109,43.6,176.5,213.0,6,1,6,174,213,179,213,122.0,107.67,97.0
109,43.6,216.5,213.0,6,1,6,214,213,219,213,122.83,113.5,103.33
109,43.6,129.6,219.2,4,2,5,128,219,131,220,232.6,251.0,239.6
109,43.6,148.8,219.6,3,2,5,148,219,150,220,229.4,241.4,224.2
109,43.6,167.83,219.33,4,2,6,166,219,169,220,241.67,255.0,233.17
109,43.6,177.83,219.33,4,2,6,176,219,179,220,237.83,250.83,231.0
109,43.6,188.83,219.33,4,2,6,187,219,190,220,239.33,254.17,233.33
109,43.6,198.0,219.25,6,2,8,195,219,200,220,233.38,246.62,224.25
110,43.63,148.36,50.26,26,15,171,138,45,163,59,215.08,125.97,90.09
110,43.63,40.4,49.2,2,3,5,40,48,41,50,170.6,150.4,141.0
110,43.63,30.5,52.12,4,6,16,29,49,32,54,202.25,187.12,179.0
110,43.63,26.8,51.2,2,4,5,26,50,27,53,213.6,96.6,109.4
110,43.63,97.4,51.2,2,3,5,97,50,98,52,173.0,143.0,140.4
110,43.63,101.6,51.2,2,3,5,101,50,102,52,171.2,141.2,138.8
110,43.63,105.5,51.0,2,3,6,105,50,106,52,171.5,142.67,142.5
110,43.63,109.6,51.2,2,3,5,109,50,110,52,173.0,143.0,140.4
110,43.63,113.5,51.0,2,3,6,113,50,114,52,176.83,141.67,142.83
110,43.63,117.4,51.2,2,3,5,117,50,118,52,177.2,140.8,139.4
110,43.63,23.57,52.29,2,4,7,23,51,24,54,246.86,233.57,236.71
110,43.63,47.22,53.22,5,3,9,45,52,49,54,222.67,211.44,202.22
110,43.63,162.91,75.18,6,3,11,161,74,166,76,207.09,153.55,176.91
110,43.63,139.07,77.47,6,4,15,136,76,141,79,209.07,159.67,179.33
110,43.63,221.02,86.98,25,24,161,209,76,233,99,246.29,198.08,227.56
110,43.63,220.25,78.38,4,5,8,219,77,222,81,201.75,90.75,176.38
110,43.63,214.05,82.59,7,7,22,211,79,217,85,203.77,78.45,173.73
110,43.63,236.6,80.0,2,3,5,236,79,237,81,195.2,71.2,164.4
110,43.63,207.0,82.17,3,3,6,206,81,208,83,214.83,198.5,240.5
110,43.63,224.67,94.33,4,3,6,223,93,226,95,211.17,70.5,175.17
110,43.63,220.1,97.0,3,6,10,219,94,221,99,211.2,85.2,174.2
110,43.63,205.29,101.29,3,4,7,204,100,206,103,245.57,197.57,255.0
110,43.63,69.81,108.29,14,13,115,64,103,77,115,212.63,134.83,106.1
110,43.63,61.8,109.27,3,8,15,61,106,63,113,223.07,176.47,181.13
110,43.63,143.5,109.88,15,8,48,137,106,151,113,194.38,130.52,118.0
110,43.63,186.62,108.9,7,6,21,184,107,190,112,195.52,138.76,113.62
110,43.63,192.22,110.78,4,5,9,190,108,193,112,191.22,134.78,137.33
110,43.63,78.37,113.26,8,8,19,74,109,81,116,189.16,129.16,132.79
110,43.63,243.7,111.63,8,6,30,240,109,247,114,181.23,141.97,130.77
110,43.63,67.5,120.5,4,4,16,66,119,69,122,154.12,148.25,131.81
110,43.63,258.8,126.6,3,2,5,258,126,260,127,124.0,223.4,101.0
110,43.63,244.2,131.6,3,2,5,243,131,245,132,136.6,203.0,109.2
110,43.63,53.8,138.03,11,6,30,49,136,59,141,135.8,224.57,97.37
110,43.63,38.13,139.74,15,6,31,30,138,44,143,127.52,214.42,83.1
110,43.63,7.6,141.6,4,2,5,6,141,9,142,126.2,217.2,96.4
110,43.63,2.69,148.04,6,8,26,0,144,5,151,148.12,210.04,108.54
110,43.63,65.7,154.1,7,5,20,63,152,69,156,141.8,192.0,119.9
110,43.63,30.4,153.8,2,3,5,30,153,31,155,133.2,91.4,67.6
110,43.63,37.71,153.71,4,3,7,36,153,39,155,122.43,103.14,70.14
110,43.63,16.17,154.67,3,3,6,15,154,17,156,133.0,197.5,101.83
110,43.63,6.83,156.67,4,2,6,5,156,8,157,134.33,187.17,104.5
110,43.63,39.0,157.5,4,3,6,37,156,40,158,125.5,175.17,84.83
110,43.63,28.42,188.42,6,4,19,26,187,31,190,161.05,173.05,77.95
110,43.63,36.5,188.36,6,4,22,34,187,39,190,165.41,160.5,76.23
110,43.63,21.5,202.5,2,4,8,21,201,22,204,198.38,55.88,69.88
110,43.63,24.38,202.62,2,5,8,24,201,25,205,208.38,64.5,74.75
110,43.63,283.71,206.5,8,4,28,280,205,287,208,163.61,137.96,20.86
110,43.63,176.5,213.0,6,1,6,174,213,179,213,122.0,107.67,97.0
110,43.63,216.5,213.0,6,1,6,214,213,219,213,122.83,113.5,103.33
110,43.63,129.6,219.2,4,2,5,128,219,131,220,232.6,251.0,239.6
110,43.63,148.8,219.6,3,2,5,148,219,150,220,229.4,241.4,224.2
110,43.63,167.83,219.33,4,2,6,166,219,169,220,241.67,255.0,233.17
110,43.63,177.83,219.33,4,2,6,176,219,179,220,237.83,250.83,231.0
110,43.63,188.83,219.33,4,2,6,187,219,190,220,239.33,254.17,233.33
110,43.63,198.0,219.25,6,2,8,195,219,200,220,233.38,246.62,224.25
111,43.67,148.36,50.26,26,15,171,138,45,163,59,215.08,125.97,90.09
111,43.67,40.4,49.2,2,3,5,40,48,41,50,170.6,150.4,141.0
111,43.67,30.5,52.12,4,6,16,29,49,32,54,202.25,187.12,179.0
111,43.67,26.8,51.2,2,4,5,26,50,27,53,213.6,96.6,109.4
111,43.67,97.4,51.2,2,3,5,97,50,98,52,173.0,143.0,140.4
111,43.67,101.6,51.2,2,3,5,101,50,102,52,171.2,141.2,138.8
111,43.67,105.5,51.0,2,3,6,105,50,106,52,171.5,142.67,142.5
111,43.67,109.6,51.2,2,3,5,109,50,110,52,173.0,143.0,140.4
111,43.67,113.5,51.0,2,3,6,113,50,114,52,176.83,141.67,142.83
111,43.67,117.4,51.2,2,3,5,117,50,118,52,177.2,140.8,139.4
111,43.67,23.57,52.29,2,4,7,23,51,24,54,246.86,233.57,236.71
111,43.67,47.22,53.22,5,3,9,45,52,49,54,222.67,211.44,202.22
111,43.67,162.67,75.17,7,3,12,160,74,166,76,208.17,151.58,176.92
111,43.67,224.11,86.84,46,26,784,200,75,245,100,223.52,148.96,144.94
111,43.67,139.07,77.57,6,4,14,136,76,141,79,219.21,146.21,171.0
111,43.67,201.69,98.54,4,6,13,200,96,203,101,254.54,195.23,245.62
111,43.67,78.0,108.86,15,12,101,71,104,85,115,216.37,128.89,97.83
111,43.67,148.78,108.28,11,6,36,143,106,153,111,198.47,124.67,98.44
111,43.67,70.57,108.29,2,4,7,70,107,71,110,226.14,196.14,203.71
111,43.67,153.35,112.13,12,7,23,146,108,157,114,195.09,151.48,153.43
111,43.67,193.5,111.73,8,6,22,190,109,197,114,185.68,135.09,118.14
111,43.67,249.06,111.25,6,4,16,246,110,251,113,184.44,139.06,127.31
111,43.67,85.2,114.5,6,3,10,82,113,87,115,184.5,129.3,131.2
111,43.67,247.75,132.88,4,5,8,246,131,249,135,133.62,200.5,102.62
111,43.67,48.62,136.75,5,3,8,47,136,51,138,127.88,213.25,85.62
111,43.67,58.23,138.0,7,3,13,55,137,61,139,126.85,211.62,83.54
111,43.67,29.6,140.1,3,5,10,29,138,31,142,128.1,221.8,96.5
111,43.67,17.29,140.43,4,2,7,16,140,19,141,126.57,206.86,77.29
111,43.67,48.58,141.11,10,4,19,44,140,53,143,127.89,214.79,92.21
111,43.67,63.17,141.33,3,4,6,62,140,64,143,122.33,223.33,88.83
111,43.67,35.2,141.4,3,2,5,34,141,36,142,127.4,209.4,94.6
111,43.67,58.83,142.0,3,3,6,58,141,60,143,124.83,217.67,95.67
111,43.67,43.87,154.96,8,7,23,40,152,47,158,137.74,89.48,74.87
111,43.67,23.32,156.79,4,7,19,22,154,25,160,139.37,96.63,70.11
111,43.67,30.6,155.2,2,3,5,30,154,31,156,139.4,96.8,74.0
111,43.67,61.8,155.2,3,3,5,61,154,63,156,147.0,176.4,127.8
111,43.67,6.73,158.0,5,6,15,5,155,9,160,128.6,188.2,103.67
111,43.67,56.6,157.8,2,3,5,56,157,57,159,139.0,190.0,119.6
111,43.67,26.2,161.6,3,2,5,25,161,27,162,131.4,193.8,101.6
111,43.67,28.43,187.91,6,5,23,26,186,31,190,172.74,183.78,87.65
111,43.67,36.5,188.36,6,4,22,34,187,39,190,165.41,160.5,76.18
111,43.67,21.5,202.5,2,4,8,21,201,22,204,198.38,55.88,69.88
111,43.67,24.38,202.62,2,5,8,24,201,25,205,208.38,64.5,74.75
111,43.67,283.71,206.5,8,4,28,280,205,287,208,163.61,137.96,20.86
111,43.67,176.5,213.0,6,1,6,174,213,179,213,122.0,107.67,97.0
111,43.67,216.5,213.0,6,1,6,214,213,219,213,122.83,113.5,103.33
111,43.67,129.6,219.2,4,2,5,128,219,131,220,232.6,251.0,239.6
111,43.67,148.8,219.6,3,2,5,148,219,150,220,229.4,241.4,224.2
111,43.67,167.83,219.33,4,2,6,166,219,169,220,241.67,255.0,233.17
111,43.67,177.83,219.33,4,2,6,176,219,179,220,237.83,250.83,231.0
111,43.67,188.83,219.33,4,2,6,187,219,190,220,239.33,254.17,233.33
111,43.67,198.0,219.25,6,2,8,195,219,200,220,233.38,246.62,224.25
112,43.7,148.36,50.26,26,15,171,138,45,163,59,215.08,125.97,90.09
112,43.7,40.4,49.2,2,3,5,40,48,41,50,170.6,150.4,141.0
112,43.7,30.5,52.12,4,6,16,29,49,32,54,202.25,187.12,179.0
112,43.7,26.8,51.2,2,4,5,26,50,27,53,213.6,96.6,109.4
112,43.7,97.4,51.2,2,3,5,97,50,98,52,173.0,143.0,140.4
112,43.7,101.6,51.2,2,3,5,101,50,102,52,171.2,141.2,138.8
112,43.7,105.5,51.0,2,3,6,105,50,106,52,171.5,142.67,142.5
112,43.7,109.6,51.2,2,3,5,109,50,110,52,173.0,143.0,140.4
112,43.7,113.5,51.0,2,3,6,113,50,114,52,176.83,141.67,142.83
112,43.7,117.4,51.2,2,3,5,117,50,118,52,177.2,140.8,139.4
112,43.7,23.57,52.29,2,4,7,23,51,24,54,246.86,233.57,236.71
112,43.7,47.22,53.22,5,3,9,45,52,49,54,222.67,211.44,202.22
112,43.7,228.47,85.64,46,29,882,206,72,251,100,219.73,148.06,145.51
112,43.7,162.62,75.31,7,4,13,160,74,166,77,209.31,147.69,174.69
112,43.7,138.75,77.58,6,4,12,136,76,141,79,216.92,149.58,188.25
112,43.7,136.5,82.0,2,3,6,136,81,137,83,184.17,120.83,134.83
112,43.7,200.53,96.24,4,8,17,199,93,202,100,245.12,200.41,249.12
112,43.7,86.38,110.33,15,10,87,79,107,93,116,205.36,133.97,107.29
112,43.7,98.67,110.83,2,4,6,98,109,99,112,193.5,153.33,177.67
112,43.7,155.91,112.04,11,7,45,151,109,161,115,191.89,132.78,123.69
112,43.7,199.44,113.04,8,6,27,196,110,203,115,175.96,127.26,116.33
112,43.7,255.89,112.78,4,3,9,254,112,257,114,203.11,142.56,122.44
112,43.7,95.47,115.33,7,5,15,92,113,98,117,187.67,142.0,145.07
112,43.7,97.71,126.57,4,2,7,96,126,99,127,135.86,218.14,108.0
112,43.7,271.0,127.17,5,2,6,269,127,273,128,124.83,213.83,103.0
112,43.7,281.91,129.18,5,5,11,280,127,284,131,131.36,214.91,95.09
112,43.7,254.29,135.14,3,3,7,253,134,255,136,152.57,216.57,127.14
112,43.7,32.22,140.78,4,5,9,31,139,34,143,132.0,225.22,101.89
112,43.7,37.0,140.0,3,3,5,36,139,38,141,126.8,226.8,103.4
112,43.7,47.14,139.57,4,3,7,46,139,49,141,127.29,199.0,88.86
112,43.7,19.14,142.51,19,5,43,10,140,28,144,126.51,214.09,79.88
112,43.7,53.81,144.06,14,7,47,48,141,61,147,125.74,213.66,78.4
112,43.7,19.75,157.25,4,6,12,18,155,21,160,142.5,86.0,62.25
112,43.7,23.71,155.57,4,2,7,22,155,25,156,140.86,103.29,77.0
112,43.7,12.58,159.42,3,6,12,12,157,14,162,129.58,87.25,62.67
112,43.7,35.08,158.38,4,5,13,34,157,37,161,127.62,93.23,72.23
112,43.7,53.29,158.57,4,2,7,52,158,55,159,141.86,176.29,116.14
112,43.7,21.5,162.83,4,3,6,20,162,23,164,139.83,182.5,84.67
112,43.7,27.96,188.27,8,5,26,24,186,31,190,169.54,184.96,89.73
112,43.7,36.5,188.36,6,4,22,34,187,39,190,173.41,168.45,84.09
112,43.7,21.5,202.5,2,4,8,21,201,22,204,198.38,55.88,69.88
112,43.7,24.38,202.62,2,5,8,24,201,25,205,208.62,64.88,75.12
112,43.7,283.71,206.5,8,4,28,280,205,287,208,163.61,137.96,20.86
112,43.7,176.5,213.0,6,1,6,174,213,179,213,122.0,107.67,97.0
112,43.7,216.5,213.0,6,1,6,214,213,219,213,122.83,113.5,103.33
112,43.7,129.6,219.2,4,2,5,128,219,131,220,232.6,251.0,239.6
112,43.7,148.8,219.6,3,2,5,148,219,150,220,229.4,241.4,224.2
112,43.7,167.83,219.33,4,2,6,166,219,169,220,241.67,255.0,233.17
112,43.7,177.83,219.33,4,2,6,176,219,179,220,237.83,250.83,231.0
112,43.7,188.83,219.33,4,2,6,187,219,190,220,239.33,254.17,233.33
112,43.7,198.0,219.25,6,2,8,195,219,200,220,233.38,246.62,224.25
113,43.73,148.34,54.91,24,19,199,140,47,163,65,220.18,141.7,93.54
113,43.73,40.4,49.2,2,3,5,40,48,41,50,170.6,150.4,141.0
113,43.73,30.5,52.12,4,6,16,29,49,32,54,202.25,187.12,179.0
113,43.73,26.8,51.2,2,4,5,26,50,27,53,213.6,96.6,109.4
113,43.73,97.4,51.2,2,3,5,97,50,98,52,173.0,143.0,140.4
113,43.73,101.6,51.2,2,3,5,101,50,102,52,171.2,141.2,138.8
113,43.73,105.5,51.0,2,3,6,105,50,106,52,171.5,142.67,142.5
113,43.73,109.6,51.2,2,3,5,109,50,110,52,173.0,143.0,140.4
113,43.73,113.5,51.0,2,3,6,113,50,114,52,176.83,141.67,142.83
113,43.73,117.4,51.2,2,3,5,117,50,118,52,177.2,140.8,139.4
113,43.73,23.57,52.29,2,4,7,23,51,24,54,246.86,233.57,236.71
113,43.73,47.22,53.22,5,3,9,45,52,49,54,222.67,211.44,202.22
113,43.73,237.5,71.0,8,1,8,234,71,241,71,124.12,77.25,102.62
113,43.73,234.13,84.41,62,25,1147,202,72,263,96,222.88,150.37,132.25
113,43.73,162.4,80.4,4,4,10,161,79,164,82,213.2,166.8,200.4
113,43.73,138.93,83.07,6,5,14,136,81,141,85,214.36,162.93,183.14
113,43.73,135.86,87.14,4,3,7,134,86,137,88,173.0,123.0,134.14
113,43.73,201.0,96.1,5,5,10,199,94,203,98,252.7,187.1,243.0
113,43.73,98.67,111.1,12,8,48,93,108,104,115,197.65,132.42,98.9
113,43.73,158.36,112.77,11,7,44,153,110,163,116,190.75,132.75,121.95
113,43.73,90.5,112.0,2,3,6,90,111,91,113,226.5,188.67,195.83
113,43.73,207.74,112.7,7,6,23,205,111,211,116,197.39,131.74,107.57
113,43.73,212.71,114.43,2,5,7,212,112,213,116,207.0,142.0,149.71
113,43.73,258.73,114.59,8,6,22,256,113,263,118,185.14,145.05,131.0
113,43.73,101.56,117.26,14,5,27,94,114,107,118,183.85,138.3,141.81
113,43.73,68.36,119.18,5,5,11,66,117,70,121,218.82,217.82,232.73
113,43.73,187.83,119.67,4,2,6,186,119,189,120,213.83,192.67,250.17
113,43.73,279.2,129.6,2,4,5,279,128,280,131,130.6,219.0,98.0
113,43.73,291.38,131.62,7,4,13,288,130,294,133,130.77,213.46,88.38
113,43.73,297.33,132.83,2,4,6,297,131,298,134,138.17,207.83,102.0
113,43.73,262.08,137.42,5,5,12,260,135,264,139,141.08,207.5,96.83
113,43.73,289.67,138.5,4,2,6,288,138,291,139,136.33,181.0,109.17
113,43.73,20.5,142.0,4,4,8,19,140,22,143,135.75,219.75,90.75
113,43.73,35.2,141.2,2,4,5,35,140,36,143,124.8,197.8,77.6
113,43.73,3.31,144.03,8,6,32,0,141,7,146,128.38,226.16,81.44
113,43.73,26.4,143.07,7,3,15,23,142,29,144,135.87,221.93,106.4
113,43.73,39.38,144.56,8,4,16,36,143,43,146,133.5,226.44,59.12
113,43.73,41.47,148.88,10,4,17,36,148,45,151,127.88,221.06,87.29
113,43.73,3.15,161.88,6,9,26,0,158,5,166,139.38,86.46,74.73
113,43.73,22.17,162.52,10,7,23,18,160,27,166,142.83,87.17,75.83
113,43.73,5.5,168.5,4,2,6,4,168,7,169,139.17,188.5,77.17
113,43.73,32.0,169.0,3,3,5,31,168,33,170,133.0,174.4,103.0
113,43.73,27.96,188.27,8,5,26,24,186,31,190,169.5,184.96,89.73
113,43.73,36.5,188.36,6,4,22,34,187,39,190,173.36,168.41,84.05
113,43.73,21.5,202.5,2,4,8,21,201,22,204,200.38,56.25,70.75
113,43.73,24.38,202.62,2,5,8,24,201,25,205,207.25,64.62,74.5
113,43.73,283.71,206.5,8,4,28,280,205,287,208,163.61,137.96,20.86
113,43.73,176.5,213.0,6,1,6,174,213,179,213,122.0,107.67,97.0
113,43.73,216.5,213.0,6,1,6,214,213,219,213,122.83,113.5,103.33
113,43.73,129.6,219.2,4,2,5,128,219,131,220,232.6,251.0,239.6
113,43.73,148.8,219.6,3,2,5,148,219,150,220,229.4,241.4,224.2
113,43.73,167.83,219.33,4,2,6,166,219,169,220,241.67,255.0,233.17
113,43.73,177.83,219.33,4,2,6,176,219,179,220,237.83,250.83,231.0
113,43.73,188.83,219.33,4,2,6,187,219,190,220,239.33,254.17,233.33
113,43.73,198.0,219.25,6,2,8,195,219,200,220,233.38,246.62,224.25
114,43.77,40.4,49.2,2,3,5,40,48,41,50,170.6,150.4,141.0
114,43.77,30.5,52.12,4,6,16,29,49,32,54,202.25,187.12,179.0
114,43.77,148.29,57.53,24,20,211,140,49,163,68,219.32,142.34,97.44
114,43.77,26.8,51.2,2,4,5,26,50,27,53,213.6,96.6,109.4
114,43.77,97.4,51.2,2,3,5,97,50,98,52,173.0,143.0,140.4
114,43.77,101.6,51.2,2,3,5,101,50,102,52,171.2,141.2,138.8
114,43.77,105.5,51.0,2,3,6,105,50,106,52,171.5,142.67,142.5
114,43.77,109.6,51.2,2,3,5,109,50,110,52,173.0,143.0,140.4
114,43.77,113.5,51.0,2,3,6,113,50,114,52,176.83,141.67,142.83
114,43.77,117.4,51.2,2,3,5,117,50,118,52,177.2,140.8,139.4
114,43.77,23.57,52.29,2,4,7,23,51,24,54,246.86,233.57,236.71
114,43.77,47.22,53.22,5,3,9,45,52,49,54,222.67,211.44,202.22
114,43.77,239.5,69.0,12,1,12,234,69,245,69,126.75,73.08,91.17
114,43.77,235.78,82.67,66,27,1241,202,70,267,96,222.81,150.3,132.53
114,43.77,162.22,83.22,4,3,9,161,82,164,84,219.78,175.67,214.33
114,43.77,138.93,86.07,6,5,14,136,84,141,88,213.0,163.71,185.86
114,43.77,136.4,90.2,2,3,5,136,89,137,91,170.4,116.2,126.0
114,43.77,199.78,96.33,5,4,9,198,95,202,98,253.11,187.0,243.89
114,43.77,99.95,111.08,14,9,65,94,108,107,116,203.6,140.68,117.38
114,43.77,159.61,114.34,12,7,41,154,111,165,117,191.85,130.2,117.56
114,43.77,210.8,113.2,8,6,25,208,111,215,116,188.48,126.92,123.0
114,43.77,166.5,114.0,2,3,6,166,113,167,115,137.5,99.83,103.33
114,43.77,259.83,115.5,4,4,12,258,114,261,117,173.58,138.67,126.08
114,43.77,104.05,116.95,15,4,22,96,115,110,118,181.41,136.55,142.41
114,43.77,66.8,120.2,3,3,5,66,119,68,121,224.4,217.8,250.8
114,43.77,295.0,132.25,7,4,12,292,131,298,134,129.67,212.42,90.5
114,43.77,263.55,137.36,4,5,11,262,135,265,139,142.18,215.18,103.64
114,43.77,10.33,145.87,6,6,15,8,143,13,148,131.0,217.87,89.53
114,43.77,18.5,146.14,6,6,14,16,143,21,148,131.36,227.43,104.71
114,43.77,23.43,145.29,4,3,7,22,144,25,146,129.71,224.57,101.57
114,43.77,35.86,145.57,7,4,14,33,144,39,147,134.5,228.0,64.79
114,43.77,42.4,145.6,4,2,5,41,145,44,146,133.2,234.2,77.2
114,43.77,0.4,147.0,2,3,5,0,146,1,148,130.4,227.2,101.6
114,43.77,39.64,149.14,5,5,14,38,147,42,151,126.29,223.36,89.5
114,43.77,44.6,148.2,2,3,5,44,147,45,149,129.0,224.0,106.0
114,43.77,22.2,148.6,3,2,5,21,148,23,149,128.4,230.0,96.4
114,43.77,0.33,163.83,2,4,6,0,162,1,165,132.83,84.17,72.0
114,43.77,18.06,163.94,8,4,17,14,162,21,165,132.35,84.06,69.82
114,43.77,27.96,188.27,8,5,26,24,186,31,190,169.5,184.96,89.73
114,43.77,36.5,188.36,6,4,22,34,187,39,190,173.36,168.41,84.05
114,43.77,21.5,202.5,2,4,8,21,201,22,204,200.38,56.25,70.75
114,43.77,24.38,202.62,2,5,8,24,201,25,205,207.25,64.62,74.5
114,43.77,283.71,206.5,8,4,28,280,205,287,208,163.61,137.96,20.86
114,43.77,176.5,213.0,6,1,6,174,213,179,213,122.0,107.67,97.0
114,43.77,216.5,213.0,6,1,6,214,213,219,213,122.83,113.5,103.33
114,43.77,129.6,219.2,4,2,5,128,219,131,220,232.6,251.0,239.6
114,43.77,148.8,219.6,3,2,5,148,219,150,220,229.4,241.4,224.2
114,43.77,167.83,219.33,4,2,6,166,219,169,220,241.67,255.0,233.17
114,43.77,177.83,219.33,4,2,6,176,219,179,220,237.83,250.83,231.0
114,43.77,188.83,219.33,4,2,6,187,219,190,220,239.33,254.17,233.33
114,43.77,198.0,219.25,6,2,8,195,219,200,220,233.38,246.62,224.25
115,43.8,40.4,49.2,2,3,5,40,48,41,50,170.6,150.4,141.0
115,43.8,30.5,52.12,4,6,16,29,49,32,54,202.25,187.12,179.0
115,43.8,26.8,51.2,2,4,5,26,50,27,53,213.6,96.6,109.4
115,43.8,97.4,51.2,2,3,5,97,50,98,52,173.0,143.0,140.4
115,43.8,101.6,51.2,2,3,5,101,50,102,52,171.2,141.2,138.8
115,43.8,105.5,51.0,2,3,6,105,50,106,52,171.5,142.67,142.5
115,43.8,109.6,51.2,2,3,5,109,50,110,52,173.0,143.0,140.4
115,43.8,113.5,51.0,2,3,6,113,50,114,52,176.83,141.67,142.83
115,43.8,117.4,51.2,2,3,5,117,50,118,52,177.2,140.8,139.4
115,43.8,23.57,52.29,2,4,7,23,51,24,54,246.86,233.57,236.71
115,43.8,47.22,53.22,5,3,9,45,52,49,54,222.67,211.44,202.22
115,43.8,148.64,65.46,24,15,187,140,59,163,73,221.18,146.04,88.56
115,43.8,144.17,75.33,6,3,12,142,74,147,76,217.58,144.75,148.5
115,43.8,195.72,93.44,18,10,116,188,89,205,98,211.05,156.04,166.96
115,43.8,164.05,92.63,8,5,19,160,91,167,95,208.21,157.32,172.42
115,43.8,139.0,95.0,4,3,8,138,94,141,96,212.12,146.0,176.0
115,43.8,136.4,99.2,2,3,5,136,98,137,100,162.2,121.0,129.0
115,43.8,111.7,114.18,16,10,87,104,110,119,119,200.18,132.34,118.77
115,43.8,165.61,115.48,12,8,46,160,112,171,119,204.41,140.48,121.54
115,43.8,220.78,115.11,5,4,9,219,114,223,117,206.11,116.11,143.67
115,43.8,262.67,116.67,5,3,9,260,116,264,118,185.56,134.67,119.89
115,43.8,212.57,120.71,2,4,7,212,119,213,122,226.43,202.57,245.43
115,43.8,300.43,134.57,2,4,7,300,133,301,136,129.57,216.86,89.43
115,43.8,309.55,134.6,10,5,20,304,133,313,137,140.25,219.35,93.05
115,43.8,288.86,134.71,5,2,7,287,134,291,135,138.71,231.71,92.57
115,43.8,274.5,138.0,3,4,6,274,137,276,140,139.67,214.5,106.0
115,43.8,15.0,147.13,7,6,15,12,144,18,149,133.27,220.47,88.0
115,43.8,8.33,147.83,2,5,6,8,146,9,150,131.83,213.83,83.33
115,43.8,23.75,150.69,13,7,32,19,147,31,153,128.41,226.66,80.12
115,43.8,5.2,149.6,3,2,5,4,149,6,150,132.0,230.0,100.0
115,43.8,4.6,152.8,2,3,5,4,152,5,154,133.4,237.6,97.2
115,43.8,4.4,165.8,2,3,5,4,165,5,167,130.2,84.0,68.2
115,43.8,1.64,169.71,4,4,14,0,168,3,171,129.5,82.64,63.79
115,43.8,30.6,169.2,2,3,5,30,168,31,170,138.4,153.4,106.2
115,43.8,27.85,188.3,8,5,27,24,186,31,190,179.63,197.78,101.85
115,43.8,36.5,188.17,6,5,24,34,186,39,190,172.38,174.62,86.21
115,43.8,251.5,193.0,8,1,8,248,193,255,193,140.25,189.0,118.0
115,43.8,21.5,202.5,2,4,8,21,201,22,204,200.38,56.25,70.75
115,43.8,24.38,202.62,2,5,8,24,201,25,205,207.25,64.62,74.5
115,43.8,283.71,206.5,8,4,28,280,205,287,208,163.61,137.96,20.86
115,43.8,176.5,213.0,6,1,6,174,213,179,213,122.0,107.67,97.0
115,43.8,216.5,213.0,6,1,6,214,213,219,213,122.83,113.5,103.33
115,43.8,129.6,219.2,4,2,5,128,219,131,220,232.6,251.0,239.6
115,43.8,148.8,219.6,3,2,5,148,219,150,220,229.4,241.4,224.2
115,43.8,167.83,219.33,4,2,6,166,219,169,220,241.67,255.0,233.17
115,43.8,177.83,219.33,4,2,6,176,219,179,220,237.83,250.83,231.0
115,43.8,188.83,219.33,4,2,6,187,219,190,220,239.33,254.17,233.33
115,43.8,198.0,219.25,6,2,8,195,219,200,220,233.38,246.62,224.25
116,43.83,40.4,49.2,2,3,5,40,48,41,50,170.6,150.4,141.0
116,43.83,30.5,52.12,4,6,16,29,49,32,54,202.25,187.12,179.0
116,43.83,26.8,51.2,2,4,5,26,50,27,53,213.6,96.6,109.4
116,43.83,97.4,51.2,2,3,5,97,50,98,52,173.0,143.0,140.4
116,43.83,101.6,51.2,2,3,5,101,50,102,52,171.2,141.2,138.8
116,43.83,105.5,51.0,2,3,6,105,50,106,52,171.5,142.67,142.5
116,43.83,109.6,51.2,2,3,5,109,50,110,52,173.0,143.0,140.4
116,43.83,113.5,51.0,2,3,6,113,50,114,52,176.83,141.67,142.83
116,43.83,117.4,51.2,2,3,5,117,50,118,52,177.2,140.8,139.4
116,43.83,23.57,52.29,2,4,7,23,51,24,54,246.86,233.57,236.71
116,43.83,47.22,53.22,5,3,9,45,52,49,54,222.67,211.44,202.22
116,43.83,148.72,71.2,25,16,199,139,64,163,79,223.69,147.01,89.43
116,43.83,215.71,71.43,4,2,7,214,71,217,72,206.43,216.0,250.0
116,43.83,144.2,81.53,6,4,15,142,80,147,83,203.07,137.13,140.67
116,43.83,194.12,92.53,20,10,119,186,88,205,97,218.24,153.65,161.6
116,43.83,213.83,89.67,4,2,6,212,89,215,90,212.83,217.67,253.33
116,43.83,161.5,97.33,4,2,6,160,97,163,98,240.83,206.17,232.83
116,43.83,138.77,101.23,6,5,13,136,99,141,103,192.23,124.46,148.77
116,43.83,117.77,114.45,9,7,31,114,112,122,118,215.87,114.03,93.16
116,43.83,124.5,113.0,2,3,6,124,112,125,114,203.83,103.0,54.5
116,43.83,170.17,115.64,10,7,36,166,113,175,119,200.11,123.33,103.94
116,43.83,222.56,117.44,6,6,25,220,115,225,120,176.12,146.04,122.4
116,43.83,124.62,118.69,12,3,16,118,117,129,119,195.06,159.81,159.75
116,43.83,267.11,119.22,3,5,9,266,117,268,121,175.22,136.56,135.67
116,43.83,66.2,123.8,3,3,5,65,123,67,125,215.4,211.4,253.0
116,43.83,299.12,134.94,6,6,16,296,132,301,137,136.31,219.12,90.75
116,43.83,306.29,136.12,6,4,17,304,135,309,138,135.53,227.18,106.24
116,43.83,6.18,149.88,8,4,17,3,148,10,151,126.29,224.88,67.24
116,43.83,12.43,148.57,5,3,7,10,148,14,150,128.43,224.43,67.86
116,43.83,13.96,154.04,16,7,49,6,151,21,157,127.39,218.8,87.39
116,43.83,24.67,171.5,2,4,6,24,170,25,173,131.17,202.83,111.33
116,43.83,18.57,172.71,2,4,7,18,171,19,174,144.29,164.43,114.29
116,43.83,27.85,188.3,8,5,27,24,186,31,190,179.85,197.93,102.0
116,43.83,36.5,188.17,6,5,24,34,186,39,190,171.46,173.58,85.25
116,43.83,251.5,193.0,8,1,8,248,193,255,193,150.88,199.38,128.12
116,43.83,21.5,202.5,2,4,8,21,201,22,204,200.38,56.25,70.75
116,43.83,24.38,202.62,2,5,8,24,201,25,205,207.25,64.62,74.5
116,43.83,283.71,206.5,8,4,28,280,205,287,208,163.61,137.96,20.86
116,43.83,176.5,213.0,6,1,6,174,213,179,213,122.0,107.67,97.0
116,43.83,216.5,213.0,6,1,6,214,213,219,213,122.83,113.5,103.33
116,43.83,129.6,219.2,4,2,5,128,219,131,220,232.6,251.0,239.6
116,43.83,148.8,219.6,3,2,5,148,219,150,220,229.4,241.4,224.2
116,43.83,167.83,219.33,4,2,6,166,219,169,220,241.67,255.0,233.17
116,43.83,177.83,219.33,4,2,6,176,219,179,220,237.83,250.83,231.0
116,43.83,188.83,219.33,4,2,6,187,219,190,220,239.33,254.17,233.33
116,43.83,198.0,219.25,6,2,8,195,219,200,220,233.38,246.62,224.25
117,43.87,40.4,49.2,2,3,5,40,48,41,50,170.6,150.4,141.0
117,43.87,30.5,52.12,4,6,16,29,49,32,54,202.25,187.12,179.0
117,43.87,26.8,51.2,2,4,5,26,50,27,53,213.6,96.6,109.4
117,43.87,97.4,51.2,2,3,5,97,50,98,52,173.0,143.0,140.4
117,43.87,101.6,51.2,2,3,5,101,50,102,52,171.2,141.2,138.8
117,43.87,105.5,51.0,2,3,6,105,50,106,52,171.5,142.67,142.5
117,43.87,109.6,51.2,2,3,5,109,50,110,52,173.0,143.0,140.4
117,43.87,113.5,51.0,2,3,6,113,50,114,52,176.83,141.67,142.83
117,43.87,117.4,51.2,2,3,5,117,50,118,52,177.2,140.8,139.4
117,43.87,23.57,52.29,2,4,7,23,51,24,54,246.86,233.57,236.71
117,43.87,47.22,53.22,5,3,9,45,52,49,54,222.67,211.44,202.22
117,43.87,148.48,77.66,24,19,203,140,70,163,88,222.53,144.43,93.16
117,43.87,192.56,93.08,27,9,155,182,89,208,97,216.74,157.88,150.33
117,43.87,236.11,94.44,7,2,9,233,94,239,95,216.89,224.56,253.56
117,43.87,163.52,104.8,8,7,25,160,102,167,108,195.56,140.28,156.04
117,43.87,138.92,106.83,6,6,12,136,104,141,109,190.42,137.83,167.58
117,43.87,129.08,114.58,16,12,79,122,109,137,120,206.48,122.71,100.37
117,43.87,210.88,115.32,9,4,25,207,114,215,117,215.0,167.08,174.8
117,43.87,173.53,116.29,7,4,17,170,115,176,118,197.65,119.29,102.12
117,43.87,178.3,118.0,4,6,10,176,115,179,120,172.0,115.0,112.9
117,43.87,135.29,119.93,6,5,14,132,117,137,121,187.43,142.86,145.0
117,43.87,227.79,118.42,8,4,19,224,117,231,120,200.95,138.53,136.79
117,43.87,270.75,119.08,5,4,12,268,118,272,121,178.25,133.17,126.67
117,43.87,125.3,122.4,6,3,10,122,121,127,123,177.3,153.0,148.7
117,43.87,76.8,123.2,4,2,5,75,123,78,124,210.8,224.6,246.8
117,43.87,221.6,125.4,2,4,5,221,124,222,127,218.0,207.8,253.4
117,43.87,306.0,137.0,3,3,5,305,136,307,138,131.0,230.0,105.4
117,43.87,294.4,146.2,4,2,5,293,146,296,147,134.2,180.4,105.0
117,43.87,27.64,188.07,8,5,28,24,186,31,190,175.79,196.57,105.82
117,43.87,36.5,188.17,6,5,24,34,186,39,190,178.38,181.08,92.67
117,43.87,251.5,193.0,8,1,8,248,193,255,193,146.25,194.88,123.88
117,43.87,21.5,202.5,2,4,8,21,201,22,204,200.38,56.25,70.75
117,43.87,24.38,202.62,2,5,8,24,201,25,205,207.25,64.62,74.5
117,43.87,283.71,206.5,8,4,28,280,205,287,208,163.61,137.96,20.86
117,43.87,176.5,213.0,6,1,6,174,213,179,213,122.0,107.67,97.0
117,43.87,216.5,213.0,6,1,6,214,213,219,213,122.83,113.5,103.33
117,43.87,129.6,219.2,4,2,5,128,219,131,220,232.6,251.0,239.6
117,43.87,148.8,219.6,3,2,5,148,219,150,220,229.4,241.4,224.2
117,43.87,167.83,219.33,4,2,6,166,219,169,220,241.67,255.0,233.17
117,43.87,177.83,219.33,4,2,6,176,219,179,220,237.83,250.83,231.0
117,43.87,188.83,219.33,4,2,6,187,219,190,220,239.33,254.17,233.33
117,43.87,198.0,219.25,6,2,8,195,219,200,220,233.38,246.62,224.25
118,43.9,40.4,49.2,2,3,5,40,48,41,50,170.6,150.4,141.0
118,43.9,30.5,52.12,4,6,16,29,49,32,54,202.25,187.12,179.0
118,43.9,26.8,51.2,2,4,5,26,50,27,53,213.6,96.6,109.4
118,43.9,97.4,51.2,2,3,5,97,50,98,52,173.0,143.0,140.4
118,43.9,101.6,51.2,2,3,5,101,50,102,52,171.2,141.2,138.8
118,43.9,105.5,51.0,2,3,6,105,50,106,52,171.5,142.67,142.5
118,43.9,109.6,51.2,2,3,5,109,50,110,52,173.0,143.0,140.4
118,43.9,113.5,51.0,2,3,6,113,50,114,52,176.83,141.67,142.83
118,43.9,117.4,51.2,2,3,5,117,50,118,52,177.2,140.8,139.4
118,43.9,23.57,52.29,2,4,7,23,51,24,54,246.86,233.57,236.71
118,43.9,47.22,53.22,5,3,9,45,52,49,54,222.67,211.44,202.22
118,43.9,148.64,83.44,24,19,211,140,76,163,94,220.14,145.23,91.54
118,43.9,189.99,91.74,26,10,171,179,87,204,96,218.2,153.33,150.24
118,43.9,142.43,102.86,2,5,7,142,101,143,105,222.86,194.71,241.14
118,43.9,139.0,111.93,6,5,15,136,110,141,114,211.47,164.27,179.27
118,43.9,163.8,110.4,3,2,5,163,110,165,111,168.6,116.8,150.2
118,43.9,208.95,114.38,10,5,37,204,112,213,116,209.3,158.78,169.65
118,43.9,132.54,116.41,10,6,46,128,114,137,119,194.59,116.57,93.91
118,43.9,178.75,118.12,6,4,16,176,117,181,120,198.0,123.44,91.81
118,43.9,234.05,120.1,6,6,20,232,118,237,123,193.35,127.55,135.65
118,43.9,136.33,120.92,12,4,24,130,119,141,122,190.5,144.21,141.71
118,43.9,275.67,121.22,4,3,9,274,120,277,122,184.56,141.44,140.56
118,43.9,221.6,126.8,2,3,5,221,126,222,128,212.6,208.2,251.8
118,43.9,297.56,142.56,5,5,9,296,141,300,145,144.33,217.0,116.44
118,43.9,27.93,188.36,8,5,28,24,186,31,190,177.96,195.61,101.82
118,43.9,36.5,188.17,6,5,24,34,186,39,190,183.33,186.54,97.79
118,43.9,251.5,193.0,8,1,8,248,193,255,193,146.25,194.88,123.88
118,43.9,21.5,202.5,2,4,8,21,201,22,204,200.38,56.25,70.75
118,43.9,24.38,202.62,2,5,8,24,201,25,205,207.25,64.62,74.5
118,43.9,283.71,206.5,8,4,28,280,205,287,208,163.61,137.96,20.86
118,43.9,176.5,213.0,6,1,6,174,213,179,213,122.0,107.67,97.0
118,43.9,216.5,213.0,6,1,6,214,213,219,213,122.83,113.5,103.33
118,43.9,129.6,219.2,4,2,5,128,219,131,220,232.6,251.0,239.6
118,43.9,148.8,219.6,3,2,5,148,219,150,220,229.4,241.4,224.2
118,43.9,167.83,219.33,4,2,6,166,219,169,220,241.67,255.0,233.17
118,43.9,177.83,219.33,4,2,6,176,219,179,220,237.83,250.83,231.0
118,43.9,188.83,219.33,4,2,6,187,219,190,220,239.33,254.17,233.33
118,43.9,198.0,219.25,6,2,8,195,219,200,220,233.38,246.62,224.25
119,43.93,40.4,49.2,2,3,5,40,48,41,50,170.6,150.4,141.0
119,43.93,30.5,52.12,4,6,16,29,49,32,54,202.25,187.12,179.0
119,43.93,26.8,51.2,2,4,5,26,50,27,53,213.6,96.6,109.4
119,43.93,97.4,51.2,2,3,5,97,50,98,52,173.0,143.0,140.4
119,43.93,101.6,51.2,2,3,5,101,50,102,52,171.2,141.2,138.8
119,43.93,105.5,51.0,2,3,6,105,50,106,52,171.5,142.67,142.5
119,43.93,109.6,51.2,2,3,5,109,50,110,52,173.0,143.0,140.4
119,43.93,113.5,51.0,2,3,6,113,50,114,52,176.83,141.67,142.83
119,43.93,117.4,51.2,2,3,5,117,50,118,52,177.2,140.8,139.4
119,43.93,23.57,52.29,2,4,7,23,51,24,54,246.86,233.57,236.71
119,43.93,47.22,53.22,5,3,9,45,52,49,54,222.67,211.44,202.22
119,43.93,148.59,91.65,27,15,201,138,85,164,99,222.34,148.16,89.69
119,43.93,179.0,88.5,5,2,6,177,88,181,89,210.17,211.83,253.83
119,43.93,186.5,89.75,6,3,8,184,89,189,91,212.25,225.38,243.12
119,43.93,205.5,95.0,6,1,6,203,95,208,95,210.5,220.17,255.0
119,43.93,235.56,97.89,6,3,9,233,97,238,99,213.89,222.33,254.0
119,43.93,144.2,101.53,6,4,15,142,100,147,103,204.53,133.4,136.33
119,43.93,205.49,113.37,12,7,67,200,110,211,116,195.21,140.64,146.76
119,43.93,150.6,119.0,2,3,5,150,118,151,120,181.4,153.0,140.2
119,43.93,162.36,120.36,5,6,14,161,118,165,123,173.14,139.0,142.07
119,43.93,138.58,120.63,6,5,19,136,119,141,123,198.11,136.47,152.42
119,43.93,187.83,120.42,5,4,12,186,119,190,122,208.67,121.58,94.08
119,43.93,184.2,121.8,2,4,5,184,120,185,123,192.8,149.6,148.0
119,43.93,192.8,121.8,2,4,5,192,120,193,123,201.4,151.0,155.2
119,43.93,243.04,122.22,8,4,23,240,121,247,124,190.91,135.52,120.57
119,43.93,135.38,124.31,4,5,13,134,122,137,126,174.38,125.46,132.54
119,43.93,146.86,122.86,6,2,7,144,122,149,123,169.0,135.71,132.29
119,43.93,281.25,123.58,4,4,12,280,122,283,125,183.17,139.17,141.75
119,43.93,109.8,137.4,3,2,5,109,137,111,138,133.6,210.4,110.6
119,43.93,310.57,146.71,2,4,7,310,145,311,148,145.29,215.0,95.57
119,43.93,315.5,167.5,4,2,8,314,167,317,168,137.75,232.12,119.12
119,43.93,27.93,188.36,8,5,28,24,186,31,190,180.14,198.0,104.07
119,43.93,36.5,188.17,6,5,24,34,186,39,190,184.75,188.04,99.62
119,43.93,251.5,193.0,8,1,8,248,193,255,193,151.38,200.12,128.75
119,43.93,21.5,202.5,2,4,8,21,201,22,204,200.38,56.25,70.75
119,43.93,24.38,202.62,2,5,8,24,201,25,205,207.25,64.62,74.5
119,43.93,283.71,206.5,8,4,28,280,205,287,208,163.61,137.96,20.86
119,43.93,176.5,213.0,6,1,6,174,213,179,213,122.0,107.67,97.0
119,43.93,216.5,213.0,6,1,6,214,213,219,213,122.83,113.5,103.33
119,43.93,129.6,219.2,4,2,5,128,219,131,220,232.6,251.0,239.6
119,43.93,148.8,219.6,3,2,5,148,219,150,220,229.4,241.4,224.2
119,43.93,167.83,219.33,4,2,6,166,219,169,220,241.67,255.0,233.17
119,43.93,177.83,219.33,4,2,6,176,219,179,220,237.83,250.83,231.0
119,43.93,188.83,219.33,4,2,6,187,219,190,220,239.33,254.17,233.33
119,43.93,198.0,219.25,6,2,8,195,219,200,220,233.38,246.62,224.25
120,43.97,40.4,49.2,2,3,5,40,48,41,50,170.6,150.4,141.0
120,43.97,30.5,52.12,4,6,16,29,49,32,54,202.25,187.12,179.0
120,43.97,26.8,51.2,2,4,5,26,50,27,53,213.6,96.6,109.4
120,43.97,97.4,51.2,2,3,5,97,50,98,52,173.0,143.0,140.4
120,43.97,101.6,51.2,2,3,5,101,50,102,52,171.2,141.2,138.8
120,43.97,105.5,51.0,2,3,6,105,50,106,52,171.5,142.67,142.5
120,43.97,109.6,51.2,2,3,5,109,50,110,52,173.0,143.0,140.4
120,43.97,113.5,51.0,2,3,6,113,50,114,52,176.83,141.67,142.83
120,43.97,117.4,51.2,2,3,5,117,50,118,52,177.2,140.8,139.4
120,43.97,23.57,52.29,2,4,7,23,51,24,54,246.86,233.57,236.71
120,43.97,47.22,53.22,5,3,9,45,52,49,54,222.67,211.44,202.22
120,43.97,183.46,88.34,21,10,56,173,84,193,93,218.93,215.25,252.68
120,43.97,148.65,97.17,25,16,199,139,90,163,105,220.93,148.81,94.54
120,43.97,213.38,96.62,5,2,8,211,96,215,97,212.0,227.62,249.12
120,43.97,235.33,99.56,6,2,9,233,99,238,100,216.89,230.56,252.89
120,43.97,144.25,107.33,6,3,12,142,106,147,108,207.33,135.75,142.0
120,43.97,151.4,120.1,4,5,10,150,118,153,122,187.1,135.4,113.1
120,43.97,193.12,123.12,8,5,26,190,121,197,125,187.85,129.58,124.88
120,43.97,249.48,123.3,8,4,23,246,122,253,125,191.7,141.78,131.57
120,43.97,152.2,124.3,6,4,10,150,123,155,126,168.1,145.1,140.9
120,43.97,163.84,124.88,8,6,25,160,123,167,128,197.92,150.64,154.76
120,43.97,281.2,124.1,4,3,10,280,123,283,125,187.2,139.2,137.1
120,43.97,136.42,128.48,8,8,33,134,125,141,132,181.73,139.12,140.36
120,43.97,221.6,130.4,2,4,5,221,129,222,132,219.8,210.4,253.2
120,43.97,109.6,138.0,3,3,5,109,137,111,139,132.0,217.2,107.6
120,43.97,28.25,188.0,8,6,32,24,185,31,190,179.69,201.66,106.12
120,43.97,36.43,188.09,6,5,23,34,186,39,190,186.48,187.74,101.91
120,43.97,251.5,193.0,8,1,8,248,193,255,193,151.62,200.25,128.88
120,43.97,21.5,202.5,2,4,8,21,201,22,204,200.38,56.25,70.75
120,43.97,24.38,202.62,2,5,8,24,201,25,205,207.25,64.62,74.5
120,43.97,283.71,206.5,8,4,28,280,205,287,208,163.61,137.96,20.86
120,43.97,176.5,213.0,6,1,6,174,213,179,213,121.83,107.33,96.83
120,43.97,216.5,213.0,6,1,6,214,213,219,213,122.83,113.5,103.33
120,43.97,129.6,219.2,4,2,5,128,219,131,220,232.6,251.0,239.6
120,43.97,148.8,219.6,3,2,5,148,219,150,220,229.4,241.4,224.2
120,43.97,167.83,219.33,4,2,6,166,219,169,220,241.67,255.0,233.17
120,43.97,177.83,219.33,4,2,6,176,219,179,220,237.83,250.83,231.0
120,43.97,188.83,219.33,4,2,6,187,219,190,220,239.33,254.17,233.33
120,43.97,198.0,219.25,6,2,8,195,219,200,220,233.38,246.62,224.25
121,44.0,40.4,49.2,2,3,5,40,48,41,50,170.6,150.4,141.0
121,44.0,30.5,52.12,4,6,16,29,49,32,54,202.25,187.12,179.0
121,44.0,26.8,51.2,2,4,5,26,50,27,53,213.6,96.6,109.4
121,44.0,97.4,51.2,2,3,5,97,50,98,52,173.0,143.0,140.4
121,44.0,101.6,51.2,2,3,5,101,50,102,52,171.2,141.2,138.8
121,44.0,105.5,51.0,2,3,6,105,50,106,52,171.5,142.67,142.5
121,44.0,109.6,51.2,2,3,5,109,50,110,52,173.0,143.0,140.4
121,44.0,113.5,51.0,2,3,6,113,50,114,52,176.83,141.67,142.83
121,44.0,117.4,51.2,2,3,5,117,50,118,52,177.2,140.8,139.4
121,44.0,23.57,52.29,2,4,7,23,51,24,54,246.86,233.57,236.71
121,44.0,47.22,53.22,5,3,9,45,52,49,54,222.67,211.44,202.22
121,44.0,183.2,87.05,21,11,59,173,82,193,92,218.12,214.95,248.07
121,44.0,148.5,98.58,25,19,212,139,91,163,109,219.28,148.25,92.05
121,44.0,236.71,100.29,6,2,7,234,100,239,101,219.29,223.43,254.71
121,44.0,152.0,120.91,5,4,11,150,120,154,123,190.91,150.91,134.64
121,44.0,195.28,123.0,7,4,18,192,122,198,125,203.06,137.94,118.78
121,44.0,162.75,124.7,7,5,20,160,123,166,127,204.6,154.35,161.15
121,44.0,252.75,124.25,8,5,20,250,123,257,127,204.1,137.0,114.3
121,44.0,281.2,125.1,4,3,10,280,124,283,126,188.9,142.7,137.4
121,44.0,154.2,125.4,3,2,5,153,125,155,126,154.2,125.4,124.6
121,44.0,137.12,128.56,8,7,34,134,126,141,132,181.91,137.65,140.53
121,44.0,57.5,127.33,4,2,6,56,127,59,128,159.17,86.67,109.83
121,44.0,166.6,128.2,2,3,5,166,127,167,129,193.2,129.6,134.4
121,44.0,65.2,129.8,3,3,5,64,129,66,131,215.2,214.0,254.6
121,44.0,221.6,131.4,2,4,5,221,130,222,133,220.0,206.8,252.4
121,44.0,91.33,141.17,3,3,6,90,140,92,142,138.33,217.67,116.0
121,44.0,285.2,170.4,3,2,5,284,170,286,171,134.2,218.2,111.6
121,44.0,27.93,188.36,8,5,28,24,186,31,190,179.11,196.96,103.07
121,44.0,36.5,188.17,6,5,24,34,186,39,190,183.96,187.33,98.79
121,44.0,251.5,193.0,8,1,8,248,193,255,193,151.62,200.25,128.88
121,44.0,21.5,202.5,2,4,8,21,201,22,204,200.38,56.25,70.75
121,44.0,24.38,202.62,2,5,8,24,201,25,205,207.25,64.62,74.5
121,44.0,283.71,206.5,8,4,28,280,205,287,208,163.61,137.96,20.86
121,44.0,176.5,213.0,6,1,6,174,213,179,213,122.0,107.67,97.0
121,44.0,216.5,213.0,6,1,6,214,213,219,213,122.83,113.5,103.33
121,44.0,129.6,219.2,4,2,5,128,219,131,220,232.6,251.0,239.6
121,44.0,148.8,219.6,3,2,5,148,219,150,220,229.4,241.4,224.2
121,44.0,167.83,219.33,4,2,6,166,219,169,220,241.67,255.0,233.17
121,44.0,177.83,219.33,4,2,6,176,219,179,220,237.83,250.83,231.0
121,44.0,188.83,219.33,4,2,6,187,219,190,220,239.33,254.17,233.33
121,44.0,198.0,219.25,6,2,8,195,219,200,220,233.38,246.62,224.25
122,44.03,26.0,48.0,5,1,5,24,48,28,48,145.0,121.6,117.6
122,44.03,30.69,51.75,4,7,16,29,48,32,54,209.5,195.94,193.5
122,44.03,26.67,51.33,2,4,6,26,50,27,53,184.67,91.5,100.17
122,44.03,73.6,51.2,2,3,5,73,50,74,52,181.2,146.6,145.2
122,44.03,77.4,51.2,2,3,5,77,50,78,52,184.0,149.4,147.8
122,44.03,113.6,50.8,2,3,5,113,50,114,52,186.0,151.4,154.0
122,44.03,117.5,51.0,2,3,6,117,50,118,52,181.5,147.33,146.83
122,44.03,23.5,52.5,2,4,8,23,51,24,54,244.12,226.62,238.88
122,44.03,47.83,53.33,4,3,6,46,52,49,54,245.33,235.17,237.0
122,44.03,181.95,83.72,16,15,65,174,77,189,91,231.48,194.66,253.0
122,44.03,147.98,98.78,26,19,199,138,91,163,109,221.11,149.2,86.0
122,44.03,214.5,99.0,6,1,6,212,99,217,99,220.67,225.5,255.0
122,44.03,235.0,102.0,3,3,5,234,101,236,103,210.8,216.8,250.0
122,44.03,198.83,108.58,7,4,12,196,107,202,110,211.92,221.58,253.5
122,44.03,205.5,111.5,4,2,6,204,111,207,112,214.17,206.33,255.0
122,44.03,155.22,122.89,5,3,9,153,122,157,124,177.56,112.78,100.89
122,44.03,162.28,125.11,5,5,18,160,123,164,127,197.44,156.72,182.83
122,44.03,205.0,124.5,5,4,14,203,123,207,126,207.93,140.5,118.29
122,44.03,257.64,126.45,4,4,11,256,125,259,128,205.82,150.0,117.09
122,44.03,138.93,127.07,6,4,14,136,126,141,129,216.14,163.93,181.71
122,44.03,281.2,126.4,3,2,5,280,126,282,127,207.0,156.6,157.2
122,44.03,167.6,128.2,4,3,10,166,127,169,129,177.7,144.3,149.3
122,44.03,42.4,128.8,2,3,5,42,128,43,130,179.8,82.0,103.0
122,44.03,62.2,129.6,3,2,5,61,129,63,130,175.8,135.6,140.6
122,44.03,135.23,131.38,4,4,13,134,130,137,133,166.69,130.77,125.69
122,44.03,221.5,133.0,2,5,6,221,131,222,135,216.5,219.0,255.0
122,44.03,237.6,132.4,4,2,5,236,132,239,133,222.2,219.0,253.8
122,44.03,83.8,144.6,3,2,5,83,144,85,145,150.0,201.2,119.2
122,44.03,83.67,146.83,5,2,6,82,146,86,147,132.33,189.83,107.83
122,44.03,27.91,188.05,7,5,22,25,186,31,190,173.27,187.05,74.41
122,44.03,36.0,188.0,6,5,21,34,186,39,190,177.9,185.05,85.19
122,44.03,31.69,192.54,8,2,13,28,192,35,193,155.54,193.77,122.38
122,44.03,21.43,202.29,2,4,7,21,201,22,204,208.43,61.29,77.57
122,44.03,24.88,202.12,4,4,8,24,201,27,204,202.5,59.62,74.0
122,44.03,283.75,206.46,8,4,28,280,205,287,208,155.21,134.89,20.25
122,44.03,192.0,213.0,7,1,7,189,213,195,213,122.57,116.71,102.0
122,44.03,129.14,219.29,5,2,7,127,219,131,220,236.0,249.0,236.0
122,44.03,135.8,219.4,3,2,5,135,219,137,220,227.4,242.6,226.8
122,44.03,155.0,219.25,6,2,8,153,219,158,220,232.12,244.25,231.38
122,44.03,167.43,219.29,5,2,7,165,219,169,220,233.86,254.57,236.57
122,44.03,177.0,219.25,6,2,8,174,219,179,220,236.25,249.62,232.38
122,44.03,188.83,219.33,4,2,6,187,219,190,220,246.0,255.0,242.17
122,44.03,199.2,219.4,3,2,5,198,219,200,220,239.4,246.8,237.8
123,44.07,26.0,48.0,5,1,5,24,48,28,48,145.0,121.6,117.6
123,44.07,30.69,51.75,4,7,16,29,48,32,54,209.5,195.94,193.5
123,44.07,26.67,51.33,2,4,6,26,50,27,53,184.67,91.5,100.17
123,44.07,73.6,51.2,2,3,5,73,50,74,52,181.2,146.6,145.2
123,44.07,77.4,51.2,2,3,5,77,50,78,52,184.0,149.4,147.8
123,44.07,113.6,50.8,2,3,5,113,50,114,52,186.0,151.4,154.0
123,44.07,117.5,51.0,2,3,6,117,50,118,52,181.5,147.33,146.83
123,44.07,23.5,52.5,2,4,8,23,51,24,54,244.12,226.62,238.88
123,44.07,47.83,53.33,4,3,6,46,52,49,54,245.33,235.17,237.0
123,44.07,179.67,82.23,18,16,82,171,75,188,90,231.18,194.23,253.1
123,44.07,149.04,107.21,26,14,186,138,101,163,114,216.4,150.24,85.58
123,44.07,215.0,101.0,5,1,5,213,101,217,101,222.6,220.4,255.0
123,44.07,234.8,104.2,4,2,5,233,104,236,105,211.8,220.2,254.4
123,44.07,198.0,107.41,11,6,22,193,105,203,110,216.41,212.82,253.64
123,44.07,144.64,116.36,6,4,11,142,115,147,118,203.64,112.55,124.27
123,44.07,164.73,124.64,4,6,11,164,123,167,128,205.09,94.18,98.09
123,44.07,215.24,125.88,8,4,17,212,125,219,128,190.59,134.53,129.12
123,44.07,261.29,128.86,3,3,7,260,128,262,130,181.29,130.57,118.71
123,44.07,283.0,129.25,4,3,8,282,128,285,130,188.38,153.88,161.75
123,44.07,162.11,134.44,3,4,9,161,133,163,136,189.78,150.22,169.44
123,44.07,221.5,135.0,2,5,6,221,133,222,137,214.17,219.17,253.17
123,44.07,139.25,135.75,6,4,16,136,134,141,137,204.69,171.25,167.19
123,44.07,237.4,134.6,4,2,5,236,134,239,135,214.8,216.6,253.8
123,44.07,135.0,141.53,6,5,17,132,139,137,143,158.06,160.18,117.88
123,44.07,90.33,147.83,3,3,6,89,147,91,149,149.0,156.67,102.83
123,44.07,36.1,188.1,6,5,20,34,186,39,190,188.35,190.65,93.0
123,44.07,27.79,188.47,8,4,19,24,187,31,190,181.16,182.58,83.95
123,44.07,31.31,192.46,8,2,13,28,192,35,193,158.77,194.62,126.0
123,44.07,23.25,202.12,7,4,16,21,201,27,204,203.19,59.69,74.81
123,44.07,283.75,206.46,8,4,28,280,205,287,208,155.21,134.89,20.25
123,44.07,192.0,213.0,7,1,7,189,213,195,213,122.57,116.71,102.0
123,44.07,129.14,219.29,5,2,7,127,219,131,220,236.0,249.0,236.0
123,44.07,135.8,219.4,3,2,5,135,219,137,220,227.4,242.6,226.8
123,44.07,155.0,219.25,6,2,8,153,219,158,220,232.12,244.25,231.38
123,44.07,167.43,219.29,5,2,7,165,219,169,220,233.86,254.57,236.57
123,44.07,177.0,219.25,6,2,8,174,219,179,220,236.25,249.62,232.38
123,44.07,188.83,219.33,4,2,6,187,219,190,220,246.0,255.0,242.17
123,44.07,199.2,219.4,3,2,5,198,219,200,220,239.4,246.8,237.8
124,44.1,26.0,48.0,5,1,5,24,48,28,48,145.0,121.6,117.6
124,44.1,30.69,51.75,4,7,16,29,48,32,54,209.5,195.94,193.5
124,44.1,26.67,51.33,2,4,6,26,50,27,53,184.67,91.5,100.17
124,44.1,73.6,51.2,2,3,5,73,50,74,52,181.2,146.6,145.2
124,44.1,77.4,51.2,2,3,5,77,50,78,52,184.0,149.4,147.8
124,44.1,113.6,50.8,2,3,5,113,50,114,52,186.0,151.4,154.0
124,44.1,117.5,51.0,2,3,6,117,50,118,52,181.5,147.33,146.83
124,44.1,23.5,52.5,2,4,8,23,51,24,54,244.12,226.62,238.88
124,44.1,47.83,53.33,4,3,6,46,52,49,54,245.33,235.17,237.0
124,44.1,177.01,79.46,12,22,140,172,69,183,90,237.5,207.21,242.46
124,44.1,196.1,104.05,7,8,21,193,101,199,108,229.19,195.57,251.33
124,44.1,214.33,102.44,6,2,9,212,102,217,103,211.89,213.56,255.0
124,44.1,205.83,103.33,4,2,6,204,103,207,104,233.0,226.33,242.67
124,44.1,234.14,105.43,5,2,7,232,105,236,106,211.14,216.71,251.86
124,44.1,148.36,112.72,26,15,181,138,106,163,120,220.09,153.24,86.61
124,44.1,144.88,122.88,5,3,8,143,122,147,124,194.88,118.88,143.5
124,44.1,166.3,126.0,10,5,27,162,124,171,128,213.93,123.96,92.15
124,44.1,218.93,127.86,6,4,14,216,127,221,130,200.29,138.07,118.5
124,44.1,163.2,129.8,4,2,5,162,129,165,130,182.4,117.8,136.2
124,44.1,168.27,130.55,6,4,11,166,129,171,132,181.0,129.73,125.55
124,44.1,262.44,129.56,5,3,9,260,129,264,131,177.67,130.67,113.56
124,44.1,236.33,136.17,4,3,6,235,135,238,137,219.17,214.83,252.17
124,44.1,164.75,140.38,10,6,32,160,138,169,143,202.09,154.31,157.44
124,44.1,138.92,141.62,6,4,13,136,140,141,143,206.38,164.54,174.85
124,44.1,89.44,144.33,7,3,9,86,144,92,146,140.11,211.56,95.0
124,44.1,134.79,146.11,6,5,19,132,144,137,148,163.89,143.42,106.0
124,44.1,86.71,150.14,4,3,7,85,149,88,151,155.14,158.57,107.71
124,44.1,36.1,188.1,6,5,20,34,186,39,190,191.4,193.85,95.45
124,44.1,27.79,188.47,8,4,19,24,187,31,190,182.37,185.84,77.32
124,44.1,32.19,192.56,10,2,16,28,192,37,193,163.12,203.88,131.44
124,44.1,23.0,202.13,6,4,15,21,201,26,204,204.6,60.2,75.4
124,44.1,283.75,206.46,8,4,28,280,205,287,208,155.21,134.89,20.25
124,44.1,192.0,213.0,7,1,7,189,213,195,213,122.57,116.71,102.0
124,44.1,129.14,219.29,5,2,7,127,219,131,220,236.0,249.0,236.0
124,44.1,135.8,219.4,3,2,5,135,219,137,220,227.4,242.6,226.8
124,44.1,155.0,219.25,6,2,8,153,219,158,220,232.12,244.25,231.38
124,44.1,167.43,219.29,5,2,7,165,219,169,220,233.86,254.57,236.57
124,44.1,177.0,219.25,6,2,8,174,219,179,220,236.25,249.62,232.38
124,44.1,188.83,219.33,4,2,6,187,219,190,220,246.0,255.0,242.17
124,44.1,199.2,219.4,3,2,5,198,219,200,220,239.4,246.8,237.8
125,44.13,26.0,48.0,5,1,5,24,48,28,48,145.0,121.6,117.6
125,44.13,30.69,51.75,4,7,16,29,48,32,54,209.5,195.94,193.5
125,44.13,26.67,51.33,2,4,6,26,50,27,53,184.67,91.5,100.17
125,44.13,73.6,51.2,2,3,5,73,50,74,52,181.2,146.6,145.2
125,44.13,77.4,51.2,2,3,5,77,50,78,52,184.0,149.4,147.8
125,44.13,113.6,50.8,2,3,5,113,50,114,52,186.0,151.4,154.0
125,44.13,117.5,51.0,2,3,6,117,50,118,52,181.5,147.33,146.83
125,44.13,23.5,52.5,2,4,8,23,51,24,54,244.12,226.62,238.88
125,44.13,47.83,53.33,4,3,6,46,52,49,54,245.33,235.17,237.0
125,44.13,174.56,77.83,13,24,162,169,66,181,89,239.29,207.36,243.76
125,44.13,195.14,103.71,11,11,28,190,99,200,109,229.71,192.93,252.86
125,44.13,205.92,105.33,5,4,12,204,104,208,107,216.67,219.58,251.42
125,44.13,214.5,104.0,6,1,6,212,104,217,104,217.5,224.67,255.0
125,44.13,148.47,119.13,26,18,198,138,112,163,129,219.95,149.81,92.73
125,44.13,170.58,128.35,10,9,43,166,124,175,132,193.79,121.47,104.79
125,44.13,222.79,128.93,6,4,14,220,128,225,131,188.07,129.57,112.5
125,44.13,267.29,130.86,3,3,7,266,130,268,132,179.71,131.86,123.14
125,44.13,286.4,131.2,2,3,5,286,130,287,132,196.0,160.6,166.4
125,44.13,236.6,137.4,4,2,5,235,137,238,138,219.2,215.0,254.2
125,44.13,86.2,144.6,3,2,5,85,144,87,145,131.0,200.6,82.8
125,44.13,164.76,146.24,9,6,29,161,144,169,149,193.45,155.93,151.48
125,44.13,136.14,149.74,12,9,50,130,146,141,154,166.9,162.04,128.1
125,44.13,89.4,150.6,4,2,5,88,150,91,151,138.6,168.6,111.6
125,44.13,36.1,188.1,6,5,20,34,186,39,190,188.9,191.1,93.9
125,44.13,28.18,188.41,6,4,17,26,187,31,190,177.12,168.71,77.35
125,44.13,31.05,192.55,12,2,20,26,192,37,193,160.8,202.55,130.8
125,44.13,23.0,202.13,6,4,15,21,201,26,204,204.6,60.2,75.4
125,44.13,283.75,206.46,8,4,28,280,205,287,208,155.39,134.89,20.25
125,44.13,192.0,213.0,7,1,7,189,213,195,213,122.57,116.71,102.0
125,44.13,129.14,219.29,5,2,7,127,219,131,220,236.0,249.0,236.0
125,44.13,135.8,219.4,3,2,5,135,219,137,220,227.4,242.6,226.8
125,44.13,155.0,219.25,6,2,8,153,219,158,220,232.12,244.25,231.38
125,44.13,167.43,219.29,5,2,7,165,219,169,220,233.86,254.57,236.57
125,44.13,177.0,219.25,6,2,8,174,219,179,220,236.25,249.62,232.38
125,44.13,188.83,219.33,4,2,6,187,219,190,220,246.0,255.0,242.17
125,44.13,199.2,219.4,3,2,5,198,219,200,220,239.4,246.8,237.8
126,44.17,26.0,48.0,5,1,5,24,48,28,48,145.0,121.6,117.6
126,44.17,30.69,51.75,4,7,16,29,48,32,54,209.5,195.94,193.5
126,44.17,26.67,51.33,2,4,6,26,50,27,53,184.67,91.5,100.17
126,44.17,73.6,51.2,2,3,5,73,50,74,52,181.2,146.6,145.2
126,44.17,77.4,51.2,2,3,5,77,50,78,52,184.0,149.4,147.8
126,44.17,113.6,50.8,2,3,5,113,50,114,52,186.0,151.4,154.0
126,44.17,117.5,51.0,2,3,6,117,50,118,52,181.5,147.33,146.83
126,44.17,23.5,52.5,2,4,8,23,51,24,54,244.12,226.62,238.88
126,44.17,47.83,53.33,4,3,6,46,52,49,54,245.33,235.17,237.0
126,44.17,170.5,74.6,14,26,193,164,62,177,87,241.84,207.59,236.19
126,44.17,181.12,71.0,3,5,8,180,69,182,73,196.5,64.75,167.25
126,44.17,162.0,73.0,1,5,5,162,71,162,75,195.8,71.4,170.4
126,44.17,177.8,79.2,3,3,5,177,78,179,80,193.4,81.4,174.6
126,44.17,190.0,101.57,7,13,47,187,96,193,108,243.06,207.36,249.47
126,44.17,214.5,106.0,6,1,6,212,106,217,106,218.33,217.5,255.0
126,44.17,205.5,107.0,6,1,6,203,107,208,107,208.67,238.33,255.0
126,44.17,234.38,109.12,6,3,8,232,108,237,110,211.38,216.38,255.0
126,44.17,148.19,127.65,27,19,205,138,120,164,138,221.84,148.66,94.21
126,44.17,175.25,129.3,7,4,20,172,128,178,131,209.45,101.0,95.0
126,44.17,231.26,129.95,8,4,19,228,129,235,132,187.63,133.89,130.89
126,44.17,273.83,133.33,3,3,6,273,132,275,134,178.83,125.83,146.0
126,44.17,237.4,139.6,4,2,5,236,139,239,140,211.2,218.2,253.0
126,44.17,58.33,152.33,3,3,6,57,151,59,153,149.83,215.5,110.83
126,44.17,153.7,152.8,4,3,10,152,152,155,154,139.2,199.1,116.0
126,44.17,164.71,155.42,10,7,38,160,153,169,159,178.32,161.26,135.16
126,44.17,138.7,155.96,6,5,23,136,154,141,158,188.61,161.57,157.3
126,44.17,135.0,160.79,6,4,14,132,159,137,162,158.07,145.93,106.5
126,44.17,36.1,188.1,6,5,20,34,186,39,190,179.5,181.9,83.9
126,44.17,28.21,188.42,6,4,19,26,187,31,190,175.32,171.79,68.37
126,44.17,32.19,192.56,10,2,16,28,192,37,193,162.69,203.0,130.88
126,44.17,23.25,202.12,7,4,16,21,201,27,204,203.19,59.44,75.69
126,44.17,283.75,206.46,8,4,28,280,205,287,208,155.21,134.89,20.25
126,44.17,192.0,213.0,7,1,7,189,213,195,213,122.57,116.71,102.0
126,44.17,129.14,219.29,5,2,7,127,219,131,220,236.0,249.0,236.0
126,44.17,135.8,219.4,3,2,5,135,219,137,220,227.4,242.6,226.8
126,44.17,155.0,219.25,6,2,8,153,219,158,220,232.12,244.25,231.38
126,44.17,167.43,219.29,5,2,7,165,219,169,220,233.86,254.57,236.57
126,44.17,177.0,219.25,6,2,8,174,219,179,220,236.25,249.62,232.38
126,44.17,188.83,219.33,4,2,6,187,219,190,220,246.0,255.0,242.17
126,44.17,199.2,219.4,3,2,5,198,219,200,220,239.4,246.8,237.8
127,44.2,26.0,48.0,5,1,5,24,48,28,48,145.0,121.6,117.6
127,44.2,30.69,51.75,4,7,16,29,48,32,54,209.5,195.94,193.5
127,44.2,26.67,51.33,2,4,6,26,50,27,53,184.67,91.5,100.17
127,44.2,73.6,51.2,2,3,5,73,50,74,52,181.2,146.6,145.2
127,44.2,77.4,51.2,2,3,5,77,50,78,52,184.0,149.4,147.8
127,44.2,113.6,50.8,2,3,5,113,50,114,52,186.0,151.4,154.0
127,44.2,117.5,51.0,2,3,6,117,50,118,52,181.5,147.33,146.83
127,44.2,23.5,52.5,2,4,8,23,51,24,54,244.12,226.62,238.88
127,44.2,47.83,53.33,4,3,6,46,52,49,54,245.33,235.17,237.0
127,44.2,169.27,74.96,13,27,196,163,62,175,88,240.83,208.21,230.66
127,44.2,177.33,75.19,7,20,43,173,65,179,84,195.19,80.16,165.65
127,44.2,189.35,99.77,7,14,52,186,94,192,107,241.21,204.15,250.4
127,44.2,214.5,107.0,6,1,6,212,107,217,107,216.67,231.17,255.0
127,44.2,234.0,109.5,5,2,6,232,109,236,110,212.17,211.0,255.0
127,44.2,148.5,130.65,26,19,208,138,123,163,141,219.58,146.48,90.61
127,44.2,178.7,129.8,6,5,20,176,128,181,132,201.5,112.05,86.15
127,44.2,209.67,131.83,3,4,6,209,130,211,133,227.17,192.0,250.67
127,44.2,234.19,132.06,6,4,16,232,131,237,134,185.75,132.0,129.56
127,44.2,275.55,133.73,4,4,11,274,132,277,135,187.73,128.82,151.73
127,44.2,181.8,133.8,4,2,5,180,133,183,134,161.8,134.2,123.2
127,44.2,57.29,153.14,3,3,7,56,152,58,154,134.29,195.71,108.14
127,44.2,153.7,155.8,4,3,10,152,155,155,157,140.1,197.5,112.9
127,44.2,164.32,157.85,10,7,34,160,155,169,161,187.21,152.88,144.03
127,44.2,138.75,159.05,6,5,20,136,157,141,161,190.3,161.95,157.25
127,44.2,134.18,163.0,8,6,22,130,160,137,165,159.27,157.68,109.5
127,44.2,28.21,188.42,6,4,19,26,187,31,190,177.26,173.74,70.42
127,44.2,36.06,188.33,6,4,18,34,187,39,190,181.0,173.67,80.22
127,44.2,31.31,192.46,8,2,13,28,192,35,193,163.62,199.31,130.54
127,44.2,23.25,202.12,7,4,16,21,201,27,204,203.19,59.44,75.69
127,44.2,283.75,206.46,8,4,28,280,205,287,208,155.21,134.89,20.25
127,44.2,192.0,213.0,7,1,7,189,213,195,213,122.57,116.71,102.0
127,44.2,129.14,219.29,5,2,7,127,219,131,220,236.0,249.0,236.0
127,44.2,135.8,219.4,3,2,5,135,219,137,220,227.4,242.6,226.8
127,44.2,155.0,219.25,6,2,8,153,219,158,220,232.12,244.25,231.38
127,44.2,167.43,219.29,5,2,7,165,219,169,220,233.86,254.57,236.57
127,44.2,177.0,219.25,6,2,8,174,219,179,220,236.25,249.62,232.38
127,44.2,188.83,219.33,4,2,6,187,219,190,220,246.0,255.0,242.17
127,44.2,199.2,219.4,3,2,5,198,219,200,220,239.4,246.8,237.8
128,44.23,26.0,48.0,5,1,5,24,48,28,48,145.0,121.6,117.6
128,44.23,30.69,51.75,4,7,16,29,48,32,54,209.5,195.94,193.5
128,44.23,26.67,51.33,2,4,6,26,50,27,53,184.67,91.5,100.17
128,44.23,73.6,51.2,2,3,5,73,50,74,52,181.2,146.6,145.2
128,44.23,77.4,51.2,2,3,5,77,50,78,52,184.0,149.4,147.8
128,44.23,113.6,50.8,2,3,5,113,50,114,52,186.0,151.4,154.0
128,44.23,117.5,51.0,2,3,6,117,50,118,52,181.5,147.33,146.83
128,44.23,23.5,52.5,2,4,8,23,51,24,54,244.12,226.62,238.88
128,44.23,47.83,53.33,4,3,6,46,52,49,54,245.33,235.17,237.0
128,44.23,167.11,71.75,28,28,229,154,60,181,87,232.29,172.24,210.74
128,44.23,174.34,76.23,18,20,64,165,65,182,84,202.17,89.73,164.94
128,44.23,154.67,77.5,4,6,12,153,75,156,80,192.58,83.0,168.67
128,44.23,186.21,99.48,9,15,62,182,92,190,106,242.63,205.87,244.68
128,44.23,214.62,108.38,5,2,8,213,108,217,109,212.62,219.0,255.0
128,44.23,204.1,109.3,8,2,10,201,109,208,110,210.5,233.4,254.6
128,44.23,235.25,111.62,6,2,8,233,111,238,112,210.12,220.75,252.0
128,44.23,205.31,129.92,4,8,13,204,126,207,133,246.38,200.38,254.0
128,44.23,148.21,134.38,26,17,188,138,127,163,143,221.08,150.04,83.87
128,44.23,185.96,133.25,8,6,24,182,131,189,136,174.83,125.88,100.71
128,44.23,240.17,133.83,5,3,12,238,133,242,135,194.92,132.92,113.17
128,44.23,182.4,135.2,2,3,5,182,134,183,136,169.0,127.4,120.2
128,44.23,279.5,135.25,4,3,8,278,134,281,136,196.12,146.5,166.12
128,44.23,88.0,141.38,5,2,8,86,141,90,142,214.12,206.5,234.62
128,44.23,238.0,142.0,5,3,7,236,141,240,143,209.29,216.43,250.29
128,44.23,145.43,144.14,4,3,7,144,143,147,145,193.43,126.43,112.29
128,44.23,68.2,148.6,3,2,5,67,148,69,149,128.6,214.4,75.2
128,44.23,51.89,153.26,5,6,19,50,151,54,156,143.95,199.63,109.95
128,44.23,134.0,152.73,6,3,11,132,152,137,154,128.0,203.82,104.55
128,44.23,136.2,155.6,3,2,5,135,155,137,156,145.6,218.4,122.6
128,44.23,53.0,158.25,6,2,8,50,158,55,159,130.25,203.88,107.0
128,44.23,153.7,159.8,4,3,10,152,159,155,161,146.7,207.6,120.6
128,44.23,164.38,162.19,10,7,37,160,159,169,165,188.24,159.16,147.59
128,44.23,138.87,163.57,6,5,23,136,162,141,166,184.7,155.61,150.52
128,44.23,133.85,167.3,8,6,27,130,164,137,169,158.07,164.63,111.63
128,44.23,28.21,188.42,6,4,19,26,187,31,190,167.47,163.63,60.47
128,44.23,36.25,188.5,6,4,16,34,187,39,190,189.5,172.31,75.38
128,44.23,32.19,192.56,10,2,16,28,192,37,193,161.88,202.25,128.88
128,44.23,21.43,202.29,2,4,7,21,201,22,204,208.29,60.86,77.71
128,44.23,24.88,202.12,4,4,8,24,201,27,204,202.5,59.62,74.25
128,44.23,283.75,206.46,8,4,28,280,205,287,208,155.39,134.89,20.25
128,44.23,192.0,213.0,7,1,7,189,213,195,213,122.57,116.71,102.0
128,44.23,129.14,219.29,5,2,7,127,219,131,220,236.0,249.0,236.0
128,44.23,135.8,219.4,3,2,5,135,219,137,220,227.4,242.6,226.8
128,44.23,155.0,219.25,6,2,8,153,219,158,220,232.12,244.25,231.38
128,44.23,167.43,219.29,5,2,7,165,219,169,220,233.86,254.57,236.57
128,44.23,177.0,219.25,6,2,8,174,219,179,220,236.25,249.62,232.38
128,44.23,188.83,219.33,4,2,6,187,219,190,220,246.0,255.0,242.17
128,44.23,199.2,219.4,3,2,5,198,219,200,220,239.4,246.8,237.8
129,44.27,26.0,48.0,5,1,5,24,48,28,48,145.0,121.6,117.6
129,44.27,30.69,51.75,4,7,16,29,48,32,54,209.5,195.94,193.5
129,44.27,26.67,51.33,2,4,6,26,50,27,53,184.67,91.5,100.17
129,44.27,73.6,51.2,2,3,5,73,50,74,52,181.2,146.6,145.2
129,44.27,77.4,51.2,2,3,5,77,50,78,52,184.0,149.4,147.8
129,44.27,113.6,50.8,2,3,5,113,50,114,52,186.0,151.4,154.0
129,44.27,117.5,51.0,2,3,6,117,50,118,52,181.5,147.33,146.83
129,44.27,23.5,52.5,2,4,8,23,51,24,54,244.12,226.62,238.88
129,44.27,47.83,53.33,4,3,6,46,52,49,54,245.33,235.17,237.0
129,44.27,164.4,72.65,44,26,756,144,60,187,85,222.9,148.69,151.48
129,44.27,186.24,98.14,14,13,59,179,92,192,104,242.88,195.69,233.1
129,44.27,180.82,97.36,5,6,11,179,95,183,100,195.36,76.18,169.45
129,44.27,214.33,110.44,6,2,9,212,110,217,111,211.89,213.56,255.0
129,44.27,204.5,111.0,6,1,6,202,111,207,111,213.67,225.33,255.0
129,44.27,234.14,113.43,5,2,7,232,113,236,114,211.29,220.29,250.71
129,44.27,202.27,129.14,5,10,22,200,125,204,134,244.27,202.68,252.91
129,44.27,148.24,134.41,26,17,190,138,127,163,143,221.49,149.64,85.62
129,44.27,193.88,135.12,8,6,25,190,133,197,138,182.52,132.48,130.56
129,44.27,250.75,135.88,8,4,16,248,135,255,138,198.75,138.56,112.81
129,44.27,280.9,137.1,5,3,10,279,136,283,138,195.2,146.2,164.5
129,44.27,145.43,144.14,4,3,7,144,143,147,145,192.29,126.43,111.86
129,44.27,237.5,144.0,4,3,6,236,143,239,145,212.5,214.5,252.17
129,44.27,79.8,144.6,3,2,5,79,144,81,145,214.4,195.6,246.0
129,44.27,39.2,156.0,3,3,5,38,155,40,157,148.0,211.4,112.0
129,44.27,153.7,159.8,4,3,10,152,159,155,161,141.8,196.7,110.1
129,44.27,164.46,162.18,10,7,39,160,159,169,165,193.44,160.67,148.77
129,44.27,139.04,163.74,6,5,23,136,162,141,166,186.3,158.43,152.91
129,44.27,133.88,167.32,8,6,25,130,164,137,169,157.68,162.12,110.68
129,44.27,28.21,188.42,6,4,19,26,187,31,190,164.95,161.11,58.0
129,44.27,36.25,188.5,6,4,16,34,187,39,190,183.56,165.81,74.81
129,44.27,32.19,192.56,10,2,16,28,192,37,193,161.62,201.88,129.62
129,44.27,21.43,202.29,2,4,7,21,201,22,204,208.29,60.86,77.71
129,44.27,24.88,202.12,4,4,8,24,201,27,204,202.5,59.62,74.25
129,44.27,283.75,206.46,8,4,28,280,205,287,208,155.21,134.89,20.25
129,44.27,192.0,213.0,7,1,7,189,213,195,213,122.57,116.71,102.0
129,44.27,129.14,219.29,5,2,7,127,219,131,220,236.0,249.0,236.0
129,44.27,135.8,219.4,3,2,5,135,219,137,220,227.4,242.6,226.8
129,44.27,155.0,219.25,6,2,8,153,219,158,220,232.12,244.25,231.38
129,44.27,167.43,219.29,5,2,7,165,219,169,220,233.86,254.57,236.57
129,44.27,177.0,219.25,6,2,8,174,219,179,220,236.25,249.62,232.38
129,44.27,188.83,219.33,4,2,6,187,219,190,220,246.0,255.0,242.17
129,44.27,199.2,219.4,3,2,5,198,219,200,220,239.4,246.8,237.8
130,44.3,26.0,48.0,5,1,5,24,48,28,48,145.0,121.6,117.6
130,44.3,30.69,51.75,4,7,16,29,48,32,54,209.5,195.94,193.5
130,44.3,26.67,51.33,2,4,6,26,50,27,53,184.67,91.5,100.17
130,44.3,73.6,51.2,2,3,5,73,50,74,52,181.2,146.6,145.2
130,44.3,77.4,51.2,2,3,5,77,50,78,52,184.0,149.4,147.8
130,44.3,113.6,50.8,2,3,5,113,50,114,52,186.0,151.4,154.0
130,44.3,117.5,51.0,2,3,6,117,50,118,52,181.5,147.33,146.83
130,44.3,23.5,52.5,2,4,8,23,51,24,54,244.12,226.62,238.88
130,44.3,47.83,53.33,4,3,6,46,52,49,54,245.33,235.17,237.0
130,44.3,163.53,71.93,46,27,808,142,59,187,85,221.52,147.7,152.05
130,44.3,185.2,97.62,15,14,61,178,91,192,104,244.8,194.93,235.72
130,44.3,179.1,98.0,4,6,10,178,96,181,101,193.5,88.3,169.9
130,44.3,215.0,111.0,5,1,5,213,111,217,111,222.6,220.4,255.0
130,44.3,204.1,112.3,8,2,10,201,112,208,113,212.3,234.2,254.2
130,44.3,233.2,113.8,4,2,5,232,113,235,114,213.4,215.0,255.0
130,44.3,201.68,129.0,4,9,22,200,125,203,133,246.95,199.73,236.45
130,44.3,148.08,134.85,26,19,199,138,127,163,145,220.59,149.17,87.19
130,44.3,196.58,136.38,6,7,24,194,134,199,140,181.62,128.04,119.58
130,44.3,192.2,136.6,2,4,5,192,135,193,138,201.8,159.2,163.6
130,44.3,252.17,136.83,5,3,12,250,136,254,138,217.33,158.83,136.42
130,44.3,281.6,138.8,4,2,5,280,138,283,139,186.4,137.6,151.8
130,44.3,237.75,145.0,5,3,8,236,144,240,146,207.75,215.12,250.62
130,44.3,52.8,151.6,3,2,5,52,151,54,152,129.6,225.2,90.6
130,44.3,69.8,152.0,3,3,5,69,151,71,153,134.8,221.4,90.6
130,44.3,38.5,156.75,5,6,12,36,154,40,159,135.33,204.67,104.17
130,44.3,153.7,159.8,4,3,10,152,159,155,161,141.8,196.7,110.1
130,44.3,164.68,162.35,10,6,37,160,160,169,165,193.27,161.14,147.92
130,44.3,52.75,162.75,6,2,8,50,162,55,163,128.12,204.5,100.12
130,44.3,139.04,163.74,6,5,23,136,162,141,166,186.3,158.43,152.91
130,44.3,133.81,167.38,8,6,26,130,164,137,169,157.92,164.42,111.81
130,44.3,28.42,188.58,6,4,19,26,187,31,190,162.05,161.26,60.53
130,44.3,36.25,188.5,6,4,16,34,187,39,190,183.56,165.81,74.81
130,44.3,32.19,192.56,10,2,16,28,192,37,193,161.94,201.94,129.81
130,44.3,21.43,202.29,2,4,7,21,201,22,204,208.29,60.86,77.71
130,44.3,24.88,202.12,4,4,8,24,201,27,204,202.5,59.62,74.25
130,44.3,283.75,206.46,8,4,28,280,205,287,208,155.39,134.89,20.25
130,44.3,192.0,213.0,7,1,7,189,213,195,213,122.0,117.0,102.0
130,44.3,129.14,219.29,5,2,7,127,219,131,220,236.0,249.0,236.0
130,44.3,135.8,219.4,3,2,5,135,219,137,220,227.4,242.6,226.8
130,44.3,155.0,219.25,6,2,8,153,219,158,220,232.12,244.25,231.38
130,44.3,167.43,219.29,5,2,7,165,219,169,220,233.86,254.57,236.57
130,44.3,177.0,219.25,6,2,8,174,219,179,220,236.25,249.62,232.38
130,44.3,188.83,219.33,4,2,6,187,219,190,220,246.0,255.0,242.17
130,44.3,199.2,219.4,3,2,5,198,219,200,220,239.4,246.8,237.8
131,44.33,26.0,48.0,5,1,5,24,48,28,48,145.0,121.6,117.6
131,44.33,30.69,51.75,4,7,16,29,48,32,54,209.5,195.94,193.5
131,44.33,26.67,51.33,2,4,6,26,50,27,53,184.67,91.5,100.17
131,44.33,73.6,51.2,2,3,5,73,50,74,52,181.2,146.6,145.2
131,44.33,77.4,51.2,2,3,5,77,50,78,52,184.0,149.4,147.8
131,44.33,113.6,50.8,2,3,5,113,50,114,52,186.0,151.4,154.0
131,44.33,117.5,51.0,2,3,6,117,50,118,52,181.5,147.33,146.83
131,44.33,23.5,52.5,2,4,8,23,51,24,54,244.12,226.62,238.88
131,44.33,47.83,53.33,4,3,6,46,52,49,54,245.33,235.17,237.0
131,44.33,159.88,71.22,56,26,1032,132,59,187,84,219.1,147.84,132.41
131,44.33,179.48,95.95,24,16,263,168,89,191,104,218.78,147.84,156.27
131,44.33,214.38,113.38,6,2,8,212,113,217,114,212.38,218.38,255.0
131,44.33,203.73,114.36,9,2,11,200,114,208,115,211.27,232.91,253.36
131,44.33,235.5,116.5,6,2,8,233,116,238,117,210.25,216.38,253.38
131,44.33,148.1,134.93,26,19,197,138,127,163,145,221.2,148.77,88.26
131,44.33,202.86,128.14,3,4,7,202,127,204,130,238.29,179.0,229.43
131,44.33,204.67,136.87,6,4,15,202,136,207,139,204.8,128.6,133.93
131,44.33,258.4,138.7,6,3,10,256,138,261,140,194.8,135.0,122.7
131,44.33,281.88,141.0,5,3,8,280,140,284,142,176.62,131.62,148.0
131,44.33,237.75,147.0,5,3,8,236,146,240,148,209.5,214.38,251.62
131,44.33,61.29,153.0,4,3,7,60,152,63,154,134.29,209.14,76.43
131,44.33,54.17,153.5,7,2,12,51,153,57,154,141.17,231.92,95.83
131,44.33,28.92,160.75,6,4,12,26,159,31,162,140.25,185.17,94.25
131,44.33,153.67,159.67,4,3,9,152,159,155,161,132.67,187.0,101.56
131,44.33,163.97,162.09,10,6,32,160,160,169,165,193.72,155.16,148.06
131,44.33,138.81,163.52,6,5,21,136,162,141,166,187.33,154.43,152.29
131,44.33,135.31,168.15,4,5,13,134,166,137,170,159.85,150.62,106.54
131,44.33,28.06,188.33,6,4,18,26,187,31,190,176.89,169.61,74.78
131,44.33,36.06,188.33,6,4,18,34,187,39,190,177.0,169.72,74.89
131,44.33,31.31,192.46,8,2,13,28,192,35,193,163.38,199.15,129.85
131,44.33,21.43,202.29,2,4,7,21,201,22,204,208.29,60.86,77.71
131,44.33,24.88,202.12,4,4,8,24,201,27,204,202.5,59.62,74.25
131,44.33,283.75,206.46,8,4,28,280,205,287,208,155.21,134.89,20.25
131,44.33,192.0,213.0,7,1,7,189,213,195,213,122.0,117.0,102.0
131,44.33,215.0,213.0,11,1,11,210,213,220,213,121.82,112.0,101.0
131,44.33,228.5,213.0,10,1,10,224,213,233,213,120.0,108.0,100.0
131,44.33,129.14,219.29,5,2,7,127,219,131,220,235.86,249.0,235.71
131,44.33,135.8,219.4,3,2,5,135,219,137,220,227.4,242.6,226.8
131,44.33,155.0,219.25,6,2,8,153,219,158,220,232.12,244.25,231.38
131,44.33,167.43,219.29,5,2,7,165,219,169,220,233.86,254.57,236.57
131,44.33,177.0,219.25,6,2,8,174,219,179,220,236.25,249.62,232.38
131,44.33,188.83,219.33,4,2,6,187,219,190,220,246.0,255.0,242.17
131,44.33,199.2,219.4,3,2,5,198,219,200,220,239.4,246.8,237.8
132,44.37,26.0,48.0,5,1,5,24,48,28,48,145.0,121.6,117.6
132,44.37,30.69,51.75,4,7,16,29,48,32,54,209.5,195.94,193.5
132,44.37,26.67,51.33,2,4,6,26,50,27,53,184.67,91.5,100.17
132,44.37,73.6,51.2,2,3,5,73,50,74,52,181.2,146.6,145.2
132,44.37,77.4,51.2,2,3,5,77,50,78,52,184.0,149.4,147.8
132,44.37,113.6,50.8,2,3,5,113,50,114,52,186.0,151.4,154.0
132,44.37,117.5,51.0,2,3,6,117,50,118,52,181.5,147.33,146.83
132,44.37,23.5,52.5,2,4,8,23,51,24,54,244.12,226.62,238.88
132,44.37,47.83,53.33,4,3,6,46,52,49,54,245.33,235.17,237.0
132,44.37,158.0,68.73,62,29,1296,128,55,189,83,216.58,144.72,128.35
132,44.37,177.85,94.47,28,17,320,164,87,191,103,216.84,143.8,151.8
132,44.37,215.0,114.0,5,1,5,213,114,217,114,222.6,220.6,255.0
132,44.37,205.0,115.0,7,1,7,202,115,208,115,213.86,235.43,254.71
132,44.37,235.57,117.43,6,2,7,233,117,238,118,211.71,219.0,254.71
132,44.37,158.08,135.0,26,19,202,148,127,173,145,217.17,148.2,87.36
132,44.37,200.64,129.43,6,6,14,198,127,203,132,249.71,193.0,235.79
132,44.37,211.15,137.0,8,4,20,208,136,215,139,210.35,126.7,122.5
132,44.37,260.0,140.18,4,4,11,258,139,261,142,180.55,133.82,143.36
132,44.37,47.12,154.31,8,3,16,44,153,51,155,132.88,213.0,90.0
132,44.37,18.0,160.46,3,6,13,17,158,19,163,143.0,194.0,104.08
132,44.37,174.74,162.06,10,7,34,170,159,179,165,184.09,150.41,146.29
132,44.37,148.84,163.68,6,5,25,146,162,151,166,185.6,158.56,150.84
132,44.37,24.4,163.2,8,2,10,21,163,28,164,135.3,176.8,97.1
132,44.37,35.67,163.5,4,3,6,34,163,37,165,126.83,122.33,56.17
132,44.37,145.0,167.53,4,7,17,144,164,147,170,166.06,146.35,105.29
132,44.37,28.1,188.1,6,5,20,26,186,31,190,172.15,177.75,66.2
132,44.37,36.25,188.5,6,4,16,34,187,39,190,181.62,163.75,72.19
132,44.37,31.31,192.46,8,2,13,28,192,35,193,163.31,199.08,129.77
132,44.37,21.43,202.29,2,4,7,21,201,22,204,208.29,60.86,77.71
132,44.37,24.88,202.12,4,4,8,24,201,27,204,202.5,59.62,74.25
132,44.37,283.75,206.46,8,4,28,280,205,287,208,155.21,134.89,20.25
132,44.37,192.0,213.0,7,1,7,189,213,195,213,122.57,116.71,102.0
132,44.37,219.5,213.0,12,1,12,214,213,225,213,121.08,110.58,102.25
132,44.37,129.14,219.29,5,2,7,127,219,131,220,236.0,249.0,236.0
132,44.37,135.8,219.4,3,2,5,135,219,137,220,227.4,242.6,226.8
132,44.37,155.0,219.25,6,2,8,153,219,158,220,232.12,244.25,231.38
132,44.37,167.43,219.29,5,2,7,165,219,169,220,233.86,254.57,236.57
132,44.37,177.0,219.25,6,2,8,174,219,179,220,236.25,249.62,232.38
132,44.37,188.83,219.33,4,2,6,187,219,190,220,246.0,255.0,242.17
132,44.37,199.2,219.4,3,2,5,198,219,200,220,239.4,246.8,237.8
133,44.4,26.0,48.0,5,1,5,24,48,28,48,145.0,121.6,117.6
133,44.4,30.69,51.75,4,7,16,29,48,32,54,209.5,195.94,193.5
133,44.4,26.67,51.33,2,4,6,26,50,27,53,184.67,91.5,100.17
133,44.4,73.6,51.2,2,3,5,73,50,74,52,181.2,146.6,145.2
133,44.4,77.4,51.2,2,3,5,77,50,78,52,184.0,149.4,147.8
133,44.4,113.5,51.0,2,3,6,113,50,114,52,175.83,139.83,142.33
133,44.4,117.5,51.0,2,3,6,117,50,118,52,182.33,147.0,146.83
133,44.4,23.5,52.5,2,4,8,23,51,24,54,244.12,226.62,238.88
133,44.4,47.83,53.33,4,3,6,46,52,49,54,245.33,235.17,237.0
133,44.4,147.7,65.08,9,5,37,144,63,152,67,208.62,222.19,251.27
133,44.4,161.6,66.7,13,4,40,156,65,168,68,206.88,221.47,234.18
133,44.4,177.55,94.06,32,15,372,162,87,193,101,219.35,147.75,137.59
133,44.4,214.0,117.0,5,1,5,212,117,216,117,215.8,219.2,255.0
133,44.4,232.83,119.67,5,2,6,231,119,235,120,210.33,214.83,253.67
133,44.4,181.39,133.4,40,21,318,164,125,203,145,218.88,147.36,116.99
133,44.4,218.75,140.0,6,4,16,216,139,221,142,192.5,136.5,121.12
133,44.4,263.36,142.18,4,4,11,262,141,265,144,183.55,131.36,141.55
133,44.4,222.6,143.2,2,3,5,222,142,223,144,185.8,154.6,142.4
133,44.4,236.6,150.4,4,2,5,235,150,238,151,211.2,220.8,253.0
133,44.4,25.5,154.5,4,2,8,24,154,27,155,127.75,206.0,81.0
133,44.4,45.0,155.5,4,3,6,44,154,47,156,127.67,203.0,81.17
133,44.4,6.0,159.29,3,4,7,5,158,7,161,145.57,218.29,120.86
133,44.4,1.25,160.38,4,4,8,0,159,3,162,133.75,178.12,96.75
133,44.4,190.18,162.42,10,7,33,186,160,195,166,186.58,154.06,147.79
133,44.4,164.56,163.72,6,5,18,162,162,167,166,191.28,163.5,159.28
133,44.4,160.64,167.43,3,7,14,160,164,162,170,152.5,140.14,97.71
133,44.4,28.18,188.09,6,5,22,26,186,31,190,165.27,174.05,66.77
133,44.4,36.25,188.5,6,4,16,34,187,39,190,175.31,157.38,65.88
133,44.4,31.31,192.46,8,2,13,28,192,35,193,162.92,198.85,129.77
133,44.4,21.43,202.29,2,4,7,21,201,22,204,208.29,60.86,77.71
133,44.4,24.88,202.12,4,4,8,24,201,27,204,202.5,59.62,74.25
133,44.4,283.75,206.46,8,4,28,280,205,287,208,155.39,134.89,20.25
133,44.4,192.0,213.0,7,1,7,189,213,195,213,122.57,116.71,102.0
133,44.4,219.5,213.0,12,1,12,214,213,225,213,121.08,110.58,102.25
133,44.4,129.14,219.29,5,2,7,127,219,131,220,236.0,249.0,236.0
133,44.4,135.8,219.4,3,2,5,135,219,137,220,227.4,242.6,226.8
133,44.4,155.0,219.25,6,2,8,153,219,158,220,232.12,244.25,231.38
133,44.4,167.43,219.29,5,2,7,165,219,169,220,233.86,254.57,236.57
133,44.4,177.0,219.25,6,2,8,174,219,179,220,236.25,249.62,232.38
133,44.4,188.83,219.33,4,2,6,187,219,190,220,246.0,255.0,242.17
133,44.4,199.2,219.4,3,2,5,198,219,200,220,239.4,246.8,237.8
134,44.43,26.0,48.0,5,1,5,24,48,28,48,145.0,121.6,117.6
134,44.43,30.69,51.75,4,7,16,29,48,32,54,209.5,195.94,193.5
134,44.43,26.67,51.33,2,4,6,26,50,27,53,184.67,91.5,100.17
134,44.43,73.6,51.2,2,3,5,73,50,74,52,181.2,146.6,145.2
134,44.43,77.4,51.2,2,3,5,77,50,78,52,184.0,149.4,147.8
134,44.43,117.5,51.0,2,3,6,117,50,118,52,181.5,147.17,147.33
134,44.43,23.5,52.5,2,4,8,23,51,24,54,244.12,226.62,238.88
134,44.43,47.83,53.33,4,3,6,46,52,49,54,245.33,235.17,237.0
134,44.43,175.59,92.7,34,16,422,160,85,193,100,218.96,149.15,136.15
134,44.43,212.33,118.44,6,2,9,210,118,215,119,213.44,215.11,255.0
134,44.43,201.83,119.78,9,3,18,198,119,206,121,210.61,230.78,247.39
134,44.43,233.0,121.5,5,2,6,231,121,235,122,211.83,220.67,251.83
134,44.43,186.74,133.47,28,20,291,174,126,201,145,216.52,146.63,110.84
134,44.43,223.14,141.29,6,4,14,220,140,225,143,195.21,135.21,135.57
134,44.43,266.67,143.67,5,3,9,264,143,268,145,181.11,127.56,132.56
134,44.43,287.62,145.38,4,3,8,286,144,289,146,181.88,128.25,156.75
134,44.43,14.83,154.17,5,2,6,13,154,17,155,136.17,204.67,103.33
134,44.43,199.91,162.0,10,7,33,196,159,205,165,190.27,157.91,159.39
134,44.43,15.5,163.0,4,3,6,14,162,17,164,133.0,81.33,64.33
134,44.43,174.47,163.68,7,6,19,171,162,177,167,199.63,166.32,155.16
134,44.43,169.86,167.45,5,7,22,168,164,172,170,153.86,134.86,97.27
134,44.43,28.16,188.26,6,4,19,26,187,31,190,155.32,169.37,56.11
134,44.43,36.06,188.33,6,4,18,34,187,39,190,177.0,169.72,75.67
134,44.43,31.31,192.46,8,2,13,28,192,35,193,163.69,199.15,129.77
134,44.43,21.43,202.29,2,4,7,21,201,22,204,208.29,60.86,77.71
134,44.43,24.88,202.12,4,4,8,24,201,27,204,202.5,59.62,74.25
134,44.43,283.75,206.46,8,4,28,280,205,287,208,155.39,134.89,20.25
134,44.43,192.0,213.0,7,1,7,189,213,195,213,122.57,116.71,102.0
134,44.43,219.5,213.0,12,1,12,214,213,225,213,121.08,110.58,102.25
134,44.43,129.14,219.29,5,2,7,127,219,131,220,236.0,249.0,236.0
134,44.43,135.8,219.4,3,2,5,135,219,137,220,227.4,242.6,226.8
134,44.43,155.0,219.25,6,2,8,153,219,158,220,232.12,244.25,231.38
134,44.43,167.43,219.29,5,2,7,165,219,169,220,233.86,254.57,236.57
134,44.43,177.0,219.25,6,2,8,174,219,179,220,236.25,249.62,232.38
134,44.43,188.83,219.33,4,2,6,187,219,190,220,246.0,255.0,242.17
134,44.43,199.2,219.4,3,2,5,198,219,200,220,239.4,246.8,237.8
135,44.47,26.0,48.0,5,1,5,24,48,28,48,145.0,121.6,117.6
135,44.47,30.69,51.75,4,7,16,29,48,32,54,209.5,195.94,193.5
135,44.47,26.67,51.33,2,4,6,26,50,27,53,184.67,91.5,100.17
135,44.47,73.6,51.2,2,3,5,73,50,74,52,181.2,146.6,145.2
135,44.47,77.4,51.2,2,3,5,77,50,78,52,184.0,149.4,147.8
135,44.47,113.6,50.8,2,3,5,113,50,114,52,186.0,151.4,154.0
135,44.47,117.5,51.0,2,3,6,117,50,118,52,181.5,147.33,146.83
135,44.47,23.5,52.5,2,4,8,23,51,24,54,244.12,226.62,238.88
135,44.47,47.83,53.33,4,3,6,46,52,49,54,245.33,235.17,237.0
135,44.47,163.5,90.33,8,2,12,160,90,167,91,206.67,226.33,237.33
135,44.47,187.6,92.8,4,2,5,186,92,189,93,208.0,227.2,240.6
135,44.47,200.33,120.44,6,2,9,198,120,203,121,207.78,222.67,250.56
135,44.47,210.5,120.0,6,1,6,208,120,213,120,215.67,228.5,255.0
135,44.47,230.14,122.43,5,2,7,228,122,232,123,210.57,213.0,253.57
135,44.47,188.18,134.25,25,18,252,177,128,201,145,218.63,146.7,97.94
135,44.47,228.08,142.75,5,3,12,226,142,230,144,198.58,133.33,128.25
135,44.47,271.0,145.27,6,4,15,268,144,273,147,173.67,124.07,133.07
135,44.47,82.0,152.5,3,2,6,81,152,83,153,214.0,221.83,250.17
135,44.47,5.6,155.6,4,2,5,4,155,7,156,128.8,215.8,76.2
135,44.47,11.43,156.71,4,3,7,10,156,13,158,139.71,220.57,104.0
135,44.47,201.44,161.33,7,4,18,199,160,205,163,198.89,152.94,164.39
135,44.47,177.32,163.79,6,5,19,174,162,179,166,192.95,162.21,158.21
135,44.47,205.73,164.36,4,4,11,204,163,207,166,175.0,141.82,134.91
135,44.47,172.95,167.81,6,5,21,170,166,175,170,163.67,150.62,115.24
135,44.47,28.1,188.1,6,5,20,26,186,31,190,172.5,178.15,66.6
135,44.47,36.06,188.33,6,4,18,34,187,39,190,176.83,169.56,75.22
135,44.47,32.19,192.56,10,2,16,28,192,37,193,161.5,201.75,129.5
135,44.47,21.43,202.29,2,4,7,21,201,22,204,208.29,60.86,77.71
135,44.47,24.88,202.12,4,4,8,24,201,27,204,202.5,59.62,74.25
135,44.47,283.75,206.46,8,4,28,280,205,287,208,155.39,134.89,20.25
135,44.47,192.0,213.0,7,1,7,189,213,195,213,122.57,116.71,102.0
135,44.47,129.14,219.29,5,2,7,127,219,131,220,236.0,249.0,236.0
135,44.47,135.8,219.4,3,2,5,135,219,137,220,227.4,242.6,226.8
135,44.47,155.0,219.25,6,2,8,153,219,158,220,232.12,244.25,231.38
135,44.47,167.43,219.29,5,2,7,165,219,169,220,233.86,254.57,236.57
135,44.47,177.0,219.25,6,2,8,174,219,179,220,236.25,249.62,232.38
135,44.47,188.83,219.33,4,2,6,187,219,190,220,246.0,255.0,242.17
135,44.47,199.2,219.4,3,2,5,198,219,200,220,239.4,246.8,237.8
136,44.5,26.0,48.0,5,1,5,24,48,28,48,145.0,121.6,117.6
136,44.5,30.69,51.75,4,7,16,29,48,32,54,209.5,195.94,193.5
136,44.5,26.67,51.33,2,4,6,26,50,27,53,184.67,91.5,100.17
136,44.5,73.6,51.2,2,3,5,73,50,74,52,181.2,146.6,145.2
136,44.5,77.4,51.2,2,3,5,77,50,78,52,184.0,149.4,147.8
136,44.5,113.6,50.8,2,3,5,113,50,114,52,186.0,151.4,154.0
136,44.5,117.5,51.0,2,3,6,117,50,118,52,181.5,147.33,146.83
136,44.5,23.5,52.5,2,4,8,23,51,24,54,244.12,226.62,238.88
136,44.5,47.83,53.33,4,3,6,46,52,49,54,245.33,235.17,237.0
136,44.5,156.25,88.25,6,2,8,154,88,159,89,208.62,227.25,242.25
136,44.5,209.25,121.38,6,2,8,207,121,212,122,212.62,219.0,255.0
136,44.5,200.5,122.0,6,1,6,198,122,203,122,211.83,231.33,255.0
136,44.5,230.0,124.5,5,2,6,228,124,232,125,212.83,221.33,253.33
136,44.5,188.11,133.92,25,19,260,177,127,201,145,220.7,148.48,95.57
136,44.5,208.8,145.2,3,3,5,208,144,210,146,250.0,196.4,255.0
136,44.5,234.2,144.6,5,3,10,232,144,236,146,193.6,139.5,112.8
136,44.5,276.17,146.33,5,4,12,274,145,278,148,177.25,117.17,135.42
136,44.5,72.6,153.4,4,2,5,71,153,74,154,216.2,203.0,242.2
136,44.5,18.5,157.7,4,4,10,17,156,20,159,133.8,204.9,78.2
136,44.5,8.4,160.6,2,4,5,8,159,9,162,128.6,216.4,69.4
136,44.5,201.32,161.42,7,4,19,199,160,205,163,197.84,155.26,172.53
136,44.5,177.5,163.78,5,5,18,175,162,179,166,194.44,166.22,158.39
136,44.5,205.6,164.2,4,3,10,204,163,207,165,180.8,134.4,143.4
136,44.5,173.17,168.44,6,4,18,170,167,175,170,167.0,148.33,114.78
136,44.5,28.24,188.19,6,5,21,26,186,31,190,172.62,177.86,70.9
136,44.5,36.18,188.41,6,4,17,34,187,39,190,179.59,167.12,74.82
136,44.5,31.5,192.5,8,2,12,28,192,35,193,159.5,200.58,128.75
136,44.5,37.83,192.67,4,2,6,36,192,39,193,142.0,197.0,118.17
136,44.5,23.25,202.12,7,4,16,21,201,27,204,204.0,59.44,75.88
136,44.5,283.75,206.46,8,4,28,280,205,287,208,155.39,134.89,20.25
136,44.5,192.0,213.0,7,1,7,189,213,195,213,122.57,116.71,102.0
136,44.5,129.14,219.29,5,2,7,127,219,131,220,236.0,249.0,236.0
136,44.5,135.8,219.4,3,2,5,135,219,137,220,227.4,242.6,226.8
136,44.5,155.0,219.25,6,2,8,153,219,158,220,232.12,244.25,231.38
136,44.5,167.43,219.29,5,2,7,165,219,169,220,233.86,254.57,236.57
136,44.5,177.0,219.25,6,2,8,174,219,179,220,236.25,249.62,232.38
136,44.5,188.83,219.33,4,2,6,187,219,190,220,246.0,255.0,242.17
136,44.5,199.2,219.4,3,2,5,198,219,200,220,239.4,246.8,237.8
137,44.53,26.0,48.0,5,1,5,24,48,28,48,145.0,121.6,117.6
137,44.53,30.69,51.75,4,7,16,29,48,32,54,209.5,195.94,193.5
137,44.53,26.67,51.33,2,4,6,26,50,27,53,184.67,91.5,100.17
137,44.53,73.6,51.2,2,3,5,73,50,74,52,181.2,146.6,145.2
137,44.53,77.4,51.2,2,3,5,77,50,78,52,184.0,149.4,147.8
137,44.53,113.6,50.8,2,3,5,113,50,114,52,186.0,151.4,154.0
137,44.53,117.5,51.0,2,3,6,117,50,118,52,181.5,147.33,146.83
137,44.53,23.5,52.5,2,4,8,23,51,24,54,244.12,226.62,238.88
137,44.53,47.83,53.33,4,3,6,46,52,49,54,245.33,235.17,237.0
137,44.53,168.14,86.24,34,17,140,152,78,185,94,213.53,215.61,241.98
137,44.53,198.58,123.58,7,2,12,196,123,202,124,208.5,226.25,250.33
137,44.53,207.5,123.0,6,1,6,205,123,210,123,215.33,228.0,255.0
137,44.53,226.86,125.57,5,2,7,225,125,229,126,210.57,216.14,253.86
137,44.53,186.77,135.05,25,19,207,177,127,201,145,218.16,151.81,91.88
137,44.53,206.4,146.33,3,8,15,205,143,207,150,231.67,207.87,253.67
137,44.53,240.07,146.57,5,4,14,238,145,242,148,180.71,121.29,114.07
137,44.53,6.73,158.55,5,4,11,5,157,9,160,140.82,214.82,79.09
137,44.53,201.65,161.06,7,3,17,199,160,205,162,205.53,154.18,171.82
137,44.53,177.81,163.81,4,5,16,176,162,179,166,199.31,171.06,166.94
137,44.53,205.64,164.09,4,3,11,204,163,207,165,181.09,137.27,137.73
137,44.53,102.2,164.4,3,2,5,101,164,103,165,144.6,208.2,117.0
137,44.53,173.42,168.11,4,5,19,172,166,175,170,160.63,134.0,109.21
137,44.53,28.55,188.2,6,5,20,26,186,31,190,161.6,176.15,69.65
137,44.53,36.25,188.5,6,4,16,34,187,39,190,182.5,164.56,73.06
137,44.53,31.5,192.5,8,2,12,28,192,35,193,159.5,200.17,129.0
137,44.53,37.83,192.67,4,2,6,36,192,39,193,142.0,197.0,118.17
137,44.53,23.25,202.12,7,4,16,21,201,27,204,203.88,59.25,75.44
137,44.53,283.75,206.46,8,4,28,280,205,287,208,155.18,134.96,20.25
137,44.53,192.0,213.0,7,1,7,189,213,195,213,122.0,117.0,102.0
137,44.53,129.14,219.29,5,2,7,127,219,131,220,235.86,249.0,235.71
137,44.53,135.8,219.4,3,2,5,135,219,137,220,227.4,242.6,226.8
137,44.53,155.0,219.25,6,2,8,153,219,158,220,232.0,244.25,231.38
137,44.53,167.43,219.29,5,2,7,165,219,169,220,233.86,254.57,236.57
137,44.53,177.0,219.25,6,2,8,174,219,179,220,236.12,249.62,232.38
137,44.53,188.83,219.33,4,2,6,187,219,190,220,246.0,255.0,242.17
137,44.53,199.2,219.4,3,2,5,198,219,200,220,239.4,246.8,237.8
138,44.57,26.0,48.0,5,1,5,24,48,28,48,145.0,121.6,117.6
138,44.57,30.69,51.75,4,7,16,29,48,32,54,209.5,195.94,193.5
138,44.57,26.67,51.33,2,4,6,26,50,27,53,184.67,91.5,100.17
138,44.57,73.6,51.2,2,3,5,73,50,74,52,181.2,146.6,145.2
138,44.57,77.4,51.2,2,3,5,77,50,78,52,184.0,149.4,147.8
138,44.57,113.6,50.8,2,3,5,113,50,114,52,186.0,151.4,154.0
138,44.57,117.5,51.0,2,3,6,117,50,118,52,181.5,147.33,146.83
138,44.57,23.5,52.5,2,4,8,23,51,24,54,244.12,226.62,238.88
138,44.57,47.83,53.33,4,3,6,46,52,49,54,245.33,235.17,237.0
138,44.57,163.86,80.64,27,27,209,151,68,177,94,219.32,193.91,238.51
138,44.57,195.33,125.89,8,2,9,192,125,199,126,209.33,232.56,254.0
138,44.57,205.5,125.0,6,1,6,203,125,208,125,217.33,223.67,255.0
138,44.57,186.59,135.12,25,18,203,177,128,201,145,216.51,150.63,89.51
138,44.57,226.0,128.0,5,1,5,224,128,228,128,210.2,219.6,252.8
138,44.57,203.67,146.11,6,8,18,201,142,206,149,234.5,198.06,235.0
138,44.57,249.71,148.82,6,5,17,248,147,253,151,191.06,125.35,121.06
138,44.57,78.17,157.33,5,2,6,76,157,80,158,223.0,219.67,250.17
138,44.57,57.38,159.38,4,4,8,56,158,59,161,216.38,205.12,253.0
138,44.57,201.25,161.12,6,4,16,199,160,204,163,211.75,151.5,172.19
138,44.57,177.62,163.46,4,4,13,176,162,179,165,209.54,163.62,166.08
138,44.57,205.73,164.36,4,4,11,204,163,207,166,177.64,138.45,130.91
138,44.57,96.57,165.71,2,4,7,96,164,97,167,144.0,220.14,118.43
138,44.57,173.42,168.11,4,5,19,172,166,175,170,171.11,129.47,99.42
138,44.57,28.1,188.1,6,5,20,26,186,31,190,166.5,174.0,66.7
138,44.57,36.1,188.1,6,5,20,34,186,39,190,170.05,169.55,81.15
138,44.57,31.5,192.17,8,3,12,28,191,35,193,151.75,201.25,124.92
138,44.57,23.25,202.12,7,4,16,21,201,27,204,202.12,59.56,76.06
138,44.57,283.75,206.46,8,4,28,280,205,287,208,155.39,134.89,20.25
138,44.57,192.0,213.0,7,1,7,189,213,195,213,122.57,116.71,102.0
138,44.57,129.14,219.29,5,2,7,127,219,131,220,236.0,249.0,236.0
138,44.57,135.8,219.4,3,2,5,135,219,137,220,227.4,242.6,226.8
138,44.57,155.0,219.25,6,2,8,153,219,158,220,232.12,244.25,231.38
138,44.57,167.43,219.29,5,2,7,165,219,169,220,233.86,254.57,236.57
138,44.57,177.0,219.25,6,2,8,174,219,179,220,236.25,249.62,232.38
138,44.57,188.83,219.33,4,2,6,187,219,190,220,246.0,255.0,242.17
138,44.57,199.2,219.4,3,2,5,198,219,200,220,239.4,246.8,237.8
139,44.6,26.0,48.0,5,1,5,24,48,28,48,145.0,121.6,117.6
139,44.6,30.69,51.75,4,7,16,29,48,32,54,209.5,195.94,193.5
139,44.6,26.67,51.33,2,4,6,26,50,27,53,184.67,91.5,100.17
139,44.6,73.6,51.2,2,3,5,73,50,74,52,181.2,146.6,145.2
139,44.6,77.4,51.2,2,3,5,77,50,78,52,184.0,149.4,147.8
139,44.6,113.6,50.8,2,3,5,113,50,114,52,186.0,151.4,154.0
139,44.6,117.5,51.0,2,3,6,117,50,118,52,181.5,147.33,146.83
139,44.6,23.5,52.5,2,4,8,23,51,24,54,244.12,226.62,238.88
139,44.6,47.83,53.33,4,3,6,46,52,49,54,245.33,235.17,237.0
139,44.6,162.61,79.68,26,24,190,150,68,175,91,224.81,194.98,240.6
139,44.6,175.45,92.82,5,3,11,173,92,177,94,214.27,198.0,230.09
139,44.6,204.33,125.78,7,2,9,201,125,207,126,211.56,219.22,255.0
139,44.6,196.0,126.73,6,3,11,194,126,199,128,210.45,223.09,253.73
139,44.6,177.0,127.0,5,1,5,175,127,179,127,211.2,224.0,250.6
139,44.6,186.56,135.19,25,18,200,177,128,201,145,218.12,150.96,89.64
139,44.6,224.14,128.43,5,2,7,222,128,226,129,212.29,216.71,254.29
139,44.6,203.18,147.47,5,8,17,201,144,205,151,236.88,195.29,230.59
139,44.6,252.57,150.43,7,4,21,250,149,256,152,187.95,143.0,129.86
139,44.6,281.2,150.6,3,2,5,280,150,282,151,200.0,153.8,167.6
139,44.6,75.29,158.29,5,2,7,73,158,77,159,218.86,217.71,243.29
139,44.6,203.5,162.46,9,7,26,199,160,207,166,199.58,150.31,162.04
139,44.6,178.15,163.85,6,4,13,176,162,181,165,198.92,167.46,173.46
139,44.6,94.0,167.59,4,6,17,92,165,95,170,135.65,202.0,88.59
139,44.6,173.59,168.12,4,5,17,172,166,175,170,171.41,128.29,101.71
139,44.6,106.2,168.2,4,2,5,105,168,108,169,130.8,161.0,100.2
139,44.6,28.1,188.1,6,5,20,26,186,31,190,169.25,174.85,63.3
139,44.6,36.05,188.21,6,5,19,34,186,39,190,173.84,171.68,75.79
139,44.6,31.36,192.45,8,2,11,28,192,35,193,155.45,197.36,125.64
139,44.6,37.83,192.67,4,2,6,36,192,39,193,142.83,197.5,119.0
139,44.6,23.25,202.12,7,4,16,21,201,27,204,202.38,59.56,75.44
139,44.6,283.75,206.46,8,4,28,280,205,287,208,155.39,134.89,20.25
139,44.6,192.0,213.0,7,1,7,189,213,195,213,122.57,116.71,102.0
139,44.6,129.14,219.29,5,2,7,127,219,131,220,235.86,249.0,235.71
139,44.6,135.8,219.4,3,2,5,135,219,137,220,227.4,242.6,226.8
139,44.6,155.0,219.25,6,2,8,153,219,158,220,232.12,244.25,231.38
139,44.6,167.43,219.29,5,2,7,165,219,169,220,233.86,254.57,236.57
139,44.6,177.0,219.25,6,2,8,174,219,179,220,236.25,249.62,232.38
139,44.6,188.83,219.33,4,2,6,187,219,190,220,246.0,255.0,242.17
139,44.6,199.2,219.4,3,2,5,198,219,200,220,239.4,246.8,237.8
140,44.63,26.0,48.0,5,1,5,24,48,28,48,145.0,121.6,117.6
140,44.63,30.69,51.75,4,7,16,29,48,32,54,209.5,195.94,193.5
140,44.63,26.67,51.33,2,4,6,26,50,27,53,184.67,91.5,100.17
140,44.63,73.6,51.2,2,3,5,73,50,74,52,181.2,146.6,145.2
140,44.63,77.4,51.2,2,3,5,77,50,78,52,184.0,149.4,147.8
140,44.63,113.6,50.8,2,3,5,113,50,114,52,186.0,151.4,154.0
140,44.63,117.5,51.0,2,3,6,117,50,118,52,181.5,147.33,146.83
140,44.63,23.5,52.5,2,4,8,23,51,24,54,244.12,226.62,238.88
140,44.63,47.83,53.33,4,3,6,46,52,49,54,245.33,235.17,237.0
140,44.63,159.86,74.52,20,38,368,150,56,169,93,235.65,211.37,242.42
140,44.63,185.54,133.4,27,26,239,175,120,201,145,221.77,154.92,110.56
140,44.63,202.0,126.0,5,1,5,200,126,204,126,218.6,209.8,255.0
140,44.63,221.2,128.8,4,2,5,220,128,223,129,213.8,213.2,255.0
140,44.63,203.17,146.83,8,7,18,200,144,207,150,225.17,187.17,226.78
140,44.63,258.1,150.85,6,5,20,256,149,261,153,182.3,121.85,113.1
140,44.63,74.6,159.4,4,2,5,73,159,76,160,214.4,221.2,247.8
140,44.63,201.33,160.93,6,3,15,199,160,204,162,218.33,157.0,177.87
140,44.63,209.2,160.8,3,3,5,208,160,210,162,220.8,210.2,247.0
140,44.63,177.4,163.5,4,4,10,176,162,179,165,213.2,167.0,180.1
140,44.63,205.67,163.92,4,4,12,204,162,207,165,189.58,145.08,148.5
140,44.63,86.27,168.27,3,5,11,85,166,87,170,144.73,206.36,94.27
140,44.63,173.77,168.08,4,5,13,172,166,175,170,169.0,128.92,103.08
140,44.63,28.24,188.19,6,5,21,26,186,31,190,173.67,178.95,72.14
140,44.63,36.25,188.5,6,4,16,34,187,39,190,182.44,164.5,73.56
140,44.63,30.89,192.44,7,2,9,28,192,34,193,152.22,195.67,121.89
140,44.63,37.83,192.67,4,2,6,36,192,39,193,142.5,192.83,114.67
140,44.63,23.25,202.12,7,4,16,21,201,27,204,202.38,59.56,75.44
140,44.63,283.75,206.46,8,4,28,280,205,287,208,155.39,134.89,20.25
140,44.63,192.0,213.0,7,1,7,189,213,195,213,122.57,116.71,102.0
140,44.63,129.14,219.29,5,2,7,127,219,131,220,236.0,249.0,236.0
140,44.63,135.8,219.4,3,2,5,135,219,137,220,227.4,242.6,226.8
140,44.63,155.0,219.25,6,2,8,153,219,158,220,232.12,244.25,231.38
140,44.63,167.43,219.29,5,2,7,165,219,169,220,233.86,254.57,236.57
140,44.63,177.0,219.25,6,2,8,174,219,179,220,236.25,249.62,232.38
140,44.63,188.83,219.33,4,2,6,187,219,190,220,246.0,255.0,242.17
140,44.63,199.2,219.4,3,2,5,198,219,200,220,239.4,246.8,237.8
141,44.67,26.0,48.0,5,1,5,24,48,28,48,145.0,121.6,117.6
141,44.67,30.69,51.75,4,7,16,29,48,32,54,209.5,195.94,193.5
141,44.67,26.67,51.33,2,4,6,26,50,27,53,184.67,91.5,100.17
141,44.67,73.6,51.2,2,3,5,73,50,74,52,181.2,146.6,145.2
141,44.67,77.4,51.2,2,3,5,77,50,78,52,184.0,149.4,147.8
141,44.67,113.6,50.8,2,3,5,113,50,114,52,186.0,151.4,154.0
141,44.67,117.5,51.0,2,3,6,117,50,118,52,181.5,147.33,146.83
141,44.67,23.5,52.5,2,4,8,23,51,24,54,244.12,226.62,238.88
141,44.67,47.83,53.33,4,3,6,46,52,49,54,245.33,235.17,237.0
141,44.67,157.58,71.83,20,41,452,148,52,167,92,235.15,212.51,241.59
141,44.67,184.93,132.94,30,27,250,172,119,201,145,222.72,156.47,113.57
141,44.67,201.0,126.17,5,2,6,199,126,203,127,216.5,215.0,255.0
141,44.67,193.6,127.4,4,2,5,192,127,195,128,212.0,233.0,255.0
141,44.67,203.0,147.05,8,8,19,200,144,207,151,227.58,186.89,227.37
141,44.67,258.67,151.5,2,4,6,258,150,259,153,165.67,98.0,96.83
141,44.67,72.6,159.4,4,2,5,71,159,74,160,214.0,220.6,248.0
141,44.67,201.25,161.12,6,4,16,199,160,204,163,211.88,151.44,172.31
141,44.67,176.77,163.46,6,4,13,174,162,179,165,200.08,160.31,171.08
141,44.67,205.67,163.92,4,4,12,204,162,207,165,191.08,146.67,149.92
141,44.67,81.54,168.31,4,5,13,80,166,83,170,149.62,203.15,93.85
141,44.67,173.59,168.12,4,5,17,172,166,175,170,168.53,132.59,107.94
141,44.67,110.33,169.33,3,3,6,109,168,111,170,130.83,189.5,99.33
141,44.67,28.35,188.25,6,5,20,26,186,31,190,168.3,169.6,64.7
141,44.67,36.25,188.5,6,4,16,34,187,39,190,182.62,164.62,73.69
141,44.67,30.89,192.44,7,2,9,28,192,34,193,152.22,195.67,121.89
141,44.67,37.83,192.67,4,2,6,36,192,39,193,142.5,192.83,114.67
141,44.67,23.25,202.12,7,4,16,21,201,27,204,202.38,59.56,75.44
141,44.67,283.75,206.46,8,4,28,280,205,287,208,155.39,134.89,20.25
141,44.67,192.0,213.0,7,1,7,189,213,195,213,122.57,116.71,102.0
141,44.67,129.14,219.29,5,2,7,127,219,131,220,236.0,249.0,236.0
141,44.67,135.8,219.4,3,2,5,135,219,137,220,227.4,242.6,226.8
141,44.67,155.0,219.25,6,2,8,153,219,158,220,232.12,244.25,231.38
141,44.67,167.43,219.29,5,2,7,165,219,169,220,233.86,254.57,236.57
141,44.67,177.0,219.25,6,2,8,174,219,179,220,236.25,249.62,232.38
141,44.67,188.83,219.33,4,2,6,187,219,190,220,246.0,255.0,242.17
141,44.67,199.2,219.4,3,2,5,198,219,200,220,239.4,246.8,237.8
142,44.7,155.51,67.65,24,47,576,144,45,167,91,241.25,211.01,234.24
142,44.7,26.0,48.0,5,1,5,24,48,28,48,145.0,121.6,117.6
142,44.7,30.69,51.75,4,7,16,29,48,32,54,209.5,195.94,193.5
142,44.7,26.67,51.33,2,4,6,26,50,27,53,184.67,91.5,100.17
142,44.7,73.6,51.2,2,3,5,73,50,74,52,181.2,146.6,145.2
142,44.7,77.4,51.2,2,3,5,77,50,78,52,184.0,149.4,147.8
142,44.7,113.6,50.8,2,3,5,113,50,114,52,186.0,151.4,154.0
142,44.7,117.5,51.0,2,3,6,117,50,118,52,181.5,147.33,146.83
142,44.7,23.5,52.5,2,4,8,23,51,24,54,244.12,226.62,238.88
142,44.7,47.83,53.33,4,3,6,46,52,49,54,245.33,235.17,237.0
142,44.7,172.05,56.68,3,7,19,171,54,173,60,193.79,83.11,172.84
142,44.7,139.0,64.5,1,6,6,139,62,139,67,196.0,54.83,175.33
142,44.7,170.54,69.6,8,10,35,166,65,173,74,192.26,73.43,172.51
142,44.7,137.62,75.15,2,10,13,137,71,138,80,198.0,62.15,176.31
142,44.7,183.21,130.96,30,31,314,172,115,201,145,229.08,173.4,142.31
142,44.7,197.2,126.7,8,3,10,194,126,201,128,212.8,221.5,255.0
142,44.7,217.2,128.8,4,2,5,216,128,219,129,213.8,213.2,255.0
142,44.7,203.36,146.18,5,5,11,201,144,205,148,227.64,186.82,223.91
142,44.7,201.0,150.64,4,5,11,200,149,203,153,192.18,128.73,156.36
142,44.7,262.55,151.18,5,4,11,260,150,264,153,179.64,121.64,138.55
142,44.7,201.31,160.88,6,4,16,199,159,204,162,215.69,155.38,180.25
142,44.7,177.25,163.44,7,4,16,174,162,180,165,195.38,166.12,167.12
142,44.7,86.0,163.0,5,1,5,84,163,88,163,130.8,211.4,101.0
142,44.7,205.6,164.2,4,3,10,204,163,207,165,179.1,136.5,144.4
142,44.7,173.32,167.5,5,7,22,172,164,176,170,156.91,133.27,102.45
142,44.7,73.5,168.29,4,5,14,72,166,75,170,144.21,206.5,69.86
142,44.7,28.18,188.41,6,4,17,26,187,31,190,174.76,165.82,59.76
142,44.7,36.06,188.33,6,4,18,34,187,39,190,181.28,173.72,79.89
142,44.7,30.5,192.5,6,2,8,28,192,33,193,148.62,191.88,118.38
142,44.7,37.8,192.8,4,2,5,36,192,39,193,132.6,184.6,105.2
142,44.7,23.25,202.12,7,4,16,21,201,27,204,202.38,59.56,75.44
142,44.7,283.75,206.46,8,4,28,280,205,287,208,155.39,134.89,20.25
142,44.7,192.0,213.0,7,1,7,189,213,195,213,122.57,116.71,102.0
142,44.7,129.14,219.29,5,2,7,127,219,131,220,236.0,249.0,236.0
142,44.7,135.8,219.4,3,2,5,135,219,137,220,227.4,242.6,226.8
142,44.7,155.0,219.25,6,2,8,153,219,158,220,232.12,244.25,231.38
142,44.7,167.43,219.29,5,2,7,165,219,169,220,233.86,254.57,236.57
142,44.7,177.0,219.25,6,2,8,174,219,179,220,236.25,249.62,232.38
142,44.7,188.83,219.33,4,2,6,187,219,190,220,246.0,255.0,242.17
142,44.7,199.2,219.4,3,2,5,198,219,200,220,239.4,246.8,237.8
143,44.73,154.17,66.36,25,46,623,143,45,167,90,241.43,212.99,237.23
143,44.73,26.0,48.0,5,1,5,24,48,28,48,145.0,121.6,117.6
143,44.73,30.69,51.75,4,7,16,29,48,32,54,209.5,195.94,193.5
143,44.73,173.0,50.0,1,5,5,173,48,173,52,195.8,75.4,176.4
143,44.73,26.67,51.33,2,4,6,26,50,27,53,184.67,91.5,100.17
143,44.73,73.6,51.2,2,3,5,73,50,74,52,181.2,146.6,145.2
143,44.73,77.4,51.2,2,3,5,77,50,78,52,184.0,149.4,147.8
143,44.73,113.6,50.8,2,3,5,113,50,114,52,186.0,151.4,154.0
143,44.73,117.5,51.0,2,3,6,117,50,118,52,181.5,147.33,146.83
143,44.73,137.92,62.08,10,24,64,134,50,143,73,195.42,63.89,169.09
143,44.73,23.5,52.5,2,4,8,23,51,24,54,244.12,226.62,238.88
143,44.73,47.83,53.33,4,3,6,46,52,49,54,245.33,235.17,237.0
143,44.73,169.85,70.0,9,11,48,166,64,174,74,202.94,72.69,172.21
143,44.73,174.17,123.96,11,23,147,169,113,179,135,237.77,207.45,240.63
143,44.73,166.2,119.4,2,4,5,166,118,167,121,191.4,71.0,166.8
143,44.73,192.07,133.96,26,19,210,182,126,207,144,222.14,159.03,104.23
143,44.73,189.29,144.14,4,3,7,188,143,191,145,199.71,128.57,144.0
143,44.73,266.55,151.18,5,4,11,264,150,268,153,179.64,121.64,138.55
143,44.73,207.86,161.79,9,7,29,204,159,212,165,205.0,151.0,171.28
143,44.73,80.5,162.4,7,2,10,77,162,83,163,137.8,210.0,95.6
143,44.73,183.5,163.0,4,3,8,182,162,185,164,223.5,177.88,194.25
143,44.73,66.25,168.0,3,5,12,65,166,67,170,148.75,205.33,101.25
143,44.73,178.57,167.93,4,5,14,177,166,180,170,155.86,128.93,108.0
143,44.73,28.3,188.5,6,4,20,26,187,31,190,173.8,177.35,74.3
143,44.73,36.21,188.42,6,4,19,34,187,39,190,177.42,177.89,85.84
143,44.73,30.5,192.5,6,2,8,28,192,33,193,141.12,184.62,110.75
143,44.73,1.17,193.33,4,2,6,0,193,3,194,138.5,150.83,92.5
143,44.73,208.5,196.0,10,1,10,204,196,213,196,122.3,109.2,93.4
143,44.73,23.25,202.12,7,4,16,21,201,27,204,202.38,59.56,75.44
143,44.73,283.75,206.46,8,4,28,280,205,287,208,155.43,134.86,20.25
143,44.73,192.0,213.0,7,1,7,189,213,195,213,122.57,116.71,102.0
143,44.73,129.14,219.29,5,2,7,127,219,131,220,236.0,249.0,236.0
143,44.73,135.8,219.4,3,2,5,135,219,137,220,227.4,242.6,226.8
143,44.73,155.0,219.25,6,2,8,153,219,158,220,232.0,244.25,231.38
143,44.73,167.43,219.29,5,2,7,165,219,169,220,233.86,254.57,236.57
143,44.73,177.0,219.25,6,2,8,174,219,179,220,236.25,249.62,232.38
143,44.73,188.83,219.33,4,2,6,187,219,190,220,246.0,255.0,242.17
143,44.73,199.2,219.4,3,2,5,198,219,200,220,239.4,246.8,237.8
144,44.77,26.0,48.0,5,1,5,24,48,28,48,145.0,121.6,117.6
144,44.77,30.69,51.75,4,7,16,29,48,32,54,209.5,195.94,193.5
144,44.77,26.67,51.33,2,4,6,26,50,27,53,184.67,91.5,100.17
144,44.77,73.6,51.2,2,3,5,73,50,74,52,181.2,146.6,145.2
144,44.77,77.4,51.2,2,3,5,77,50,78,52,184.0,149.4,147.8
144,44.77,113.6,50.8,2,3,5,113,50,114,52,186.0,151.4,154.0
144,44.77,117.5,51.0,2,3,6,117,50,118,52,181.5,147.33,146.83
144,44.77,23.5,52.5,2,4,8,23,51,24,54,244.12,226.62,238.88
144,44.77,47.83,53.33,4,3,6,46,52,49,54,245.33,235.17,237.0
144,44.77,171.81,123.46,13,25,173,166,111,178,135,240.28,211.53,236.83
144,44.77,166.15,116.46,5,8,13,164,113,168,120,198.31,83.69,170.62
144,44.77,180.5,122.5,2,10,12,180,118,181,127,201.25,66.42,167.08
144,44.77,194.5,126.0,6,1,6,192,126,197,126,214.33,209.17,254.33
144,44.77,162.0,129.5,1,6,6,162,127,162,132,188.17,76.17,168.33
144,44.77,186.0,127.0,5,1,5,184,127,188,127,212.6,219.8,255.0
144,44.77,203.05,134.59,26,18,220,192,128,217,145,220.9,160.96,108.24
144,44.77,174.75,132.75,3,4,8,174,131,176,134,194.25,106.12,167.0
144,44.77,190.78,152.13,14,9,86,184,148,197,156,211.59,157.69,150.22
144,44.77,271.36,151.64,4,4,11,270,150,273,153,188.09,135.18,145.27
144,44.77,288.4,153.2,2,3,5,288,152,289,154,176.2,151.8,150.4
144,44.77,217.9,161.81,8,7,21,214,159,221,165,208.95,149.9,168.19
144,44.77,86.6,162.2,2,3,5,86,161,87,163,138.6,211.0,55.2
144,44.77,192.45,163.18,6,3,11,190,162,195,164,204.55,156.45,170.91
144,44.77,73.2,163.2,4,2,5,72,163,75,164,129.0,219.2,61.8
144,44.77,62.8,164.6,3,2,5,62,164,64,165,140.2,201.0,105.6
144,44.77,57.11,167.67,3,4,9,56,166,58,169,145.0,205.11,91.67
144,44.77,189.06,168.24,5,5,17,187,166,191,170,156.35,141.88,115.47
144,44.77,28.06,188.33,6,4,18,26,187,31,190,180.06,176.33,68.17
144,44.77,36.06,188.33,6,4,18,34,187,39,190,182.17,174.56,80.5
144,44.77,30.57,192.57,6,2,7,28,192,33,193,143.86,188.43,114.0
144,44.77,1.17,193.33,4,2,6,0,193,3,194,138.67,151.0,91.33
144,44.77,23.25,202.12,7,4,16,21,201,27,204,202.38,59.56,75.44
144,44.77,283.75,206.46,8,4,28,280,205,287,208,155.43,134.86,20.25
144,44.77,192.0,213.0,7,1,7,189,213,195,213,122.57,116.71,102.0
144,44.77,129.14,219.29,5,2,7,127,219,131,220,236.0,249.0,236.0
144,44.77,135.8,219.4,3,2,5,135,219,137,220,227.4,242.6,226.8
144,44.77,155.0,219.25,6,2,8,153,219,158,220,232.0,244.25,231.38
144,44.77,167.43,219.29,5,2,7,165,219,169,220,233.86,254.57,236.57
144,44.77,177.0,219.25,6,2,8,174,219,179,220,236.25,249.62,232.38
144,44.77,188.83,219.33,4,2,6,187,219,190,220,246.0,255.0,242.17
144,44.77,199.2,219.4,3,2,5,198,219,200,220,239.4,246.8,237.8
145,44.8,26.0,48.0,5,1,5,24,48,28,48,145.0,121.6,117.6
145,44.8,30.69,51.75,4,7,16,29,48,32,54,209.5,195.94,193.5
145,44.8,26.67,51.33,2,4,6,26,50,27,53,184.67,91.5,100.17
145,44.8,73.6,51.2,2,3,5,73,50,74,52,181.2,146.6,145.2
145,44.8,77.4,51.2,2,3,5,77,50,78,52,184.0,149.4,147.8
145,44.8,113.6,50.8,2,3,5,113,50,114,52,186.0,151.4,154.0
145,44.8,117.5,51.0,2,3,6,117,50,118,52,181.5,147.33,146.83
145,44.8,23.5,52.5,2,4,8,23,51,24,54,244.12,226.62,238.88
145,44.8,47.83,53.33,4,3,6,46,52,49,54,245.33,235.17,237.0
145,44.8,167.9,115.62,10,6,21,164,113,173,118,195.38,85.24,167.29
145,44.8,169.59,123.49,23,23,138,158,113,180,135,240.73,198.98,235.13
145,44.8,179.57,123.57,4,4,7,178,122,181,125,200.57,62.14,167.29
145,44.8,156.06,128.61,5,8,18,154,125,158,132,190.89,80.78,166.33
145,44.8,173.23,129.83,9,8,30,169,126,177,133,202.43,74.5,165.87
145,44.8,191.0,126.0,5,1,5,189,126,193,126,211.0,212.0,252.2
145,44.8,217.13,134.55,25,19,208,207,127,231,145,216.23,150.66,91.85
145,44.8,166.2,134.8,4,2,5,165,134,168,135,196.6,103.6,171.0
145,44.8,277.25,152.25,4,3,8,276,151,279,153,178.12,133.12,138.88
145,44.8,233.73,161.92,8,7,26,230,159,237,165,203.31,150.77,166.31
145,44.8,77.14,162.29,4,3,7,76,161,79,163,143.57,213.0,99.0
145,44.8,62.29,162.57,5,2,7,60,162,64,163,125.71,207.29,78.86
145,44.8,68.89,162.44,7,2,9,66,162,72,163,139.44,228.78,102.78
145,44.8,205.36,166.48,8,9,33,202,162,209,170,170.03,149.61,131.94
145,44.8,28.06,188.33,6,4,18,26,187,31,190,180.06,176.17,68.78
145,44.8,36.06,188.33,6,4,18,34,187,39,190,188.28,181.56,99.72
145,44.8,30.57,192.57,6,2,7,28,192,33,193,142.71,187.0,112.86
145,44.8,1.17,193.33,4,2,6,0,193,3,194,138.17,150.33,91.5
145,44.8,206.5,196.0,6,1,6,204,196,209,196,122.33,108.83,94.17
145,44.8,23.25,202.12,7,4,16,21,201,27,204,202.38,59.56,75.44
145,44.8,283.75,206.46,8,4,28,280,205,287,208,155.43,134.86,20.25
145,44.8,192.0,213.0,7,1,7,189,213,195,213,122.57,116.71,102.0
145,44.8,129.14,219.29,5,2,7,127,219,131,220,236.0,249.0,236.0
145,44.8,135.8,219.4,3,2,5,135,219,137,220,227.4,242.6,226.8
145,44.8,155.0,219.25,6,2,8,153,219,158,220,232.0,244.25,231.38
145,44.8,167.43,219.29,5,2,7,165,219,169,220,233.86,254.57,236.57
145,44.8,177.0,219.25,6,2,8,174,219,179,220,236.25,249.62,232.38
145,44.8,188.83,219.33,4,2,6,187,219,190,220,246.0,255.0,242.17
145,44.8,199.2,219.4,3,2,5,198,219,200,220,239.4,246.8,237.8
146,44.83,26.0,48.0,5,1,5,24,48,28,48,145.0,121.6,117.6
146,44.83,30.69,51.75,4,7,16,29,48,32,54,209.5,195.94,193.5
146,44.83,26.67,51.33,2,4,6,26,50,27,53,184.67,91.5,100.17
146,44.83,73.6,51.2,2,3,5,73,50,74,52,181.2,146.6,145.2
146,44.83,77.4,51.2,2,3,5,77,50,78,52,184.0,149.4,147.8
146,44.83,113.6,50.8,2,3,5,113,50,114,52,186.0,151.4,154.0
146,44.83,117.5,51.0,2,3,6,117,50,118,52,181.5,147.33,146.83
146,44.83,23.5,52.5,2,4,8,23,51,24,54,244.12,226.62,238.88
146,44.83,47.83,53.33,4,3,6,46,52,49,54,245.33,235.17,237.0
146,44.83,163.24,117.26,15,13,50,157,111,171,123,201.16,86.8,167.06
146,44.83,167.73,122.74,24,24,178,156,112,179,135,238.89,201.48,231.53
146,44.83,179.92,121.0,4,8,13,178,117,181,124,195.62,65.31,167.08
146,44.83,170.41,130.63,13,11,49,164,125,176,135,207.65,82.02,165.39
146,44.83,153.38,128.81,4,7,16,152,126,155,132,198.25,87.12,160.0
146,44.83,185.18,126.64,8,3,11,182,126,189,128,216.09,215.45,254.0
146,44.83,227.22,134.35,24,17,203,218,127,241,143,217.24,147.33,91.56
146,44.83,206.14,129.43,5,2,7,204,129,208,130,214.29,224.86,253.86
146,44.83,162.4,136.4,4,2,5,161,136,164,137,186.8,72.4,159.0
146,44.83,222.2,144.0,3,3,5,221,143,223,145,221.6,143.0,176.8
146,44.83,281.33,152.11,4,3,9,280,151,283,153,190.89,136.33,124.44
146,44.83,194.71,152.43,4,2,7,193,152,196,153,209.43,224.86,233.43
146,44.83,242.17,161.11,6,5,18,240,159,245,163,201.17,151.06,158.83
146,44.83,63.1,162.0,5,3,10,61,161,65,163,141.1,196.1,106.4
146,44.83,54.7,162.6,6,2,10,52,162,57,163,129.1,211.0,75.3
146,44.83,71.29,162.43,4,2,7,70,162,73,163,135.0,213.0,57.57
146,44.83,217.8,163.6,6,4,15,216,162,221,165,192.27,145.27,155.07
146,44.83,246.12,164.12,3,3,8,245,163,247,165,185.75,141.62,143.5
146,44.83,37.11,166.78,4,5,9,36,165,39,169,149.89,211.89,98.22
146,44.83,213.76,168.18,4,6,17,212,165,215,170,165.18,151.65,122.12
146,44.83,27.76,188.29,8,5,21,24,186,31,190,180.71,191.62,80.0
146,44.83,36.1,188.1,6,5,20,34,186,39,190,180.5,182.05,85.55
146,44.83,30.89,192.44,7,2,9,28,192,34,193,143.11,187.33,114.0
146,44.83,37.8,192.8,4,2,5,36,192,39,193,133.2,190.8,110.0
146,44.83,1.5,193.5,4,2,8,0,193,3,194,147.38,148.75,97.5
146,44.83,23.25,202.12,7,4,16,21,201,27,204,202.38,59.62,75.5
146,44.83,283.75,206.46,8,4,28,280,205,287,208,155.43,134.86,20.25
146,44.83,192.0,213.0,7,1,7,189,213,195,213,122.57,116.71,102.0
146,44.83,129.14,219.29,5,2,7,127,219,131,220,236.0,249.0,236.0
146,44.83,135.8,219.4,3,2,5,135,219,137,220,227.4,242.6,226.8
146,44.83,155.0,219.25,6,2,8,153,219,158,220,232.0,244.25,231.38
146,44.83,167.43,219.29,5,2,7,165,219,169,220,233.86,254.57,236.57
146,44.83,177.0,219.25,6,2,8,174,219,179,220,236.25,249.62,232.38
146,44.83,188.83,219.33,4,2,6,187,219,190,220,246.0,255.0,242.17
146,44.83,199.2,219.4,3,2,5,198,219,200,220,239.4,246.8,237.8
147,44.87,26.0,48.0,5,1,5,24,48,28,48,145.0,121.6,117.6
147,44.87,30.69,51.75,4,7,16,29,48,32,54,209.5,195.94,193.5
147,44.87,26.67,51.33,2,4,6,26,50,27,53,184.67,91.5,100.17
147,44.87,73.6,51.2,2,3,5,73,50,74,52,181.2,146.6,145.2
147,44.87,77.4,51.2,2,3,5,77,50,78,52,184.0,149.4,147.8
147,44.87,113.6,50.8,2,3,5,113,50,114,52,186.0,151.4,154.0
147,44.87,117.5,51.0,2,3,6,117,50,118,52,181.5,147.33,146.83
147,44.87,23.5,52.5,2,4,8,23,51,24,54,244.12,226.62,238.88
147,44.87,47.83,53.33,4,3,6,46,52,49,54,245.33,235.17,237.0
147,44.87,163.72,123.86,48,27,810,140,111,187,137,220.06,148.62,151.37
147,44.87,242.48,134.82,26,19,213,232,127,257,145,218.77,148.72,95.21
147,44.87,199.62,129.62,5,2,8,198,129,202,130,213.38,227.25,251.88
147,44.87,316.46,145.69,7,3,13,313,145,319,147,214.15,230.62,249.31
147,44.87,186.45,151.45,19,10,56,177,147,195,156,219.45,217.41,248.88
147,44.87,258.15,161.45,7,6,20,255,159,261,164,183.2,154.3,153.45
147,44.87,35.5,160.33,4,2,6,34,160,37,161,127.5,179.17,97.17
147,44.87,40.09,161.68,8,4,22,36,160,43,163,138.23,205.5,89.86
147,44.87,232.95,163.21,6,5,19,230,161,235,165,192.95,151.21,167.21
147,44.87,59.83,162.67,4,2,6,58,162,61,163,157.83,231.33,92.67
147,44.87,33.2,163.8,4,2,5,32,163,35,164,134.4,214.4,102.6
147,44.87,20.57,167.71,2,4,7,20,166,21,169,155.0,219.86,102.71
147,44.87,229.33,168.06,4,5,18,228,166,231,170,169.33,133.17,129.89
147,44.87,40.8,170.4,2,4,5,40,169,41,172,125.8,102.2,71.0
147,44.87,27.4,171.8,8,3,10,24,171,31,173,132.2,181.9,83.2
147,44.87,28.1,188.1,6,5,20,26,186,31,190,169.05,174.7,63.0
147,44.87,36.06,188.33,6,4,18,34,187,39,190,176.06,168.44,75.56
147,44.87,31.5,192.5,8,2,12,28,192,35,193,161.33,201.08,130.33
147,44.87,23.25,202.12,7,4,16,21,201,27,204,202.38,59.56,75.44
147,44.87,283.75,206.46,8,4,28,280,205,287,208,155.43,134.86,20.25
147,44.87,192.0,213.0,7,1,7,189,213,195,213,122.57,116.71,102.0
147,44.87,129.14,219.29,5,2,7,127,219,131,220,236.0,249.0,236.0
147,44.87,135.8,219.4,3,2,5,135,219,137,220,227.4,242.6,226.8
147,44.87,155.0,219.25,6,2,8,153,219,158,220,232.0,244.25,231.38
147,44.87,167.43,219.29,5,2,7,165,219,169,220,233.86,254.57,236.57
147,44.87,177.0,219.25,6,2,8,174,219,179,220,236.25,249.62,232.38
147,44.87,188.83,219.33,4,2,6,187,219,190,220,246.0,255.0,242.17
147,44.87,199.2,219.4,3,2,5,198,219,200,220,239.4,246.8,237.8
148,44.9,26.0,48.0,5,1,5,24,48,28,48,145.0,121.6,117.6
148,44.9,30.69,51.75,4,7,16,29,48,32,54,209.5,195.94,193.5
148,44.9,26.67,51.33,2,4,6,26,50,27,53,184.67,91.5,100.17
148,44.9,73.6,51.2,2,3,5,73,50,74,52,181.2,146.6,145.2
148,44.9,77.4,51.2,2,3,5,77,50,78,52,184.0,149.4,147.8
148,44.9,113.6,50.8,2,3,5,113,50,114,52,186.0,151.4,154.0
148,44.9,117.5,51.0,2,3,6,117,50,118,52,181.5,147.33,146.83
148,44.9,23.5,52.5,2,4,8,23,51,24,54,244.12,226.62,238.88
148,44.9,47.83,53.33,4,3,6,46,52,49,54,245.33,235.17,237.0
148,44.9,160.68,123.69,50,29,966,136,110,185,138,219.81,148.08,150.59
148,44.9,252.71,134.43,26,19,205,242,127,267,145,219.03,150.08,91.94
148,44.9,194.14,129.43,5,2,7,192,129,196,130,213.29,226.43,253.29
148,44.9,246.62,143.38,4,4,8,245,142,248,145,219.88,133.12,158.75
148,44.9,311.25,145.7,12,3,20,306,145,317,147,213.8,233.55,245.95
148,44.9,184.55,151.52,22,10,67,174,147,195,156,219.9,218.72,247.22
148,44.9,267.36,161.32,8,6,25,264,159,271,164,186.84,150.36,152.68
148,44.9,25.8,161.6,8,4,20,22,160,29,163,135.1,207.8,78.15
148,44.9,33.2,161.0,3,3,5,32,160,34,162,140.8,225.8,108.8
148,44.9,47.88,161.5,3,4,8,47,160,49,163,140.25,190.62,70.75
148,44.9,242.89,163.63,6,6,19,240,161,245,166,183.11,146.0,159.37
148,44.9,5.75,169.31,6,7,16,3,166,8,172,140.0,212.5,88.25
148,44.9,239.33,168.06,4,5,18,238,166,241,170,153.67,141.61,104.11
148,44.9,26.71,169.86,2,5,7,26,168,27,172,128.0,103.14,70.29
148,44.9,273.6,169.8,4,2,5,272,169,275,170,130.8,209.2,110.4
148,44.9,28.1,188.1,6,5,20,26,186,31,190,174.8,180.55,69.0
148,44.9,36.06,188.33,6,4,18,34,187,39,190,182.0,174.5,80.33
148,44.9,32.4,192.6,10,2,15,28,192,37,193,160.53,204.07,130.27
148,44.9,23.25,202.12,7,4,16,21,201,27,204,202.38,59.56,75.44
148,44.9,283.75,206.46,8,4,28,280,205,287,208,155.43,134.86,20.25
148,44.9,192.0,213.0,7,1,7,189,213,195,213,122.57,116.71,102.0
148,44.9,129.14,219.29,5,2,7,127,219,131,220,236.0,249.0,236.0
148,44.9,135.8,219.4,3,2,5,135,219,137,220,227.4,242.6,226.8
148,44.9,155.0,219.25,6,2,8,153,219,158,220,232.0,244.25,231.38
148,44.9,167.43,219.29,5,2,7,165,219,169,220,233.86,254.57,236.57
148,44.9,177.0,219.25,6,2,8,174,219,179,220,236.25,249.62,232.38
148,44.9,188.83,219.33,4,2,6,187,219,190,220,246.0,255.0,242.17
148,44.9,199.2,219.4,3,2,5,198,219,200,220,239.4,246.8,237.8
149,44.93,26.0,48.0,5,1,5,24,48,28,48,145.0,121.6,117.6
149,44.93,30.69,51.75,4,7,16,29,48,32,54,209.5,195.94,193.5
149,44.93,26.67,51.33,2,4,6,26,50,27,53,184.67,91.5,100.17
149,44.93,73.6,51.2,2,3,5,73,50,74,52,181.2,146.6,145.2
149,44.93,77.4,51.2,2,3,5,77,50,78,52,184.0,149.4,147.8
149,44.93,113.6,50.8,2,3,5,113,50,114,52,186.0,151.4,154.0
149,44.93,117.5,51.0,2,3,6,117,50,118,52,181.5,147.33,146.83
149,44.93,23.5,52.5,2,4,8,23,51,24,54,244.12,226.62,238.88
149,44.93,47.83,53.33,4,3,6,46,52,49,54,245.33,235.17,237.0
149,44.93,159.25,124.71,60,27,1174,130,112,189,138,219.52,146.44,132.37
149,44.93,262.66,133.98,26,17,200,252,127,277,143,218.69,150.09,90.75
149,44.93,257.75,143.5,5,4,8,256,142,260,145,200.25,109.25,130.62
149,44.93,186.97,151.08,17,15,75,179,144,195,158,232.92,200.63,246.43
149,44.93,309.42,145.61,21,3,33,299,145,319,147,215.42,231.42,250.97
149,44.93,277.58,161.67,8,6,24,274,159,281,164,191.0,144.71,153.29
149,44.93,14.58,161.47,7,4,19,11,160,17,163,137.05,208.11,76.89
149,44.93,29.82,161.5,10,4,22,25,160,34,163,135.09,200.82,97.68
149,44.93,37.5,162.0,4,3,8,36,161,39,163,151.75,200.88,79.25
149,44.93,252.59,163.5,6,5,22,250,162,255,166,192.23,149.64,154.32
149,44.93,249.25,167.75,4,6,20,248,165,251,170,159.0,136.85,110.95
149,44.93,15.2,168.6,3,2,5,14,168,16,169,126.2,87.4,62.4
149,44.93,283.17,169.33,4,2,6,282,169,285,170,141.67,205.83,121.5
149,44.93,1.86,172.43,4,3,7,0,171,3,173,132.29,181.57,79.14
149,44.93,28.06,188.33,6,4,18,26,187,31,190,175.28,171.06,80.11
149,44.93,36.06,188.33,6,4,18,34,187,39,190,181.83,174.28,80.44
149,44.93,30.67,192.56,6,2,9,28,192,33,193,153.78,194.67,121.78
149,44.93,23.25,202.12,7,4,16,21,201,27,204,202.38,59.56,75.44
149,44.93,283.75,206.46,8,4,28,280,205,287,208,155.39,134.89,20.25
149,44.93,192.0,213.0,7,1,7,189,213,195,213,122.0,117.0,102.0
149,44.93,129.14,219.29,5,2,7,127,219,131,220,236.0,249.0,236.0
149,44.93,135.8,219.4,3,2,5,135,219,137,220,227.4,242.6,226.8
149,44.93,155.0,219.25,6,2,8,153,219,158,220,232.0,244.25,231.38
149,44.93,167.43,219.29,5,2,7,165,219,169,220,233.86,254.57,236.57
149,44.93,177.0,219.25,6,2,8,174,219,179,220,236.25,249.62,232.38
149,44.93,188.83,219.33,4,2,6,187,219,190,220,246.0,255.0,242.17
149,44.93,199.2,219.4,3,2,5,198,219,200,220,239.4,246.8,237.8
150,44.97,26.0,48.0,5,1,5,24,48,28,48,145.0,121.6,117.6
150,44.97,30.69,51.75,4,7,16,29,48,32,54,209.5,195.94,193.5
150,44.97,26.67,51.33,2,4,6,26,50,27,53,184.67,91.5,100.17
150,44.97,73.6,51.2,2,3,5,73,50,74,52,181.2,146.6,145.2
150,44.97,77.4,51.2,2,3,5,77,50,78,52,184.0,149.4,147.8
150,44.97,113.6,50.8,2,3,5,113,50,114,52,186.0,151.4,154.0
150,44.97,117.5,51.0,2,3,6,117,50,118,52,181.5,147.33,146.83
150,44.97,23.5,52.5,2,4,8,23,51,24,54,244.12,226.62,238.88
150,44.97,47.83,53.33,4,3,6,46,52,49,54,245.33,235.17,237.0
150,44.97,132.9,119.55,9,4,20,129,118,137,121,206.65,223.3,246.05
150,44.97,168.38,125.12,7,2,8,165,125,171,126,206.62,224.62,248.75
150,44.97,267.95,134.61,26,18,208,258,127,283,144,218.27,147.97,95.72
150,44.97,182.28,149.82,10,23,120,178,139,187,161,232.84,207.24,236.68
150,44.97,294.25,145.7,12,3,20,289,145,300,147,213.95,232.75,247.65
150,44.97,306.5,145.75,9,2,12,303,145,311,146,213.92,229.5,253.17
150,44.97,315.82,146.55,7,2,11,313,146,319,147,208.55,226.73,248.91
150,44.97,14.4,161.2,2,3,5,14,160,15,162,131.4,201.6,45.2
150,44.97,282.3,161.2,6,4,20,280,160,285,163,191.6,148.35,153.0
150,44.97,258.1,163.2,5,3,10,256,162,260,164,208.9,162.6,195.0
150,44.97,254.25,168.15,6,5,20,252,166,257,170,163.4,151.8,114.55
150,44.97,11.0,172.22,4,4,9,10,171,13,174,136.0,163.11,102.44
150,44.97,36.1,188.1,6,5,20,34,186,39,190,186.35,188.9,91.25
150,44.97,26.79,188.86,10,5,28,22,187,31,191,164.82,192.11,85.14
150,44.97,30.5,192.5,6,2,8,28,192,33,193,143.88,186.75,113.25
150,44.97,37.8,192.8,4,2,5,36,192,39,193,135.4,188.6,109.2
150,44.97,1.17,193.33,4,2,6,0,193,3,194,145.5,158.5,100.17
150,44.97,23.25,202.12,7,4,16,21,201,27,204,202.38,59.62,75.5
150,44.97,283.75,206.46,8,4,28,280,205,287,208,155.18,134.96,20.25
150,44.97,192.0,213.0,7,1,7,189,213,195,213,122.0,117.0,102.0
150,44.97,216.5,213.0,14,1,14,210,213,223,213,123.29,110.43,100.64
150,44.97,129.14,219.29,5,2,7,127,219,131,220,235.86,249.0,235.71
150,44.97,135.8,219.4,3,2,5,135,219,137,220,227.4,242.6,226.8
150,44.97,155.0,219.25,6,2,8,153,219,158,220,232.0,244.25,231.38
150,44.97,167.43,219.29,5,2,7,165,219,169,220,233.86,254.57,236.57
150,44.97,177.0,219.25,6,2,8,174,219,179,220,236.12,249.62,232.38
150,44.97,188.83,219.33,4,2,6,187,219,190,220,245.0,255.0,241.33
150,44.97,199.2,219.4,3,2,5,198,219,200,220,239.4,246.8,237.8
