[2026-03-23 02:01:21] ==================================================
[2026-03-23 02:01:21] Log scheduler started (PID 36948)
[2026-03-23 02:01:21] Max runtime: 24 hours
[2026-03-23 02:01:21] Jobs: git_pull, slack_check, inbox_check, notif_diff, git_sync
[2026-03-23 02:01:21] ==================================================
[2026-03-23 02:01:21] [git_pull] Starting
[2026-03-23 02:01:21] [git_pull] ERR: error: cannot pull with rebase: You have unstaged changes.
error: Please commit or stash them.
[2026-03-23 02:01:21] [git_pull] Done (exit=128)
[2026-03-23 02:01:21] [slack_check] Starting
[2026-03-23 02:03:21] [slack_check] Timeout (120s)
[2026-03-23 02:03:21] [inbox_check] Starting
[2026-03-23 02:08:21] [inbox_check] Timeout (300s)
[2026-03-23 02:08:21] [notif_diff] Starting
[2026-03-23 02:08:35] [notif_diff] [2026-03-23 02:08:21] Checking notifications...
[2026-03-23 02:08:35] [notif_diff] [2026-03-23 02:08:35] No new notifications (15 total, all seen)
[2026-03-23 02:08:35] [notif_diff] Done (exit=0)
[2026-03-23 02:08:35] [git_sync] Starting
[2026-03-23 02:09:06] [git_sync] Committed and pushed
[2026-03-23 02:09:06] [git_sync] Done (exit=0)
[2026-03-23 02:09:06] --once mode: all jobs executed. Exiting.
[2026-03-23 02:09:06] Scheduler stopped.
[2026-03-23 02:09:59] ==================================================
[2026-03-23 02:09:59] Log scheduler started (PID 71564)
[2026-03-23 02:09:59] Max runtime: 24 hours
[2026-03-23 02:09:59] Jobs: git_pull, slack_check, inbox_check, notif_diff, git_sync
[2026-03-23 02:09:59] ==================================================
[2026-03-23 02:09:59] [git_pull] Starting
[2026-03-23 02:09:59] [git_pull] ERR: error: cannot pull with rebase: You have unstaged changes.
error: Please commit or stash them.
[2026-03-23 02:09:59] [git_pull] Done (exit=128)
[2026-03-23 02:09:59] [slack_check] Starting
[2026-03-23 02:09:59] [slack_check] [02:09:59] Skipped: check_slack already running
[2026-03-23 02:09:59] [slack_check] Done (exit=0)
[2026-03-23 02:09:59] [inbox_check] Starting
[2026-03-23 02:09:59] [inbox_check] Skipped: check_inbox_win already running
[2026-03-23 02:09:59] [inbox_check] Done (exit=0)
[2026-03-23 02:09:59] [notif_diff] Starting
[2026-03-23 02:10:12] [notif_diff] [2026-03-23 02:09:59] Checking notifications...
[2026-03-23 02:10:12] [notif_diff] [2026-03-23 02:10:12] No new notifications (15 total, all seen)
[2026-03-23 02:10:12] [notif_diff] Done (exit=0)
[2026-03-23 02:10:12] [git_sync] Starting
[2026-03-23 02:20:14] [git_pull] Starting
[2026-03-23 02:20:14] [git_pull] ERR: error: Pulling is not possible because you have unmerged files.
hint: Fix them up in the work tree, and then use 'git add/rm <file>'
hint: as appropriate to mark resolution and make a commit.
fatal: E
[2026-03-23 02:20:14] [git_pull] Done (exit=128)
[2026-03-23 02:20:34] [slack_check] Starting
[2026-03-23 02:20:50] [slack_check] Done (exit=1)
[2026-03-23 02:21:00] [notif_diff] Starting
[2026-03-23 02:21:11] [notif_diff] [2026-03-23 02:21:00] Checking notifications...
[2026-03-23 02:21:11] [notif_diff] [2026-03-23 02:21:11] No notifications found (or error fetching)
[2026-03-23 02:21:11] [notif_diff] Done (exit=0)
[2026-03-23 02:22:21] [git_pull] Starting
[2026-03-23 02:22:21] [git_pull] ERR: error: cannot pull with rebase: You have unstaged changes.
error: Please commit or stash them.
[2026-03-23 02:22:21] [git_pull] Done (exit=128)
[2026-03-23 02:22:21] [inbox_check] Starting
[2026-03-23 02:27:21] [inbox_check] Timeout (300s)
[2026-03-23 02:27:21] [notif_diff] Starting
[2026-03-23 02:27:30] [notif_diff] [2026-03-23 02:27:22] Checking notifications...
[2026-03-23 02:27:30] [notif_diff] [2026-03-23 02:27:30] No notifications found (or error fetching)
[2026-03-23 02:27:30] [notif_diff] Done (exit=0)
[2026-03-23 02:27:40] [git_pull] Starting
[2026-03-23 02:27:41] [git_pull] ERR: error: cannot pull with rebase: You have unstaged changes.
error: Please commit or stash them.
[2026-03-23 02:27:41] [git_pull] Done (exit=128)
[2026-03-23 02:27:41] [slack_check] Starting
[2026-03-23 02:27:53] [slack_check] Done (exit=1)
[2026-03-23 02:29:33] [notif_diff] Starting
[2026-03-23 02:29:42] [notif_diff] [2026-03-23 02:29:33] Checking notifications...
[2026-03-23 02:29:42] [notif_diff] [2026-03-23 02:29:42] No notifications found (or error fetching)
[2026-03-23 02:29:42] [notif_diff] Done (exit=0)
[2026-03-23 02:29:52] [git_pull] Starting
[2026-03-23 02:29:52] [git_pull] ERR: error: cannot pull with rebase: You have unstaged changes.
error: Please commit or stash them.
[2026-03-23 02:29:52] [git_pull] Done (exit=128)
[2026-03-23 02:30:02] [slack_check] Starting
[2026-03-23 02:30:14] [slack_check] Done (exit=1)
[2026-03-23 02:30:24] [inbox_check] Starting
[2026-03-23 02:30:25] [inbox_check] Inbox win empty
[2026-03-23 02:30:25] [inbox_check] Done (exit=0)
[2026-03-23 02:31:45] [notif_diff] Starting
[2026-03-23 02:31:54] [notif_diff] [2026-03-23 02:31:45] Checking notifications...
[2026-03-23 02:31:54] [notif_diff] [2026-03-23 02:31:54] No notifications found (or error fetching)
[2026-03-23 02:31:54] [notif_diff] Done (exit=0)
[2026-03-23 02:32:04] [git_pull] Starting
[2026-03-23 02:32:04] [git_pull] ERR: error: cannot pull with rebase: You have unstaged changes.
error: Please commit or stash them.
[2026-03-23 02:32:04] [git_pull] Done (exit=128)
[2026-03-23 02:32:24] [slack_check] Starting
[2026-03-23 02:32:36] [slack_check] Done (exit=1)
[2026-03-23 02:33:26] [inbox_check] Starting
[2026-03-23 02:33:27] [inbox_check] Inbox win empty
[2026-03-23 02:33:27] [inbox_check] Done (exit=0)
[2026-03-23 02:33:57] [notif_diff] Starting
[2026-03-23 02:34:06] [notif_diff] [2026-03-23 02:33:57] Checking notifications...
[2026-03-23 02:34:06] [notif_diff] [2026-03-23 02:34:06] No notifications found (or error fetching)
[2026-03-23 02:34:06] [notif_diff] Done (exit=0)
[2026-03-23 02:34:16] [git_pull] Starting
[2026-03-23 02:34:16] [git_pull] ERR: error: cannot pull with rebase: You have unstaged changes.
error: Please commit or stash them.
[2026-03-23 02:34:16] [git_pull] Done (exit=128)
[2026-03-23 02:34:46] [slack_check] Starting
[2026-03-23 02:34:59] [slack_check] Done (exit=1)
[2026-03-23 02:36:09] [notif_diff] Starting
[2026-03-23 02:36:18] [notif_diff] [2026-03-23 02:36:09] Checking notifications...
[2026-03-23 02:36:18] [notif_diff] [2026-03-23 02:36:18] No notifications found (or error fetching)
[2026-03-23 02:36:18] [notif_diff] Done (exit=0)
[2026-03-23 02:36:28] [git_pull] Starting
[2026-03-23 02:36:28] [git_pull] ERR: error: cannot pull with rebase: You have unstaged changes.
error: Please commit or stash them.
[2026-03-23 02:36:28] [git_pull] Done (exit=128)
[2026-03-23 02:36:28] [inbox_check] Starting
[2026-03-23 02:36:29] [inbox_check] Inbox win empty
[2026-03-23 02:36:29] [inbox_check] Done (exit=0)
[2026-03-23 02:37:09] [slack_check] Starting
[2026-03-23 02:37:22] [slack_check] Done (exit=1)
[2026-03-23 02:38:22] [notif_diff] Starting
[2026-03-23 02:38:30] [notif_diff] [2026-03-23 02:38:22] Checking notifications...
[2026-03-23 02:38:30] [notif_diff] [2026-03-23 02:38:30] No notifications found (or error fetching)
[2026-03-23 02:38:30] [notif_diff] Done (exit=0)
[2026-03-23 02:38:40] [git_pull] Starting
[2026-03-23 02:38:40] [git_pull] ERR: error: cannot pull with rebase: You have unstaged changes.
error: Please commit or stash them.
[2026-03-23 02:38:40] [git_pull] Done (exit=128)
[2026-03-23 02:39:30] [slack_check] Starting
[2026-03-23 02:39:43] [slack_check] Done (exit=1)
[2026-03-23 02:39:43] [inbox_check] Starting
[2026-03-23 02:39:43] [inbox_check] Inbox win empty
[2026-03-23 02:39:43] [inbox_check] Done (exit=0)
[2026-03-23 02:40:23] [git_sync] Starting
[2026-03-23 02:40:25] [git_sync] Committed and pushed
[2026-03-23 02:40:25] [git_sync] Done (exit=0)
[2026-03-23 02:40:35] [notif_diff] Starting
[2026-03-23 02:40:46] [notif_diff] [2026-03-23 02:40:35] Checking notifications...
[2026-03-23 02:40:46] [notif_diff] [2026-03-23 02:40:46] No notifications found (or error fetching)
[2026-03-23 02:40:46] [notif_diff] Done (exit=0)
[2026-03-23 02:40:56] [git_pull] Starting
[2026-03-23 02:40:56] [git_pull] ERR: error: cannot pull with rebase: You have unstaged changes.
error: Please commit or stash them.
[2026-03-23 02:40:56] [git_pull] Done (exit=128)
[2026-03-23 02:41:46] [slack_check] Starting
[2026-03-23 02:42:03] [slack_check] Done (exit=1)
[2026-03-23 02:42:53] [inbox_check] Starting
[2026-03-23 02:42:54] [inbox_check] Inbox win empty
[2026-03-23 02:42:54] [inbox_check] Done (exit=0)
[2026-03-23 02:42:54] [notif_diff] Starting
[2026-03-23 02:43:05] [notif_diff] [2026-03-23 02:42:54] Checking notifications...
[2026-03-23 02:43:05] [notif_diff] [2026-03-23 02:43:05] No notifications found (or error fetching)
[2026-03-23 02:43:05] [notif_diff] Done (exit=0)
[2026-03-23 02:43:15] [git_pull] Starting
[2026-03-23 02:43:15] [git_pull] ERR: error: cannot pull with rebase: You have unstaged changes.
error: Please commit or stash them.
[2026-03-23 02:43:15] [git_pull] Done (exit=128)
[2026-03-23 02:44:05] [slack_check] Starting
[2026-03-23 02:44:19] [slack_check] Done (exit=1)
[2026-03-23 02:45:09] [notif_diff] Starting
[2026-03-23 02:45:18] [notif_diff] [2026-03-23 02:45:10] Checking notifications...
[2026-03-23 02:45:18] [notif_diff] [2026-03-23 02:45:18] No notifications found (or error fetching)
[2026-03-23 02:45:18] [notif_diff] Done (exit=0)
[2026-03-23 02:45:28] [git_pull] Starting
[2026-03-23 02:45:28] [git_pull] ERR: error: cannot pull with rebase: You have unstaged changes.
error: Please commit or stash them.
[2026-03-23 02:45:28] [git_pull] Done (exit=128)
[2026-03-23 02:45:58] [inbox_check] Starting
[2026-03-23 02:45:59] [inbox_check] Inbox win empty
[2026-03-23 02:45:59] [inbox_check] Done (exit=0)
[2026-03-23 02:46:29] [slack_check] Starting
[2026-03-23 04:15:33] ==================================================
[2026-03-23 04:15:33] Log scheduler started (PID 50748)
[2026-03-23 04:15:33] Max runtime: 24 hours
[2026-03-23 04:15:33] Jobs: slack_check, inbox_check, git_sync
[2026-03-23 04:15:33] ==================================================
[2026-03-23 04:15:33] [slack_check] Starting
[2026-03-23 04:15:49] [slack_check] Done (exit=0)
[2026-03-23 04:15:49] [inbox_check] Starting
[2026-03-23 04:15:59] [inbox_check] Done (exit=0)
[2026-03-23 04:15:59] [git_sync] Starting
[2026-03-23 04:18:07] [slack_check] Starting
[2026-03-23 04:18:21] [slack_check] Done (exit=1)
[2026-03-23 04:18:21] [inbox_check] Starting
[2026-03-23 04:18:31] [inbox_check] Done (exit=0)
[2026-03-23 04:19:22] [slack_check] Starting
[2026-03-23 04:19:41] [slack_check] Done (exit=1)
[2026-03-23 04:20:32] [inbox_check] Starting
[2026-03-23 04:20:32] [inbox_check] Done (exit=0)
[2026-03-23 04:20:42] [slack_check] Starting
[2026-03-23 04:20:58] [slack_check] Done (exit=1)
[2026-03-23 04:21:59] [slack_check] Starting
[2026-03-23 04:22:15] [slack_check] Done (exit=0)
[2026-03-23 04:22:35] [inbox_check] Starting
[2026-03-23 04:27:35] [inbox_check] Timeout (300s)
[2026-03-23 04:27:35] [inbox_check] Done (exit=-1)
[2026-03-23 04:27:45] [slack_check] Starting
[2026-03-23 04:28:03] [slack_check] Done (exit=0)
[2026-03-23 04:29:03] [slack_check] Starting
[2026-03-23 04:29:33] [slack_check] Timeout (30s)
[2026-03-23 04:29:33] [slack_check] Done (exit=-1)
[2026-03-23 04:29:43] [inbox_check] Starting
[2026-03-23 04:29:52] [inbox_check] Done (exit=0)
[2026-03-23 04:30:42] [slack_check] Starting
[2026-03-23 04:30:55] [slack_check] Done (exit=1)
[2026-03-23 04:31:55] [slack_check] Starting
[2026-03-23 04:32:08] [slack_check] Done (exit=1)
[2026-03-23 04:32:08] [inbox_check] Starting
[2026-03-23 04:32:09] [inbox_check] Done (exit=0)
[2026-03-23 04:33:10] [slack_check] Starting
[2026-03-23 04:33:22] [slack_check] Done (exit=1)
[2026-03-23 04:34:12] [inbox_check] Starting
[2026-03-23 04:34:13] [inbox_check] Done (exit=0)
[2026-03-23 04:34:23] [slack_check] Starting
[2026-03-23 04:34:35] [slack_check] Done (exit=1)
[2026-03-23 04:35:36] [slack_check] Starting
[2026-03-23 04:35:48] [slack_check] Done (exit=1)
[2026-03-23 04:36:18] [inbox_check] Starting
[2026-03-23 04:36:19] [inbox_check] Done (exit=0)
[2026-03-23 04:36:49] [slack_check] Starting
[2026-03-23 04:37:01] [slack_check] Done (exit=1)
[2026-03-23 04:38:01] [slack_check] Starting
[2026-03-23 04:38:15] [slack_check] Done (exit=1)
[2026-03-23 04:38:25] [inbox_check] Starting
[2026-03-23 04:38:26] [inbox_check] Done (exit=0)
[2026-03-23 04:39:16] [slack_check] Starting
[2026-03-23 04:39:29] [slack_check] Done (exit=0)
[2026-03-23 04:40:29] [slack_check] Starting
[2026-03-23 04:40:42] [slack_check] Done (exit=0)
[2026-03-23 04:40:42] [inbox_check] Starting
[2026-03-23 04:40:54] [inbox_check] Done (exit=0)
[2026-03-23 04:41:44] [slack_check] Starting
[2026-03-23 04:42:00] [slack_check] Done (exit=1)
[2026-03-23 04:43:01] [slack_check] Starting
[2026-03-23 04:43:20] [slack_check] Done (exit=1)
[2026-03-23 04:43:20] [inbox_check] Starting
[2026-03-23 04:43:21] [inbox_check] Done (exit=0)
[2026-03-23 04:44:21] [slack_check] Starting
[2026-03-23 04:44:38] [slack_check] Done (exit=1)
[2026-03-23 04:45:29] [inbox_check] Starting
[2026-03-23 04:45:29] [inbox_check] Done (exit=0)
[2026-03-23 04:45:40] [slack_check] Starting
[2026-03-23 04:45:55] [slack_check] Done (exit=1)
[2026-03-23 04:46:05] [git_sync] Starting
[2026-03-23 04:46:07] [git_sync] Committed and pushed
[2026-03-23 04:46:57] [slack_check] Starting
[2026-03-23 04:47:09] [slack_check] Done (exit=1)
[2026-03-23 04:47:39] [inbox_check] Starting
[2026-03-23 04:47:41] [inbox_check] Done (exit=0)
[2026-03-23 04:48:11] [slack_check] Starting
[2026-03-23 04:48:22] [slack_check] Done (exit=1)
[2026-03-23 04:49:23] [slack_check] Starting
[2026-03-23 04:49:34] [slack_check] Done (exit=1)
[2026-03-23 04:49:45] [inbox_check] Starting
[2026-03-23 04:49:45] [inbox_check] Done (exit=0)
[2026-03-23 04:50:36] [slack_check] Starting
[2026-03-23 04:50:48] [slack_check] Done (exit=1)
[2026-03-23 04:51:48] [slack_check] Starting
[2026-03-23 04:52:00] [slack_check] Done (exit=0)
[2026-03-23 04:52:00] [inbox_check] Starting
[2026-03-23 04:57:00] [inbox_check] Timeout (300s)
[2026-03-23 04:57:00] [inbox_check] Done (exit=-1)
[2026-03-23 04:57:10] [slack_check] Starting
[2026-03-23 04:57:23] [slack_check] Done (exit=0)
[2026-03-23 04:58:23] [slack_check] Starting
[2026-03-23 04:58:36] [slack_check] Done (exit=1)
[2026-03-23 04:59:06] [inbox_check] Starting
[2026-03-23 04:59:16] [inbox_check] Done (exit=0)
[2026-03-23 04:59:36] [slack_check] Starting
[2026-03-23 04:59:47] [slack_check] Done (exit=1)
[2026-03-23 05:00:48] [slack_check] Starting
[2026-03-23 05:01:03] [slack_check] Done (exit=1)
[2026-03-23 05:01:23] [inbox_check] Starting
[2026-03-23 05:01:24] [inbox_check] Done (exit=0)
[2026-03-23 05:02:05] [slack_check] Starting
[2026-03-23 05:02:22] [slack_check] Done (exit=1)
[2026-03-23 05:03:22] [slack_check] Starting
[2026-03-23 05:03:38] [slack_check] Done (exit=1)
[2026-03-23 05:03:48] [inbox_check] Starting
[2026-03-23 05:03:49] [inbox_check] Done (exit=0)
[2026-03-23 05:04:39] [slack_check] Starting
[2026-03-23 05:04:55] [slack_check] Done (exit=1)
[2026-03-23 05:05:56] [slack_check] Starting
[2026-03-23 05:06:12] [slack_check] Done (exit=1)
[2026-03-23 05:06:12] [inbox_check] Starting
[2026-03-23 05:06:13] [inbox_check] Done (exit=0)
[2026-03-23 05:07:14] [slack_check] Starting
[2026-03-23 05:07:27] [slack_check] Done (exit=1)
[2026-03-23 05:08:18] [inbox_check] Starting
[2026-03-23 05:08:19] [inbox_check] Done (exit=0)
[2026-03-23 05:08:29] [slack_check] Starting
[2026-03-23 05:08:46] [slack_check] Done (exit=0)
[2026-03-23 05:09:46] [slack_check] Starting
[2026-03-23 05:10:01] [slack_check] Done (exit=1)
[2026-03-23 05:10:22] [inbox_check] Starting
[2026-03-23 05:10:33] [inbox_check] Done (exit=0)
[2026-03-23 05:11:04] [slack_check] Starting
[2026-03-23 05:11:21] [slack_check] Done (exit=0)
[2026-03-23 05:12:22] [slack_check] Starting
[2026-03-23 05:12:36] [slack_check] Done (exit=1)
[2026-03-23 05:12:46] [inbox_check] Starting
[2026-03-23 05:12:57] [inbox_check] Done (exit=0)
[2026-03-23 05:13:37] [slack_check] Starting
[2026-03-23 05:13:53] [slack_check] Done (exit=1)
[2026-03-23 05:14:53] [slack_check] Starting
[2026-03-23 05:15:19] [slack_check] Done (exit=0)
[2026-03-23 05:15:29] [inbox_check] Starting
[2026-03-23 05:20:29] [inbox_check] Timeout (300s)
[2026-03-23 05:20:29] [inbox_check] Done (exit=-1)
[2026-03-23 05:20:39] [slack_check] Starting
[2026-03-23 05:20:57] [slack_check] Done (exit=0)
[2026-03-23 05:20:57] [git_sync] Starting
[2026-03-23 05:20:58] [git_sync] Committed and pushed
[2026-03-23 05:21:58] [slack_check] Starting
[2026-03-23 05:22:13] [slack_check] Done (exit=1)
[2026-03-23 05:22:33] [inbox_check] Starting
[2026-03-23 05:22:35] [inbox_check] Done (exit=0)
[2026-03-23 05:23:15] [slack_check] Starting
[2026-03-23 05:23:31] [slack_check] Done (exit=1)
[2026-03-23 05:24:32] [slack_check] Starting
[2026-03-23 05:24:46] [slack_check] Done (exit=1)
[2026-03-23 05:24:57] [inbox_check] Starting
[2026-03-23 05:24:57] [inbox_check] Done (exit=0)
[2026-03-23 05:25:48] [slack_check] Starting
[2026-03-23 05:26:13] [slack_check] Done (exit=0)
[2026-03-23 05:27:04] [inbox_check] Starting
[2026-03-23 05:27:31] [inbox_check] Done (exit=0)
[2026-03-23 05:27:41] [slack_check] Starting
[2026-03-23 05:27:56] [slack_check] Done (exit=1)
[2026-03-23 05:28:57] [slack_check] Starting
[2026-03-23 05:29:12] [slack_check] Done (exit=1)
[2026-03-23 05:29:32] [inbox_check] Starting
[2026-03-23 05:29:33] [inbox_check] Done (exit=0)
[2026-03-23 05:30:13] [slack_check] Starting
[2026-03-23 05:30:30] [slack_check] Done (exit=1)
[2026-03-23 05:31:30] [slack_check] Starting
[2026-03-23 05:31:43] [slack_check] Done (exit=1)
[2026-03-23 05:31:53] [inbox_check] Starting
[2026-03-23 05:31:53] [inbox_check] Done (exit=0)
[2026-03-23 05:32:44] [slack_check] Starting
[2026-03-23 05:32:56] [slack_check] Done (exit=1)
[2026-03-23 05:33:57] [slack_check] Starting
[2026-03-23 05:34:10] [slack_check] Done (exit=1)
[2026-03-23 05:34:10] [inbox_check] Starting
[2026-03-23 05:34:11] [inbox_check] Done (exit=0)
[2026-03-23 05:35:11] [slack_check] Starting
[2026-03-23 05:35:23] [slack_check] Done (exit=1)
[2026-03-23 05:36:13] [inbox_check] Starting
[2026-03-23 05:36:14] [inbox_check] Done (exit=0)
[2026-03-23 05:36:25] [slack_check] Starting
[2026-03-23 05:36:37] [slack_check] Done (exit=1)
[2026-03-23 05:37:38] [slack_check] Starting
[2026-03-23 05:37:51] [slack_check] Done (exit=0)
[2026-03-23 05:38:21] [inbox_check] Starting
[2026-03-23 05:43:14] [inbox_check] Done (exit=0)
[2026-03-23 05:43:24] [slack_check] Starting
[2026-03-23 05:43:39] [slack_check] Done (exit=0)
[2026-03-23 05:44:40] [slack_check] Starting
[2026-03-23 05:44:55] [slack_check] Done (exit=1)
[2026-03-23 05:45:16] [inbox_check] Starting
[2026-03-23 05:46:26] [inbox_check] Done (exit=0)
[2026-03-23 05:46:36] [slack_check] Starting
[2026-03-23 05:46:51] [slack_check] Done (exit=0)
[2026-03-23 05:47:52] [slack_check] Starting
[2026-03-23 05:48:07] [slack_check] Done (exit=1)
[2026-03-23 05:48:27] [inbox_check] Starting
[2026-03-23 05:48:39] [inbox_check] Done (exit=0)
[2026-03-23 05:49:10] [slack_check] Starting
[2026-03-23 05:49:24] [slack_check] Done (exit=1)
[2026-03-23 05:50:24] [slack_check] Starting
[2026-03-23 05:50:38] [slack_check] Done (exit=1)
[2026-03-23 05:50:48] [inbox_check] Starting
[2026-03-23 05:50:49] [inbox_check] Done (exit=0)
[2026-03-23 05:50:59] [git_sync] Starting
[2026-03-23 05:51:01] [git_sync] Committed and pushed
[2026-03-23 05:51:41] [slack_check] Starting
[2026-03-23 05:51:55] [slack_check] Done (exit=1)
[2026-03-23 05:52:56] [slack_check] Starting
[2026-03-23 05:53:10] [slack_check] Done (exit=1)
[2026-03-23 05:53:10] [inbox_check] Starting
[2026-03-23 05:53:10] [inbox_check] Done (exit=0)
[2026-03-23 05:54:11] [slack_check] Starting
[2026-03-23 05:54:24] [slack_check] Done (exit=1)
[2026-03-23 05:55:15] [inbox_check] Starting
[2026-03-23 05:55:15] [inbox_check] Done (exit=0)
[2026-03-23 05:55:26] [slack_check] Starting
[2026-03-23 05:55:40] [slack_check] Done (exit=1)
[2026-03-23 05:56:41] [slack_check] Starting
[2026-03-23 05:56:57] [slack_check] Done (exit=1)
[2026-03-23 05:57:17] [inbox_check] Starting
[2026-03-23 05:57:17] [inbox_check] Done (exit=0)
[2026-03-23 05:57:58] [slack_check] Starting
[2026-03-23 05:58:17] [slack_check] Done (exit=1)
[2026-03-23 05:59:17] [slack_check] Starting
[2026-03-23 05:59:34] [slack_check] Done (exit=1)
[2026-03-23 05:59:44] [inbox_check] Starting
[2026-03-23 05:59:45] [inbox_check] Done (exit=0)
[2026-03-23 06:00:35] [slack_check] Starting
[2026-03-23 06:00:49] [slack_check] Done (exit=1)
[2026-03-23 06:01:49] [slack_check] Starting
[2026-03-23 06:02:03] [slack_check] Done (exit=1)
[2026-03-23 06:02:03] [inbox_check] Starting
[2026-03-23 06:02:04] [inbox_check] Done (exit=0)
[2026-03-23 06:03:04] [slack_check] Starting
[2026-03-23 06:03:18] [slack_check] Done (exit=1)
[2026-03-23 06:04:08] [inbox_check] Starting
[2026-03-23 06:04:09] [inbox_check] Done (exit=0)
[2026-03-23 06:04:19] [slack_check] Starting
[2026-03-23 06:04:38] [slack_check] Done (exit=1)
[2026-03-23 06:05:38] [slack_check] Starting
[2026-03-23 06:05:53] [slack_check] Done (exit=1)
[2026-03-23 06:06:13] [inbox_check] Starting
[2026-03-23 06:06:14] [inbox_check] Done (exit=0)
[2026-03-23 06:06:54] [slack_check] Starting
[2026-03-23 06:07:08] [slack_check] Done (exit=1)
[2026-03-23 06:08:09] [slack_check] Starting
[2026-03-23 06:08:24] [slack_check] Done (exit=1)
[2026-03-23 06:08:34] [inbox_check] Starting
[2026-03-23 06:08:35] [inbox_check] Done (exit=0)
[2026-03-23 06:09:25] [slack_check] Starting
[2026-03-23 06:09:40] [slack_check] Done (exit=1)
[2026-03-23 06:10:40] [slack_check] Starting
[2026-03-23 06:10:54] [slack_check] Done (exit=1)
[2026-03-23 06:10:54] [inbox_check] Starting
[2026-03-23 06:10:55] [inbox_check] Done (exit=0)
[2026-03-23 06:11:55] [slack_check] Starting
[2026-03-23 06:12:09] [slack_check] Done (exit=1)
[2026-03-23 06:13:00] [inbox_check] Starting
[2026-03-23 06:13:00] [inbox_check] Done (exit=0)
[2026-03-23 06:13:10] [slack_check] Starting
[2026-03-23 06:13:25] [slack_check] Done (exit=1)
[2026-03-23 06:14:25] [slack_check] Starting
[2026-03-23 06:14:39] [slack_check] Done (exit=1)
[2026-03-23 06:15:10] [inbox_check] Starting
[2026-03-23 06:15:10] [inbox_check] Done (exit=0)
[2026-03-23 06:15:40] [slack_check] Starting
[2026-03-23 06:15:54] [slack_check] Done (exit=1)
[2026-03-23 06:16:54] [slack_check] Starting
[2026-03-23 06:17:10] [slack_check] Done (exit=1)
[2026-03-23 06:17:20] [inbox_check] Starting
[2026-03-23 06:17:21] [inbox_check] Done (exit=0)
[2026-03-23 06:18:11] [slack_check] Starting
[2026-03-23 06:18:25] [slack_check] Done (exit=1)
[2026-03-23 06:19:26] [slack_check] Starting
[2026-03-23 06:19:40] [slack_check] Done (exit=1)
[2026-03-23 06:19:40] [inbox_check] Starting
[2026-03-23 06:19:41] [inbox_check] Done (exit=0)
[2026-03-23 06:20:42] [slack_check] Starting
[2026-03-23 06:20:57] [slack_check] Done (exit=1)
[2026-03-23 06:21:07] [git_sync] Starting
[2026-03-23 06:21:08] [git_sync] Committed and pushed
[2026-03-23 06:21:48] [inbox_check] Starting
[2026-03-23 06:21:49] [inbox_check] Done (exit=0)
[2026-03-23 06:21:59] [slack_check] Starting
[2026-03-23 06:22:13] [slack_check] Done (exit=1)
[2026-03-23 06:23:14] [slack_check] Starting
[2026-03-23 06:23:27] [slack_check] Done (exit=1)
[2026-03-23 06:23:57] [inbox_check] Starting
[2026-03-23 06:23:58] [inbox_check] Done (exit=0)
[2026-03-23 06:24:28] [slack_check] Starting
[2026-03-23 06:24:41] [slack_check] Done (exit=1)
[2026-03-23 06:25:41] [slack_check] Starting
[2026-03-23 06:25:55] [slack_check] Done (exit=1)
[2026-03-23 06:26:05] [inbox_check] Starting
[2026-03-23 06:26:06] [inbox_check] Done (exit=0)
[2026-03-23 06:26:56] [slack_check] Starting
[2026-03-23 06:27:10] [slack_check] Done (exit=1)
[2026-03-23 06:28:11] [slack_check] Starting
[2026-03-23 06:28:25] [slack_check] Done (exit=1)
[2026-03-23 06:28:25] [inbox_check] Starting
[2026-03-23 06:28:26] [inbox_check] Done (exit=0)
[2026-03-23 06:29:27] [slack_check] Starting
[2026-03-23 06:29:41] [slack_check] Done (exit=1)
[2026-03-23 06:30:31] [inbox_check] Starting
[2026-03-23 06:30:32] [inbox_check] Done (exit=0)
[2026-03-23 06:30:42] [slack_check] Starting
[2026-03-23 06:30:56] [slack_check] Done (exit=1)
[2026-03-23 06:31:57] [slack_check] Starting
[2026-03-23 06:32:11] [slack_check] Done (exit=1)
[2026-03-23 06:32:41] [inbox_check] Starting
[2026-03-23 06:32:42] [inbox_check] Done (exit=0)
[2026-03-23 06:33:12] [slack_check] Starting
[2026-03-23 06:33:25] [slack_check] Done (exit=1)
[2026-03-23 06:34:26] [slack_check] Starting
[2026-03-23 06:34:39] [slack_check] Done (exit=1)
[2026-03-23 06:34:50] [inbox_check] Starting
[2026-03-23 06:34:50] [inbox_check] Done (exit=0)
[2026-03-23 06:35:41] [slack_check] Starting
[2026-03-23 06:35:55] [slack_check] Done (exit=1)
[2026-03-23 06:36:55] [slack_check] Starting
[2026-03-23 06:37:09] [slack_check] Done (exit=1)
[2026-03-23 06:37:09] [inbox_check] Starting
[2026-03-23 06:37:10] [inbox_check] Done (exit=0)
[2026-03-23 06:38:11] [slack_check] Starting
[2026-03-23 06:38:25] [slack_check] Done (exit=1)
[2026-03-23 06:39:15] [inbox_check] Starting
[2026-03-23 06:39:16] [inbox_check] Done (exit=0)
[2026-03-23 06:39:26] [slack_check] Starting
[2026-03-23 06:39:39] [slack_check] Done (exit=1)
[2026-03-23 06:40:39] [slack_check] Starting
[2026-03-23 06:40:53] [slack_check] Done (exit=1)
[2026-03-23 06:41:23] [inbox_check] Starting
[2026-03-23 06:41:24] [inbox_check] Done (exit=0)
[2026-03-23 06:41:54] [slack_check] Starting
[2026-03-23 06:42:08] [slack_check] Done (exit=1)
[2026-03-23 06:43:09] [slack_check] Starting
[2026-03-23 06:43:24] [slack_check] Done (exit=1)
[2026-03-23 06:43:34] [inbox_check] Starting
[2026-03-23 06:43:35] [inbox_check] Done (exit=0)
[2026-03-23 06:44:25] [slack_check] Starting
[2026-03-23 06:44:38] [slack_check] Done (exit=1)
[2026-03-23 06:45:39] [slack_check] Starting
[2026-03-23 06:45:53] [slack_check] Done (exit=1)
[2026-03-23 06:45:53] [inbox_check] Starting
[2026-03-23 06:45:54] [inbox_check] Done (exit=0)
[2026-03-23 06:46:54] [slack_check] Starting
[2026-03-23 06:47:08] [slack_check] Done (exit=1)
[2026-03-23 06:47:59] [inbox_check] Starting
[2026-03-23 06:47:59] [inbox_check] Done (exit=0)
[2026-03-23 06:48:09] [slack_check] Starting
[2026-03-23 06:48:24] [slack_check] Done (exit=1)
[2026-03-23 06:49:24] [slack_check] Starting
[2026-03-23 06:49:39] [slack_check] Done (exit=1)
[2026-03-23 06:49:59] [inbox_check] Starting
[2026-03-23 06:50:00] [inbox_check] Done (exit=0)
[2026-03-23 06:50:41] [slack_check] Starting
[2026-03-23 06:50:56] [slack_check] Done (exit=1)
[2026-03-23 06:51:16] [git_sync] Starting
[2026-03-23 06:51:17] [git_sync] Committed and pushed
[2026-03-23 06:51:58] [slack_check] Starting
[2026-03-23 06:52:11] [slack_check] Done (exit=1)
[2026-03-23 06:52:21] [inbox_check] Starting
[2026-03-23 06:52:22] [inbox_check] Done (exit=0)
[2026-03-23 06:53:13] [slack_check] Starting
[2026-03-23 06:53:26] [slack_check] Done (exit=1)
[2026-03-23 06:54:27] [slack_check] Starting
[2026-03-23 06:54:39] [slack_check] Done (exit=1)
[2026-03-23 06:54:39] [inbox_check] Starting
[2026-03-23 06:54:40] [inbox_check] Done (exit=0)
[2026-03-23 06:55:40] [slack_check] Starting
[2026-03-23 06:55:54] [slack_check] Done (exit=1)
[2026-03-23 06:56:45] [inbox_check] Starting
[2026-03-23 06:56:46] [inbox_check] Done (exit=0)
[2026-03-23 06:56:56] [slack_check] Starting
[2026-03-23 06:57:09] [slack_check] Done (exit=1)
[2026-03-23 06:58:10] [slack_check] Starting
[2026-03-23 06:58:23] [slack_check] Done (exit=1)
[2026-03-23 07:54:27] [slack_check] Starting
[2026-03-23 07:54:43] [slack_check] Done (exit=1)
[2026-03-23 07:54:43] [inbox_check] Starting
[2026-03-23 07:54:44] [inbox_check] Done (exit=0)
[2026-03-23 07:54:44] [git_sync] Starting
[2026-03-23 07:54:46] [git_sync] Committed and pushed
[2026-03-23 07:55:47] [slack_check] Starting
[2026-03-23 07:55:58] [slack_check] Done (exit=1)
[2026-03-23 07:56:48] [inbox_check] Starting
[2026-03-23 07:56:49] [inbox_check] Done (exit=0)
[2026-03-23 07:56:59] [slack_check] Starting
[2026-03-23 07:57:09] [slack_check] Done (exit=1)
[2026-03-23 07:58:10] [slack_check] Starting
[2026-03-23 07:58:21] [slack_check] Done (exit=1)
[2026-03-23 07:58:51] [inbox_check] Starting
[2026-03-23 07:58:52] [inbox_check] Done (exit=0)
[2026-03-23 07:59:22] [slack_check] Starting
[2026-03-23 07:59:33] [slack_check] Done (exit=1)
[2026-03-23 08:00:33] [slack_check] Starting
[2026-03-23 08:00:44] [slack_check] Done (exit=1)
[2026-03-23 08:00:54] [inbox_check] Starting
[2026-03-23 08:00:55] [inbox_check] Done (exit=0)
[2026-03-23 08:01:46] [slack_check] Starting
[2026-03-23 08:01:56] [slack_check] Done (exit=1)
[2026-03-23 08:02:56] [slack_check] Starting
[2026-03-23 08:03:06] [slack_check] Done (exit=1)
[2026-03-23 08:03:06] [inbox_check] Starting
[2026-03-23 08:03:06] [inbox_check] Done (exit=0)
[2026-03-23 08:04:07] [slack_check] Starting
[2026-03-23 08:04:17] [slack_check] Done (exit=1)
[2026-03-23 08:05:07] [inbox_check] Starting
[2026-03-23 08:05:08] [inbox_check] Done (exit=0)
[2026-03-23 08:05:18] [slack_check] Starting
[2026-03-23 08:05:28] [slack_check] Done (exit=1)
[2026-03-23 08:06:28] [slack_check] Starting
[2026-03-23 08:06:38] [slack_check] Done (exit=1)
[2026-03-23 08:07:08] [inbox_check] Starting
[2026-03-23 08:07:09] [inbox_check] Done (exit=0)
[2026-03-23 08:07:39] [slack_check] Starting
[2026-03-23 08:07:49] [slack_check] Done (exit=1)
[2026-03-23 08:08:50] [slack_check] Starting
[2026-03-23 08:09:00] [slack_check] Done (exit=1)
[2026-03-23 08:09:10] [inbox_check] Starting
[2026-03-23 08:09:10] [inbox_check] Done (exit=0)
[2026-03-23 08:10:01] [slack_check] Starting
[2026-03-23 08:10:11] [slack_check] Done (exit=1)
[2026-03-23 08:11:11] [slack_check] Starting
[2026-03-23 08:11:21] [slack_check] Done (exit=1)
[2026-03-23 08:11:21] [inbox_check] Starting
[2026-03-23 08:11:22] [inbox_check] Done (exit=0)
[2026-03-23 08:12:22] [slack_check] Starting
[2026-03-23 08:12:33] [slack_check] Done (exit=1)
[2026-03-23 08:13:23] [inbox_check] Starting
[2026-03-23 08:13:24] [inbox_check] Done (exit=0)
[2026-03-23 08:13:34] [slack_check] Starting
[2026-03-23 08:13:45] [slack_check] Done (exit=1)
[2026-03-23 08:14:45] [slack_check] Starting
[2026-03-23 08:14:56] [slack_check] Done (exit=1)
[2026-03-23 08:15:26] [inbox_check] Starting
[2026-03-23 08:15:27] [inbox_check] Done (exit=0)
[2026-03-23 08:15:57] [slack_check] Starting
[2026-03-23 08:16:08] [slack_check] Done (exit=1)
[2026-03-23 08:17:09] [slack_check] Starting
[2026-03-23 08:17:18] [slack_check] Done (exit=1)
[2026-03-23 08:17:29] [inbox_check] Starting
[2026-03-23 08:17:29] [inbox_check] Done (exit=0)
[2026-03-23 08:18:20] [slack_check] Starting
[2026-03-23 08:18:30] [slack_check] Done (exit=1)
[2026-03-23 08:19:31] [slack_check] Starting
[2026-03-23 08:19:41] [slack_check] Done (exit=1)
[2026-03-23 08:19:41] [inbox_check] Starting
[2026-03-23 08:19:41] [inbox_check] Done (exit=0)
[2026-03-23 08:20:42] [slack_check] Starting
[2026-03-23 08:20:52] [slack_check] Done (exit=1)
[2026-03-23 08:21:43] [inbox_check] Starting
[2026-03-23 08:21:44] [inbox_check] Done (exit=0)
[2026-03-23 08:21:54] [slack_check] Starting
[2026-03-23 08:22:03] [slack_check] Done (exit=1)
[2026-03-23 08:23:04] [slack_check] Starting
[2026-03-23 08:23:15] [slack_check] Done (exit=1)
[2026-03-23 08:23:45] [inbox_check] Starting
[2026-03-23 08:23:46] [inbox_check] Done (exit=0)
[2026-03-23 08:24:16] [slack_check] Starting
[2026-03-23 08:24:26] [slack_check] Done (exit=1)
[2026-03-23 08:24:56] [git_sync] Starting
[2026-03-23 08:24:58] [git_sync] Committed and pushed
[2026-03-23 08:25:28] [slack_check] Starting
[2026-03-23 08:25:37] [slack_check] Done (exit=1)
[2026-03-23 08:25:47] [inbox_check] Starting
[2026-03-23 08:25:48] [inbox_check] Done (exit=0)
[2026-03-23 08:26:39] [slack_check] Starting
[2026-03-23 08:26:50] [slack_check] Done (exit=1)
[2026-03-23 08:27:50] [slack_check] Starting
[2026-03-23 08:28:00] [slack_check] Done (exit=1)
[2026-03-23 08:28:00] [inbox_check] Starting
[2026-03-23 08:28:01] [inbox_check] Done (exit=0)
[2026-03-23 08:29:02] [slack_check] Starting
[2026-03-23 08:29:12] [slack_check] Done (exit=1)
[2026-03-23 08:30:03] [inbox_check] Starting
[2026-03-23 08:30:04] [inbox_check] Done (exit=0)
[2026-03-23 08:30:14] [slack_check] Starting
[2026-03-23 08:30:23] [slack_check] Done (exit=1)
[2026-03-23 08:31:24] [slack_check] Starting
[2026-03-23 08:31:33] [slack_check] Done (exit=1)
[2026-03-23 08:32:04] [inbox_check] Starting
[2026-03-23 08:32:04] [inbox_check] Done (exit=0)
[2026-03-23 08:32:35] [slack_check] Starting
[2026-03-23 08:32:46] [slack_check] Done (exit=1)
[2026-03-23 08:33:47] [slack_check] Starting
[2026-03-23 08:33:57] [slack_check] Done (exit=1)
[2026-03-23 08:34:07] [inbox_check] Starting
[2026-03-23 08:34:08] [inbox_check] Done (exit=0)
[2026-03-23 08:34:58] [slack_check] Starting
[2026-03-23 08:35:08] [slack_check] Done (exit=1)
[2026-03-23 08:36:09] [slack_check] Starting
[2026-03-23 08:36:18] [slack_check] Done (exit=1)
[2026-03-23 08:36:18] [inbox_check] Starting
[2026-03-23 08:36:19] [inbox_check] Done (exit=0)
[2026-03-23 08:37:20] [slack_check] Starting
[2026-03-23 08:37:31] [slack_check] Done (exit=1)
[2026-03-23 08:38:21] [inbox_check] Starting
[2026-03-23 08:38:22] [inbox_check] Done (exit=0)
[2026-03-23 08:38:32] [slack_check] Starting
[2026-03-23 08:38:42] [slack_check] Done (exit=1)
[2026-03-23 08:39:43] [slack_check] Starting
[2026-03-23 08:39:53] [slack_check] Done (exit=1)
[2026-03-23 08:40:24] [inbox_check] Starting
[2026-03-23 08:40:24] [inbox_check] Done (exit=0)
[2026-03-23 08:40:55] [slack_check] Starting
[2026-03-23 08:41:05] [slack_check] Done (exit=1)
[2026-03-23 08:42:05] [slack_check] Starting
[2026-03-23 08:42:16] [slack_check] Done (exit=1)
[2026-03-23 08:42:26] [inbox_check] Starting
[2026-03-23 08:42:27] [inbox_check] Done (exit=0)
[2026-03-23 08:43:18] [slack_check] Starting
[2026-03-23 08:43:29] [slack_check] Done (exit=1)
[2026-03-23 08:44:29] [slack_check] Starting
[2026-03-23 08:44:42] [slack_check] Done (exit=1)
[2026-03-23 08:44:42] [inbox_check] Starting
[2026-03-23 08:44:42] [inbox_check] Done (exit=0)
[2026-03-23 08:45:43] [slack_check] Starting
[2026-03-23 08:45:54] [slack_check] Done (exit=1)
[2026-03-23 08:46:44] [inbox_check] Starting
[2026-03-23 08:46:45] [inbox_check] Done (exit=0)
[2026-03-23 08:46:55] [slack_check] Starting
[2026-03-23 08:47:06] [slack_check] Done (exit=1)
[2026-03-23 08:48:06] [slack_check] Starting
[2026-03-23 08:48:17] [slack_check] Done (exit=1)
[2026-03-23 08:48:47] [inbox_check] Starting
[2026-03-23 08:48:48] [inbox_check] Done (exit=0)
[2026-03-23 08:49:18] [slack_check] Starting
[2026-03-23 08:49:29] [slack_check] Done (exit=1)
[2026-03-23 08:50:29] [slack_check] Starting
[2026-03-23 08:50:39] [slack_check] Done (exit=1)
[2026-03-23 08:50:49] [inbox_check] Starting
[2026-03-23 08:50:50] [inbox_check] Done (exit=0)
[2026-03-23 08:51:41] [slack_check] Starting
[2026-03-23 08:51:51] [slack_check] Done (exit=1)
[2026-03-23 08:52:52] [slack_check] Starting
[2026-03-23 08:53:02] [slack_check] Done (exit=1)
[2026-03-23 08:53:02] [inbox_check] Starting
[2026-03-23 08:53:03] [inbox_check] Done (exit=0)
[2026-03-23 08:54:04] [slack_check] Starting
[2026-03-23 08:54:34] [slack_check] Timeout (30s)
[2026-03-23 08:54:34] [slack_check] Done (exit=-1)
[2026-03-23 08:55:04] [inbox_check] Starting
[2026-03-23 08:55:05] [inbox_check] Done (exit=0)
[2026-03-23 08:55:05] [git_sync] Starting
[2026-03-23 08:55:06] [git_sync] Committed and pushed
[2026-03-23 08:55:37] [slack_check] Starting
[2026-03-23 08:55:47] [slack_check] Done (exit=1)
[2026-03-23 08:56:48] [slack_check] Starting
[2026-03-23 08:56:58] [slack_check] Done (exit=1)
[2026-03-23 08:57:08] [inbox_check] Starting
[2026-03-23 08:57:18] [inbox_check] Done (exit=0)
[2026-03-23 08:57:59] [slack_check] Starting
[2026-03-23 08:58:08] [slack_check] Done (exit=1)
[2026-03-23 08:59:09] [slack_check] Starting
[2026-03-23 08:59:19] [slack_check] Done (exit=1)
[2026-03-23 08:59:30] [inbox_check] Starting
[2026-03-23 08:59:30] [inbox_check] Done (exit=0)
[2026-03-23 09:00:21] [slack_check] Starting
[2026-03-23 09:00:33] [slack_check] Done (exit=1)
[2026-03-23 09:01:33] [slack_check] Starting
[2026-03-23 09:01:43] [slack_check] Done (exit=1)
[2026-03-23 09:01:43] [inbox_check] Starting
[2026-03-23 09:01:43] [inbox_check] Done (exit=0)
[2026-03-23 09:02:44] [slack_check] Starting
[2026-03-23 09:02:54] [slack_check] Done (exit=1)
[2026-03-23 09:03:44] [inbox_check] Starting
[2026-03-23 09:03:45] [inbox_check] Done (exit=0)
[2026-03-23 09:03:55] [slack_check] Starting
[2026-03-23 09:04:05] [slack_check] Done (exit=1)
[2026-03-23 09:05:06] [slack_check] Starting
[2026-03-23 09:05:16] [slack_check] Done (exit=1)
[2026-03-23 09:05:46] [inbox_check] Starting
[2026-03-23 09:05:47] [inbox_check] Done (exit=0)
[2026-03-23 09:06:17] [slack_check] Starting
[2026-03-23 09:06:27] [slack_check] Done (exit=1)
[2026-03-23 09:07:28] [slack_check] Starting
[2026-03-23 09:07:37] [slack_check] Done (exit=1)
[2026-03-23 09:07:47] [inbox_check] Starting
[2026-03-23 09:07:48] [inbox_check] Done (exit=0)
[2026-03-23 09:08:39] [slack_check] Starting
[2026-03-23 09:08:49] [slack_check] Done (exit=1)
[2026-03-23 09:09:50] [slack_check] Starting
[2026-03-23 09:10:00] [slack_check] Done (exit=1)
[2026-03-23 09:10:00] [inbox_check] Starting
[2026-03-23 09:10:00] [inbox_check] Done (exit=0)
[2026-03-23 09:11:01] [slack_check] Starting
[2026-03-23 09:11:11] [slack_check] Done (exit=1)
[2026-03-23 09:12:02] [inbox_check] Starting
[2026-03-23 09:12:02] [inbox_check] Done (exit=0)
[2026-03-23 09:12:13] [slack_check] Starting
[2026-03-23 09:12:23] [slack_check] Done (exit=1)
[2026-03-23 09:13:23] [slack_check] Starting
[2026-03-23 09:13:33] [slack_check] Done (exit=1)
[2026-03-23 09:14:04] [inbox_check] Starting
[2026-03-23 09:14:04] [inbox_check] Done (exit=0)
[2026-03-23 09:14:35] [slack_check] Starting
[2026-03-23 09:14:46] [slack_check] Done (exit=1)
[2026-03-23 09:15:46] [slack_check] Starting
[2026-03-23 09:15:56] [slack_check] Done (exit=1)
[2026-03-23 09:16:06] [inbox_check] Starting
[2026-03-23 09:16:07] [inbox_check] Done (exit=0)
[2026-03-23 09:16:57] [slack_check] Starting
[2026-03-23 09:17:08] [slack_check] Done (exit=1)
[2026-03-23 09:18:08] [slack_check] Starting
[2026-03-23 09:18:18] [slack_check] Done (exit=1)
[2026-03-23 09:18:18] [inbox_check] Starting
[2026-03-23 09:18:19] [inbox_check] Done (exit=0)
[2026-03-23 09:19:20] [slack_check] Starting
[2026-03-23 09:19:30] [slack_check] Done (exit=1)
[2026-03-23 09:20:20] [inbox_check] Starting
[2026-03-23 09:20:29] [inbox_check] Done (exit=0)
[2026-03-23 09:20:39] [slack_check] Starting
[2026-03-23 09:20:57] [slack_check] Done (exit=1)
[2026-03-23 09:21:57] [slack_check] Starting
[2026-03-23 09:22:27] [slack_check] Timeout (30s)
[2026-03-23 09:22:27] [slack_check] Done (exit=-1)
[2026-03-23 09:22:37] [inbox_check] Starting
[2026-03-23 09:22:38] [inbox_check] Done (exit=0)
[2026-03-23 09:23:29] [slack_check] Starting
[2026-03-23 09:23:59] [slack_check] Timeout (30s)
[2026-03-23 09:23:59] [slack_check] Done (exit=-1)
[2026-03-23 09:24:40] [inbox_check] Starting
[2026-03-23 09:24:41] [inbox_check] Done (exit=0)
[2026-03-23 09:25:01] [slack_check] Starting
[2026-03-23 09:25:11] [slack_check] Done (exit=1)
[2026-03-23 09:25:21] [git_sync] Starting
[2026-03-23 09:25:22] [git_sync] Committed and pushed
[2026-03-23 09:26:13] [slack_check] Starting
[2026-03-23 09:26:43] [slack_check] Timeout (30s)
[2026-03-23 09:26:43] [slack_check] Done (exit=-1)
[2026-03-23 09:26:53] [inbox_check] Starting
[2026-03-23 09:26:54] [inbox_check] Done (exit=0)
[2026-03-23 09:27:44] [slack_check] Starting
[2026-03-23 09:28:01] [slack_check] Done (exit=1)
[2026-03-23 09:29:01] [slack_check] Starting
[2026-03-23 09:29:11] [slack_check] Done (exit=0)
[2026-03-23 09:29:11] [inbox_check] Starting
[2026-03-23 09:34:11] [inbox_check] Timeout (300s)
[2026-03-23 09:34:11] [inbox_check] Done (exit=-1)
[2026-03-23 09:34:21] [slack_check] Starting
[2026-03-23 09:34:30] [slack_check] Done (exit=1)
[2026-03-23 09:35:31] [slack_check] Starting
[2026-03-23 09:35:40] [slack_check] Done (exit=1)
[2026-03-23 09:40:26] [slack_check] Starting
[2026-03-23 09:40:46] [slack_check] Done (exit=1)
[2026-03-23 09:40:46] [inbox_check] Starting
[2026-03-23 09:40:46] [inbox_check] Done (exit=0)
[2026-03-23 09:41:47] [slack_check] Starting
[2026-03-23 09:42:02] [slack_check] Done (exit=1)
[2026-03-23 09:42:53] [inbox_check] Starting
[2026-03-23 09:42:53] [inbox_check] Done (exit=0)
[2026-03-23 09:43:03] [slack_check] Starting
[2026-03-23 09:43:13] [slack_check] Done (exit=1)
[2026-03-23 09:44:13] [slack_check] Starting
[2026-03-23 09:44:22] [slack_check] Done (exit=1)
[2026-03-23 09:45:03] [inbox_check] Starting
[2026-03-23 09:45:04] [inbox_check] Done (exit=0)
[2026-03-23 09:45:24] [slack_check] Starting
[2026-03-23 09:45:34] [slack_check] Done (exit=0)
[2026-03-23 09:46:35] [slack_check] Starting
[2026-03-23 09:46:44] [slack_check] Done (exit=1)
[2026-03-23 09:47:04] [inbox_check] Starting
[2026-03-23 09:47:12] [inbox_check] Done (exit=0)
[2026-03-23 09:47:52] [slack_check] Starting
[2026-03-23 09:48:01] [slack_check] Done (exit=1)
[2026-03-23 09:49:02] [slack_check] Starting
[2026-03-23 09:49:11] [slack_check] Done (exit=1)
[2026-03-23 09:49:21] [inbox_check] Starting
[2026-03-23 09:49:22] [inbox_check] Done (exit=0)
[2026-03-23 09:50:13] [slack_check] Starting
[2026-03-23 09:50:22] [slack_check] Done (exit=1)
[2026-03-23 09:51:23] [slack_check] Starting
[2026-03-23 09:51:32] [slack_check] Done (exit=1)
[2026-03-23 09:51:32] [inbox_check] Starting
[2026-03-23 09:51:33] [inbox_check] Done (exit=0)
[2026-03-23 09:52:34] [slack_check] Starting
[2026-03-23 09:52:43] [slack_check] Done (exit=1)
[2026-03-23 09:53:33] [inbox_check] Starting
[2026-03-23 09:53:34] [inbox_check] Done (exit=0)
[2026-03-23 09:53:44] [slack_check] Starting
[2026-03-23 09:53:57] [slack_check] Done (exit=1)
[2026-03-23 09:54:58] [slack_check] Starting
[2026-03-23 09:55:13] [slack_check] Done (exit=1)
[2026-03-23 09:55:23] [git_sync] Starting
[2026-03-23 09:55:24] [git_sync] Committed and pushed
[2026-03-23 09:55:34] [inbox_check] Starting
[2026-03-23 09:55:35] [inbox_check] Done (exit=0)
[2026-03-23 09:56:16] [slack_check] Starting
[2026-03-23 09:56:27] [slack_check] Done (exit=1)
[2026-03-23 09:57:28] [slack_check] Starting
[2026-03-23 09:57:40] [slack_check] Done (exit=1)
[2026-03-23 09:57:50] [inbox_check] Starting
[2026-03-23 09:57:51] [inbox_check] Done (exit=0)
[2026-03-23 09:58:42] [slack_check] Starting
[2026-03-23 09:58:57] [slack_check] Done (exit=1)
[2026-03-23 09:59:57] [slack_check] Starting
[2026-03-23 10:00:27] [slack_check] Timeout (30s)
[2026-03-23 10:00:27] [slack_check] Done (exit=-1)
[2026-03-23 10:00:27] [inbox_check] Starting
[2026-03-23 10:00:28] [inbox_check] Done (exit=0)
[2026-03-23 10:01:29] [slack_check] Starting
[2026-03-23 10:01:40] [slack_check] Done (exit=1)
[2026-03-23 10:02:30] [inbox_check] Starting
[2026-03-23 10:02:31] [inbox_check] Done (exit=0)
[2026-03-23 10:02:41] [slack_check] Starting
[2026-03-23 10:02:50] [slack_check] Done (exit=1)
[2026-03-23 10:03:51] [slack_check] Starting
[2026-03-23 10:04:00] [slack_check] Done (exit=1)
[2026-03-23 10:04:41] [inbox_check] Starting
[2026-03-23 10:04:41] [inbox_check] Done (exit=0)
[2026-03-23 10:05:01] [slack_check] Starting
[2026-03-23 10:05:11] [slack_check] Done (exit=1)
[2026-03-23 10:06:11] [slack_check] Starting
[2026-03-23 10:06:41] [slack_check] Timeout (30s)
[2026-03-23 10:06:41] [slack_check] Done (exit=-1)
[2026-03-23 10:06:51] [inbox_check] Starting
[2026-03-23 10:06:52] [inbox_check] Done (exit=0)
[2026-03-23 10:07:43] [slack_check] Starting
[2026-03-23 10:07:52] [slack_check] Done (exit=1)
[2026-03-23 10:08:53] [slack_check] Starting
[2026-03-23 10:09:03] [slack_check] Done (exit=1)
[2026-03-23 10:09:03] [inbox_check] Starting
[2026-03-23 10:09:04] [inbox_check] Done (exit=0)
[2026-03-23 10:10:04] [slack_check] Starting
[2026-03-23 10:10:14] [slack_check] Done (exit=1)
[2026-03-23 10:11:04] [inbox_check] Starting
[2026-03-23 10:11:05] [inbox_check] Done (exit=0)
[2026-03-23 10:11:15] [slack_check] Starting
[2026-03-23 10:11:24] [slack_check] Done (exit=1)
[2026-03-23 10:12:25] [slack_check] Starting
[2026-03-23 10:12:34] [slack_check] Done (exit=1)
[2026-03-23 10:13:14] [inbox_check] Starting
[2026-03-23 10:13:15] [inbox_check] Done (exit=0)
[2026-03-23 10:13:35] [slack_check] Starting
[2026-03-23 10:13:44] [slack_check] Done (exit=1)
[2026-03-23 10:14:45] [slack_check] Starting
[2026-03-23 10:14:54] [slack_check] Done (exit=1)
[2026-03-23 10:15:25] [inbox_check] Starting
[2026-03-23 10:15:25] [inbox_check] Done (exit=0)
[2026-03-23 10:15:56] [slack_check] Starting
[2026-03-23 10:16:05] [slack_check] Done (exit=1)
[2026-03-23 10:17:05] [slack_check] Starting
[2026-03-23 10:17:22] [slack_check] Done (exit=1)
[2026-03-23 10:17:32] [inbox_check] Starting
[2026-03-23 10:17:33] [inbox_check] Done (exit=0)
[2026-03-23 10:18:23] [slack_check] Starting
[2026-03-23 10:18:42] [slack_check] Done (exit=1)
[2026-03-23 10:19:42] [slack_check] Starting
[2026-03-23 10:19:58] [slack_check] Done (exit=1)
[2026-03-23 10:19:58] [inbox_check] Starting
[2026-03-23 10:19:59] [inbox_check] Done (exit=0)
[2026-03-23 10:20:59] [slack_check] Starting
[2026-03-23 10:21:16] [slack_check] Done (exit=1)
[2026-03-23 10:22:06] [inbox_check] Starting
[2026-03-23 10:22:07] [inbox_check] Done (exit=0)
[2026-03-23 10:22:17] [slack_check] Starting
[2026-03-23 10:22:34] [slack_check] Done (exit=1)
[2026-03-23 10:23:35] [slack_check] Starting
[2026-03-23 10:23:50] [slack_check] Done (exit=1)
[2026-03-23 10:24:10] [inbox_check] Starting
[2026-03-23 10:24:11] [inbox_check] Done (exit=0)
[2026-03-23 10:24:52] [slack_check] Starting
[2026-03-23 10:25:08] [slack_check] Done (exit=1)
[2026-03-23 10:25:28] [git_sync] Starting
[2026-03-23 10:25:30] [git_sync] Committed and pushed
[2026-03-23 10:26:10] [slack_check] Starting
[2026-03-23 10:26:40] [slack_check] Timeout (30s)
[2026-03-23 10:26:40] [slack_check] Done (exit=-1)
[2026-03-23 10:26:50] [inbox_check] Starting
[2026-03-23 10:26:51] [inbox_check] Done (exit=0)
[2026-03-23 10:27:41] [slack_check] Starting
[2026-03-23 10:27:57] [slack_check] Done (exit=1)
[2026-03-23 10:28:57] [slack_check] Starting
[2026-03-23 10:29:08] [slack_check] Done (exit=1)
[2026-03-23 10:29:08] [inbox_check] Starting
[2026-03-23 10:29:08] [inbox_check] Done (exit=0)
[2026-03-23 10:30:09] [slack_check] Starting
[2026-03-23 10:30:22] [slack_check] Done (exit=1)
[2026-03-23 10:31:13] [inbox_check] Starting
[2026-03-23 10:31:14] [inbox_check] Done (exit=0)
[2026-03-23 10:31:24] [slack_check] Starting
[2026-03-23 10:31:33] [slack_check] Done (exit=1)
[2026-03-23 10:32:34] [slack_check] Starting
[2026-03-23 10:32:46] [slack_check] Done (exit=1)
[2026-03-23 10:33:16] [inbox_check] Starting
[2026-03-23 10:33:17] [inbox_check] Done (exit=0)
[2026-03-23 10:33:47] [slack_check] Starting
[2026-03-23 10:33:58] [slack_check] Done (exit=1)
[2026-03-23 10:34:59] [slack_check] Starting
[2026-03-23 10:35:09] [slack_check] Done (exit=1)
[2026-03-23 10:35:19] [inbox_check] Starting
[2026-03-23 10:35:20] [inbox_check] Done (exit=0)
[2026-03-23 10:36:11] [slack_check] Starting
[2026-03-23 10:36:21] [slack_check] Done (exit=1)
[2026-03-23 10:37:22] [slack_check] Starting
[2026-03-23 10:37:32] [slack_check] Done (exit=1)
[2026-03-23 10:37:32] [inbox_check] Starting
[2026-03-23 10:37:33] [inbox_check] Done (exit=0)
[2026-03-23 10:38:34] [slack_check] Starting
[2026-03-23 10:38:44] [slack_check] Done (exit=1)
[2026-03-23 10:39:34] [inbox_check] Starting
[2026-03-23 10:39:35] [inbox_check] Done (exit=0)
[2026-03-23 10:39:45] [slack_check] Starting
[2026-03-23 10:39:55] [slack_check] Done (exit=1)
[2026-03-23 10:40:55] [slack_check] Starting
[2026-03-23 10:41:06] [slack_check] Done (exit=1)
[2026-03-23 10:41:36] [inbox_check] Starting
[2026-03-23 10:41:37] [inbox_check] Done (exit=0)
[2026-03-23 10:42:07] [slack_check] Starting
[2026-03-23 10:42:17] [slack_check] Done (exit=1)
[2026-03-23 10:43:18] [slack_check] Starting
[2026-03-23 10:43:28] [slack_check] Done (exit=1)
[2026-03-23 10:43:38] [inbox_check] Starting
[2026-03-23 10:43:39] [inbox_check] Done (exit=0)
[2026-03-23 10:44:30] [slack_check] Starting
[2026-03-23 10:44:40] [slack_check] Done (exit=1)
[2026-03-23 10:45:41] [slack_check] Starting
[2026-03-23 10:45:51] [slack_check] Done (exit=1)
[2026-03-23 10:45:51] [inbox_check] Starting
[2026-03-23 10:45:52] [inbox_check] Done (exit=0)
[2026-03-23 10:46:53] [slack_check] Starting
[2026-03-23 10:47:04] [slack_check] Done (exit=1)
[2026-03-23 10:47:55] [inbox_check] Starting
[2026-03-23 10:47:55] [inbox_check] Done (exit=0)
[2026-03-23 10:48:05] [slack_check] Starting
[2026-03-23 10:48:16] [slack_check] Done (exit=1)
[2026-03-23 10:49:17] [slack_check] Starting
[2026-03-23 10:49:27] [slack_check] Done (exit=1)
[2026-03-23 10:49:57] [inbox_check] Starting
[2026-03-23 10:49:58] [inbox_check] Done (exit=0)
[2026-03-23 10:50:28] [slack_check] Starting
[2026-03-23 10:50:39] [slack_check] Done (exit=1)
[2026-03-23 10:51:40] [slack_check] Starting
[2026-03-23 10:51:50] [slack_check] Done (exit=1)
[2026-03-23 10:52:00] [inbox_check] Starting
[2026-03-23 10:52:00] [inbox_check] Done (exit=0)
[2026-03-23 10:52:51] [slack_check] Starting
[2026-03-23 10:53:01] [slack_check] Done (exit=1)
[2026-03-23 10:54:02] [slack_check] Starting
[2026-03-23 10:54:12] [slack_check] Done (exit=1)
[2026-03-23 10:54:12] [inbox_check] Starting
[2026-03-23 10:54:13] [inbox_check] Done (exit=0)
[2026-03-23 10:55:14] [slack_check] Starting
[2026-03-23 10:55:24] [slack_check] Done (exit=1)
[2026-03-23 10:55:34] [git_sync] Starting
[2026-03-23 10:55:36] [git_sync] Committed and pushed
[2026-03-23 10:56:16] [inbox_check] Starting
[2026-03-23 10:56:17] [inbox_check] Done (exit=0)
[2026-03-23 10:56:27] [slack_check] Starting
[2026-03-23 10:56:37] [slack_check] Done (exit=1)
[2026-03-23 10:57:38] [slack_check] Starting
[2026-03-23 10:57:48] [slack_check] Done (exit=1)
[2026-03-23 10:58:18] [inbox_check] Starting
[2026-03-23 10:58:19] [inbox_check] Done (exit=0)
[2026-03-23 10:58:50] [slack_check] Starting
[2026-03-23 10:59:02] [slack_check] Done (exit=1)
[2026-03-23 11:00:03] [slack_check] Starting
[2026-03-23 11:00:15] [slack_check] Done (exit=1)
[2026-03-23 11:00:25] [inbox_check] Starting
[2026-03-23 11:00:26] [inbox_check] Done (exit=0)
[2026-03-23 11:01:16] [slack_check] Starting
[2026-03-23 11:01:26] [slack_check] Done (exit=1)
[2026-03-23 11:02:27] [slack_check] Starting
[2026-03-23 11:02:39] [slack_check] Done (exit=1)
[2026-03-23 11:02:39] [inbox_check] Starting
[2026-03-23 11:02:40] [inbox_check] Done (exit=0)
[2026-03-23 11:03:40] [slack_check] Starting
[2026-03-23 11:03:51] [slack_check] Done (exit=1)
[2026-03-23 11:04:42] [inbox_check] Starting
[2026-03-23 11:04:43] [inbox_check] Done (exit=0)
[2026-03-23 11:04:53] [slack_check] Starting
[2026-03-23 11:05:04] [slack_check] Done (exit=1)
[2026-03-23 11:06:04] [slack_check] Starting
[2026-03-23 11:06:14] [slack_check] Done (exit=1)
[2026-03-23 11:06:44] [inbox_check] Starting
[2026-03-23 11:06:45] [inbox_check] Done (exit=0)
[2026-03-23 11:07:15] [slack_check] Starting
[2026-03-23 11:07:25] [slack_check] Done (exit=1)
[2026-03-23 11:08:26] [slack_check] Starting
[2026-03-23 11:08:35] [slack_check] Done (exit=1)
[2026-03-23 11:08:45] [inbox_check] Starting
[2026-03-23 11:08:46] [inbox_check] Done (exit=0)
[2026-03-23 11:09:37] [slack_check] Starting
[2026-03-23 11:09:47] [slack_check] Done (exit=1)
[2026-03-23 11:10:48] [slack_check] Starting
[2026-03-23 11:10:58] [slack_check] Done (exit=1)
[2026-03-23 11:10:58] [inbox_check] Starting
[2026-03-23 11:10:59] [inbox_check] Done (exit=0)
[2026-03-23 11:12:00] [slack_check] Starting
[2026-03-23 11:12:11] [slack_check] Done (exit=1)
[2026-03-23 11:13:01] [inbox_check] Starting
[2026-03-23 11:13:02] [inbox_check] Done (exit=0)
[2026-03-23 11:13:12] [slack_check] Starting
[2026-03-23 11:13:23] [slack_check] Done (exit=1)
[2026-03-23 11:14:24] [slack_check] Starting
[2026-03-23 11:14:36] [slack_check] Done (exit=1)
[2026-03-23 11:15:07] [inbox_check] Starting
[2026-03-23 11:15:07] [inbox_check] Done (exit=0)
[2026-03-23 11:15:38] [slack_check] Starting
[2026-03-23 11:15:48] [slack_check] Done (exit=1)
[2026-03-23 11:16:48] [slack_check] Starting
[2026-03-23 11:16:58] [slack_check] Done (exit=1)
[2026-03-23 11:17:09] [inbox_check] Starting
[2026-03-23 11:17:09] [inbox_check] Done (exit=0)
[2026-03-23 11:18:00] [slack_check] Starting
[2026-03-23 11:18:09] [slack_check] Done (exit=1)
[2026-03-23 11:19:10] [slack_check] Starting
[2026-03-23 11:19:21] [slack_check] Done (exit=1)
[2026-03-23 11:19:21] [inbox_check] Starting
[2026-03-23 11:19:22] [inbox_check] Done (exit=0)
[2026-03-23 11:20:22] [slack_check] Starting
[2026-03-23 11:20:32] [slack_check] Done (exit=1)
[2026-03-23 11:21:23] [inbox_check] Starting
[2026-03-23 11:21:24] [inbox_check] Done (exit=0)
[2026-03-23 11:21:34] [slack_check] Starting
[2026-03-23 11:21:46] [slack_check] Done (exit=1)
[2026-03-23 11:22:46] [slack_check] Starting
[2026-03-23 11:23:02] [slack_check] Done (exit=1)
[2026-03-23 11:23:32] [inbox_check] Starting
[2026-03-23 11:23:33] [inbox_check] Done (exit=0)
[2026-03-23 11:24:03] [slack_check] Starting
[2026-03-23 11:24:21] [slack_check] Done (exit=1)
[2026-03-23 11:25:22] [slack_check] Starting
[2026-03-23 11:25:37] [slack_check] Done (exit=1)
[2026-03-23 11:25:48] [inbox_check] Starting
[2026-03-23 11:25:49] [inbox_check] Done (exit=0)
[2026-03-23 11:25:49] [git_sync] Starting
[2026-03-23 11:25:50] [git_sync] Committed and pushed
[2026-03-23 11:26:41] [slack_check] Starting
[2026-03-23 11:26:52] [slack_check] Done (exit=1)
[2026-03-23 11:27:53] [slack_check] Starting
[2026-03-23 11:28:03] [slack_check] Done (exit=1)
[2026-03-23 11:28:03] [inbox_check] Starting
[2026-03-23 11:28:03] [inbox_check] Done (exit=0)
[2026-03-23 11:29:04] [slack_check] Starting
[2026-03-23 11:29:13] [slack_check] Done (exit=1)
[2026-03-23 11:30:03] [inbox_check] Starting
[2026-03-23 11:30:04] [inbox_check] Done (exit=0)
[2026-03-23 11:30:14] [slack_check] Starting
[2026-03-23 11:30:27] [slack_check] Done (exit=1)
[2026-03-23 11:31:27] [slack_check] Starting
[2026-03-23 11:31:39] [slack_check] Done (exit=1)
[2026-03-23 11:32:09] [inbox_check] Starting
[2026-03-23 11:32:10] [inbox_check] Done (exit=0)
[2026-03-23 11:32:40] [slack_check] Starting
[2026-03-23 11:32:51] [slack_check] Done (exit=1)
[2026-03-23 11:33:52] [slack_check] Starting
[2026-03-23 11:34:07] [slack_check] Done (exit=1)
[2026-03-23 11:34:17] [inbox_check] Starting
[2026-03-23 11:34:18] [inbox_check] Done (exit=0)
[2026-03-23 11:35:08] [slack_check] Starting
[2026-03-23 11:35:23] [slack_check] Done (exit=1)
[2026-03-23 11:36:24] [slack_check] Starting
[2026-03-23 11:36:37] [slack_check] Done (exit=1)
[2026-03-23 11:36:37] [inbox_check] Starting
[2026-03-23 11:36:38] [inbox_check] Done (exit=0)
[2026-03-23 11:37:39] [slack_check] Starting
[2026-03-23 11:37:52] [slack_check] Done (exit=1)
[2026-03-23 11:38:42] [inbox_check] Starting
[2026-03-23 11:38:43] [inbox_check] Done (exit=0)
[2026-03-23 11:38:53] [slack_check] Starting
[2026-03-23 11:39:05] [slack_check] Done (exit=1)
[2026-03-23 11:40:06] [slack_check] Starting
[2026-03-23 11:40:16] [slack_check] Done (exit=1)
[2026-03-23 11:40:46] [inbox_check] Starting
[2026-03-23 11:40:47] [inbox_check] Done (exit=0)
[2026-03-23 11:41:17] [slack_check] Starting
[2026-03-23 11:41:26] [slack_check] Done (exit=1)
[2026-03-23 11:42:27] [slack_check] Starting
[2026-03-23 11:42:38] [slack_check] Done (exit=1)
[2026-03-23 11:42:48] [inbox_check] Starting
[2026-03-23 11:42:48] [inbox_check] Done (exit=0)
[2026-03-23 11:43:39] [slack_check] Starting
[2026-03-23 11:43:49] [slack_check] Done (exit=1)
[2026-03-23 11:44:50] [slack_check] Starting
[2026-03-23 11:44:59] [slack_check] Done (exit=1)
[2026-03-23 11:44:59] [inbox_check] Starting
[2026-03-23 11:45:00] [inbox_check] Done (exit=0)
[2026-03-23 11:46:01] [slack_check] Starting
[2026-03-23 11:46:10] [slack_check] Done (exit=1)
[2026-03-23 11:47:00] [inbox_check] Starting
[2026-03-23 11:47:01] [inbox_check] Done (exit=0)
[2026-03-23 11:47:11] [slack_check] Starting
[2026-03-23 11:47:34] [slack_check] Done (exit=1)
[2026-03-23 11:48:34] [slack_check] Starting
[2026-03-23 11:48:47] [slack_check] Done (exit=1)
[2026-03-23 11:49:08] [inbox_check] Starting
[2026-03-23 11:49:08] [inbox_check] Done (exit=0)
[2026-03-23 11:49:49] [slack_check] Starting
[2026-03-23 11:50:05] [slack_check] Done (exit=1)
[2026-03-23 11:51:05] [slack_check] Starting
[2026-03-23 11:51:20] [slack_check] Done (exit=1)
[2026-03-23 11:51:30] [inbox_check] Starting
[2026-03-23 11:51:31] [inbox_check] Done (exit=0)
[2026-03-23 11:52:21] [slack_check] Starting
[2026-03-23 11:52:37] [slack_check] Done (exit=1)
[2026-03-23 11:53:37] [slack_check] Starting
[2026-03-23 11:53:51] [slack_check] Done (exit=1)
[2026-03-23 11:53:51] [inbox_check] Starting
[2026-03-23 11:53:52] [inbox_check] Done (exit=0)
[2026-03-23 11:54:52] [slack_check] Starting
[2026-03-23 11:55:07] [slack_check] Done (exit=1)
[2026-03-23 11:55:58] [inbox_check] Starting
[2026-03-23 11:55:59] [inbox_check] Done (exit=0)
[2026-03-23 11:55:59] [git_sync] Starting
[2026-03-23 11:56:00] [git_sync] Committed and pushed
[2026-03-23 11:56:11] [slack_check] Starting
[2026-03-23 11:56:27] [slack_check] Done (exit=1)
[2026-03-23 11:57:28] [slack_check] Starting
[2026-03-23 11:57:44] [slack_check] Done (exit=1)
[2026-03-23 11:58:04] [inbox_check] Starting
[2026-03-23 11:58:05] [inbox_check] Done (exit=0)
[2026-03-23 11:58:45] [slack_check] Starting
[2026-03-23 11:59:00] [slack_check] Done (exit=1)
[2026-03-23 12:00:00] [slack_check] Starting
[2026-03-23 12:00:13] [slack_check] Done (exit=1)
[2026-03-23 12:00:23] [inbox_check] Starting
[2026-03-23 12:00:23] [inbox_check] Done (exit=0)
[2026-03-23 12:01:14] [slack_check] Starting
[2026-03-23 12:01:28] [slack_check] Done (exit=1)
[2026-03-23 12:02:28] [slack_check] Starting
[2026-03-23 12:02:39] [slack_check] Done (exit=1)
[2026-03-23 12:02:39] [inbox_check] Starting
[2026-03-23 12:02:40] [inbox_check] Done (exit=0)
[2026-03-23 12:03:40] [slack_check] Starting
[2026-03-23 12:03:52] [slack_check] Done (exit=1)
[2026-03-23 12:04:43] [inbox_check] Starting
[2026-03-23 12:04:43] [inbox_check] Done (exit=0)
[2026-03-23 12:04:53] [slack_check] Starting
[2026-03-23 12:05:07] [slack_check] Done (exit=1)
[2026-03-23 12:06:08] [slack_check] Starting
[2026-03-23 12:06:23] [slack_check] Done (exit=1)
[2026-03-23 12:06:53] [inbox_check] Starting
[2026-03-23 12:06:54] [inbox_check] Done (exit=0)
[2026-03-23 12:07:25] [slack_check] Starting
[2026-03-23 12:07:34] [slack_check] Done (exit=1)
[2026-03-23 12:08:35] [slack_check] Starting
[2026-03-23 12:08:49] [slack_check] Done (exit=1)
[2026-03-23 12:09:00] [inbox_check] Starting
[2026-03-23 12:09:00] [inbox_check] Done (exit=0)
[2026-03-23 12:09:51] [slack_check] Starting
[2026-03-23 12:10:06] [slack_check] Done (exit=1)
[2026-03-23 12:11:06] [slack_check] Starting
[2026-03-23 12:11:19] [slack_check] Done (exit=1)
[2026-03-23 12:11:19] [inbox_check] Starting
[2026-03-23 12:11:20] [inbox_check] Done (exit=0)
[2026-03-23 12:12:20] [slack_check] Starting
[2026-03-23 12:12:33] [slack_check] Done (exit=1)
[2026-03-23 12:13:23] [inbox_check] Starting
[2026-03-23 12:13:24] [inbox_check] Done (exit=0)
[2026-03-23 12:13:34] [slack_check] Starting
[2026-03-23 12:13:48] [slack_check] Done (exit=1)
[2026-03-23 12:14:48] [slack_check] Starting
[2026-03-23 12:15:01] [slack_check] Done (exit=1)
[2026-03-23 12:15:31] [inbox_check] Starting
[2026-03-23 12:15:32] [inbox_check] Done (exit=0)
[2026-03-23 12:16:02] [slack_check] Starting
[2026-03-23 12:16:18] [slack_check] Done (exit=1)
[2026-03-23 12:17:18] [slack_check] Starting
[2026-03-23 12:17:33] [slack_check] Done (exit=1)
[2026-03-23 12:17:44] [inbox_check] Starting
[2026-03-23 12:17:44] [inbox_check] Done (exit=0)
[2026-03-23 12:18:35] [slack_check] Starting
[2026-03-23 12:18:48] [slack_check] Done (exit=1)
[2026-03-23 12:19:49] [slack_check] Starting
[2026-03-23 12:20:03] [slack_check] Done (exit=1)
[2026-03-23 12:20:03] [inbox_check] Starting
[2026-03-23 12:20:04] [inbox_check] Done (exit=0)
[2026-03-23 12:21:05] [slack_check] Starting
[2026-03-23 12:21:17] [slack_check] Done (exit=1)
[2026-03-23 12:22:08] [inbox_check] Starting
[2026-03-23 12:22:08] [inbox_check] Done (exit=0)
[2026-03-23 12:22:19] [slack_check] Starting
[2026-03-23 12:22:33] [slack_check] Done (exit=1)
[2026-03-23 12:23:34] [slack_check] Starting
[2026-03-23 12:23:48] [slack_check] Done (exit=1)
[2026-03-23 12:24:18] [inbox_check] Starting
[2026-03-23 12:24:19] [inbox_check] Done (exit=0)
[2026-03-23 12:24:49] [slack_check] Starting
[2026-03-23 12:25:03] [slack_check] Done (exit=1)
[2026-03-23 12:26:04] [slack_check] Starting
[2026-03-23 12:26:18] [slack_check] Done (exit=1)
[2026-03-23 12:26:18] [git_sync] Starting
[2026-03-23 12:26:20] [git_sync] Committed and pushed
[2026-03-23 12:26:30] [inbox_check] Starting
[2026-03-23 12:26:30] [inbox_check] Done (exit=0)
[2026-03-23 12:27:21] [slack_check] Starting
[2026-03-23 12:27:36] [slack_check] Done (exit=1)
[2026-03-23 12:28:36] [slack_check] Starting
[2026-03-23 12:28:50] [slack_check] Done (exit=1)
[2026-03-23 12:28:50] [inbox_check] Starting
[2026-03-23 12:28:51] [inbox_check] Done (exit=0)
[2026-03-23 12:29:51] [slack_check] Starting
[2026-03-23 12:30:06] [slack_check] Done (exit=1)
[2026-03-23 12:30:57] [inbox_check] Starting
[2026-03-23 12:30:57] [inbox_check] Done (exit=0)
[2026-03-23 12:31:08] [slack_check] Starting
[2026-03-23 12:31:20] [slack_check] Done (exit=1)
[2026-03-23 12:32:20] [slack_check] Starting
[2026-03-23 12:32:34] [slack_check] Done (exit=1)
[2026-03-23 12:33:04] [inbox_check] Starting
[2026-03-23 12:33:05] [inbox_check] Done (exit=0)
[2026-03-23 12:33:35] [slack_check] Starting
[2026-03-23 12:33:49] [slack_check] Done (exit=1)
[2026-03-23 12:34:50] [slack_check] Starting
[2026-03-23 12:35:02] [slack_check] Done (exit=1)
[2026-03-23 12:35:12] [inbox_check] Starting
[2026-03-23 12:35:13] [inbox_check] Done (exit=0)
[2026-03-23 12:36:04] [slack_check] Starting
[2026-03-23 12:36:23] [slack_check] Done (exit=1)
[2026-03-23 12:37:14] [inbox_check] Starting
[2026-03-23 12:37:15] [inbox_check] Done (exit=0)
[2026-03-23 12:37:25] [slack_check] Starting
[2026-03-23 12:37:39] [slack_check] Done (exit=1)
[2026-03-23 12:38:40] [slack_check] Starting
[2026-03-23 12:38:54] [slack_check] Done (exit=1)
[2026-03-23 12:39:24] [inbox_check] Starting
[2026-03-23 12:39:25] [inbox_check] Done (exit=0)
[2026-03-23 12:39:55] [slack_check] Starting
[2026-03-23 12:40:11] [slack_check] Done (exit=1)
[2026-03-23 12:41:11] [slack_check] Starting
[2026-03-23 12:41:27] [slack_check] Done (exit=1)
[2026-03-23 12:41:37] [inbox_check] Starting
[2026-03-23 12:41:37] [inbox_check] Done (exit=0)
[2026-03-23 12:42:28] [slack_check] Starting
[2026-03-23 12:42:44] [slack_check] Done (exit=1)
[2026-03-23 12:43:44] [slack_check] Starting
[2026-03-23 12:44:00] [slack_check] Done (exit=1)
[2026-03-23 12:44:00] [inbox_check] Starting
[2026-03-23 12:44:01] [inbox_check] Done (exit=0)
[2026-03-23 12:45:01] [slack_check] Starting
[2026-03-23 12:45:17] [slack_check] Done (exit=1)
[2026-03-23 12:46:08] [inbox_check] Starting
[2026-03-23 12:46:09] [inbox_check] Done (exit=0)
[2026-03-23 12:46:19] [slack_check] Starting
[2026-03-23 12:46:34] [slack_check] Done (exit=1)
[2026-03-23 12:47:34] [slack_check] Starting
[2026-03-23 12:48:05] [slack_check] Timeout (30s)
[2026-03-23 12:48:05] [slack_check] Done (exit=-1)
[2026-03-23 12:48:15] [inbox_check] Starting
[2026-03-23 12:48:15] [inbox_check] Done (exit=0)
[2026-03-23 12:49:06] [slack_check] Starting
[2026-03-23 12:49:22] [slack_check] Done (exit=1)
[2026-03-23 12:50:23] [slack_check] Starting
[2026-03-23 12:50:39] [slack_check] Done (exit=1)
[2026-03-23 12:50:39] [inbox_check] Starting
[2026-03-23 12:50:40] [inbox_check] Done (exit=0)
[2026-03-23 12:51:40] [slack_check] Starting
[2026-03-23 12:52:10] [slack_check] Timeout (30s)
[2026-03-23 12:52:10] [slack_check] Done (exit=-1)
[2026-03-23 12:52:41] [inbox_check] Starting
[2026-03-23 12:52:41] [inbox_check] Done (exit=0)
[2026-03-23 12:53:12] [slack_check] Starting
[2026-03-23 12:53:28] [slack_check] Done (exit=0)
[2026-03-23 12:54:29] [slack_check] Starting
[2026-03-23 12:54:45] [slack_check] Done (exit=0)
[2026-03-23 12:54:55] [inbox_check] Starting
[2026-03-23 12:59:55] [inbox_check] Timeout (300s)
[2026-03-23 12:59:55] [inbox_check] Done (exit=-1)
[2026-03-23 13:00:05] [slack_check] Starting
[2026-03-23 13:00:36] [slack_check] Timeout (30s)
[2026-03-23 13:00:36] [slack_check] Done (exit=-1)
[2026-03-23 13:00:36] [git_sync] Starting
[2026-03-23 13:00:38] [git_sync] Committed and pushed
[2026-03-23 13:01:39] [slack_check] Starting
[2026-03-23 13:01:54] [slack_check] Done (exit=1)
[2026-03-23 13:02:05] [inbox_check] Starting
[2026-03-23 13:02:05] [inbox_check] Done (exit=0)
[2026-03-23 13:02:56] [slack_check] Starting
[2026-03-23 13:03:12] [slack_check] Done (exit=1)
[2026-03-23 13:04:12] [slack_check] Starting
[2026-03-23 13:04:28] [slack_check] Done (exit=1)
[2026-03-23 13:04:28] [inbox_check] Starting
[2026-03-23 13:04:29] [inbox_check] Done (exit=0)
[2026-03-23 13:05:30] [slack_check] Starting
[2026-03-23 13:05:46] [slack_check] Done (exit=1)
[2026-03-23 13:06:36] [inbox_check] Starting
[2026-03-23 13:06:37] [inbox_check] Done (exit=0)
[2026-03-23 13:06:47] [slack_check] Starting
[2026-03-23 13:07:02] [slack_check] Done (exit=1)
[2026-03-23 13:08:03] [slack_check] Starting
[2026-03-23 13:08:18] [slack_check] Done (exit=1)
[2026-03-23 13:08:38] [inbox_check] Starting
[2026-03-23 13:08:39] [inbox_check] Done (exit=0)
[2026-03-23 13:09:19] [slack_check] Starting
[2026-03-23 13:09:34] [slack_check] Done (exit=1)
[2026-03-23 13:10:35] [slack_check] Starting
[2026-03-23 13:10:47] [slack_check] Done (exit=1)
[2026-03-23 13:10:57] [inbox_check] Starting
[2026-03-23 13:10:58] [inbox_check] Done (exit=0)
[2026-03-23 13:11:48] [slack_check] Starting
[2026-03-23 13:12:02] [slack_check] Done (exit=1)
[2026-03-23 13:13:03] [slack_check] Starting
[2026-03-23 13:13:33] [slack_check] Timeout (30s)
[2026-03-23 13:13:33] [slack_check] Done (exit=-1)
[2026-03-23 13:13:33] [inbox_check] Starting
[2026-03-23 13:13:36] [inbox_check] Done (exit=0)
[2026-03-23 13:14:36] [slack_check] Starting
[2026-03-23 13:14:46] [slack_check] Done (exit=1)
[2026-03-23 13:15:37] [inbox_check] Starting
[2026-03-23 13:15:38] [inbox_check] Done (exit=0)
[2026-03-23 13:15:48] [slack_check] Starting
[2026-03-23 13:15:58] [slack_check] Done (exit=1)
[2026-03-23 13:16:58] [slack_check] Starting
[2026-03-23 13:17:08] [slack_check] Done (exit=1)
[2026-03-23 13:17:39] [inbox_check] Starting
[2026-03-23 13:17:39] [inbox_check] Done (exit=0)
[2026-03-23 13:18:10] [slack_check] Starting
[2026-03-23 13:18:19] [slack_check] Done (exit=1)
[2026-03-23 13:19:20] [slack_check] Starting
[2026-03-23 13:19:29] [slack_check] Done (exit=1)
[2026-03-23 13:19:49] [inbox_check] Starting
[2026-03-23 13:19:50] [inbox_check] Done (exit=0)
[2026-03-23 13:20:30] [slack_check] Starting
[2026-03-23 13:20:40] [slack_check] Done (exit=1)
[2026-03-23 13:21:41] [slack_check] Starting
[2026-03-23 13:21:51] [slack_check] Done (exit=1)
[2026-03-23 13:22:01] [inbox_check] Starting
[2026-03-23 13:22:01] [inbox_check] Done (exit=0)
[2026-03-23 13:22:52] [slack_check] Starting
[2026-03-23 13:23:02] [slack_check] Done (exit=1)
[2026-03-23 13:24:02] [slack_check] Starting
[2026-03-23 13:24:12] [slack_check] Done (exit=1)
[2026-03-23 13:24:12] [inbox_check] Starting
[2026-03-23 13:24:13] [inbox_check] Done (exit=0)
[2026-03-23 13:25:14] [slack_check] Starting
[2026-03-23 13:25:24] [slack_check] Done (exit=1)
[2026-03-23 13:26:14] [inbox_check] Starting
[2026-03-23 13:26:15] [inbox_check] Done (exit=0)
[2026-03-23 13:26:26] [slack_check] Starting
[2026-03-23 13:26:35] [slack_check] Done (exit=1)
[2026-03-23 13:27:36] [slack_check] Starting
[2026-03-23 13:27:47] [slack_check] Done (exit=1)
[2026-03-23 13:28:17] [inbox_check] Starting
[2026-03-23 13:28:18] [inbox_check] Done (exit=0)
[2026-03-23 13:28:48] [slack_check] Starting
[2026-03-23 13:28:57] [slack_check] Done (exit=1)
[2026-03-23 13:29:58] [slack_check] Starting
[2026-03-23 13:30:08] [slack_check] Done (exit=1)
[2026-03-23 13:30:18] [inbox_check] Starting
[2026-03-23 13:30:19] [inbox_check] Done (exit=0)
[2026-03-23 13:30:39] [git_sync] Starting
[2026-03-23 13:30:41] [git_sync] Committed and pushed
[2026-03-23 13:31:11] [slack_check] Starting
[2026-03-23 13:31:21] [slack_check] Done (exit=1)
[2026-03-23 13:32:22] [slack_check] Starting
[2026-03-23 13:32:36] [slack_check] Done (exit=1)
[2026-03-23 13:32:36] [inbox_check] Starting
[2026-03-23 13:32:37] [inbox_check] Done (exit=0)
[2026-03-23 13:33:38] [slack_check] Starting
[2026-03-23 13:33:47] [slack_check] Done (exit=1)
[2026-03-23 13:34:37] [inbox_check] Starting
[2026-03-23 13:34:38] [inbox_check] Done (exit=0)
[2026-03-23 13:34:48] [slack_check] Starting
[2026-03-23 13:34:58] [slack_check] Done (exit=1)
[2026-03-23 13:35:58] [slack_check] Starting
[2026-03-23 13:36:08] [slack_check] Done (exit=1)
[2026-03-23 13:36:38] [inbox_check] Starting
[2026-03-23 13:36:39] [inbox_check] Done (exit=0)
[2026-03-23 13:37:09] [slack_check] Starting
[2026-03-23 13:37:19] [slack_check] Done (exit=1)
[2026-03-23 13:38:19] [slack_check] Starting
[2026-03-23 13:38:28] [slack_check] Done (exit=1)
[2026-03-23 13:38:49] [inbox_check] Starting
[2026-03-23 13:38:49] [inbox_check] Done (exit=0)
[2026-03-23 13:39:30] [slack_check] Starting
[2026-03-23 13:39:41] [slack_check] Done (exit=1)
[2026-03-23 13:40:41] [slack_check] Starting
[2026-03-23 13:40:51] [slack_check] Done (exit=1)
[2026-03-23 13:41:02] [inbox_check] Starting
[2026-03-23 13:41:02] [inbox_check] Done (exit=0)
[2026-03-23 13:41:53] [slack_check] Starting
[2026-03-23 13:42:03] [slack_check] Done (exit=1)
[2026-03-23 13:43:04] [slack_check] Starting
[2026-03-23 13:43:14] [slack_check] Done (exit=1)
[2026-03-23 13:43:14] [inbox_check] Starting
[2026-03-23 13:43:15] [inbox_check] Done (exit=0)
[2026-03-23 13:44:16] [slack_check] Starting
[2026-03-23 13:44:26] [slack_check] Done (exit=1)
[2026-03-23 13:45:17] [inbox_check] Starting
[2026-03-23 13:45:17] [inbox_check] Done (exit=0)
[2026-03-23 13:45:27] [slack_check] Starting
[2026-03-23 13:45:37] [slack_check] Done (exit=1)
[2026-03-23 13:46:38] [slack_check] Starting
[2026-03-23 13:46:49] [slack_check] Done (exit=1)
[2026-03-23 13:47:19] [inbox_check] Starting
[2026-03-23 13:47:20] [inbox_check] Done (exit=0)
[2026-03-23 13:47:50] [slack_check] Starting
[2026-03-23 13:48:00] [slack_check] Done (exit=1)
[2026-03-23 13:49:01] [slack_check] Starting
[2026-03-23 13:49:10] [slack_check] Done (exit=1)
[2026-03-23 13:49:21] [inbox_check] Starting
[2026-03-23 13:49:21] [inbox_check] Done (exit=0)
[2026-03-23 13:50:12] [slack_check] Starting
[2026-03-23 13:50:24] [slack_check] Done (exit=1)
[2026-03-23 13:51:25] [slack_check] Starting
[2026-03-23 13:51:34] [slack_check] Done (exit=1)
[2026-03-23 13:51:34] [inbox_check] Starting
[2026-03-23 13:51:35] [inbox_check] Done (exit=0)
[2026-03-23 13:52:36] [slack_check] Starting
[2026-03-23 13:52:47] [slack_check] Done (exit=1)
[2026-03-23 13:53:37] [inbox_check] Starting
[2026-03-23 13:53:38] [inbox_check] Done (exit=0)
[2026-03-23 13:53:48] [slack_check] Starting
[2026-03-23 13:53:59] [slack_check] Done (exit=1)
[2026-03-23 13:55:00] [slack_check] Starting
[2026-03-23 13:55:12] [slack_check] Done (exit=1)
[2026-03-23 13:55:42] [inbox_check] Starting
[2026-03-23 13:55:43] [inbox_check] Done (exit=0)
[2026-03-23 13:56:14] [slack_check] Starting
[2026-03-23 13:56:25] [slack_check] Done (exit=1)
[2026-03-23 13:57:26] [slack_check] Starting
[2026-03-23 13:57:37] [slack_check] Done (exit=1)
[2026-03-23 13:57:47] [inbox_check] Starting
[2026-03-23 13:57:48] [inbox_check] Done (exit=0)
[2026-03-23 13:58:39] [slack_check] Starting
[2026-03-23 13:58:50] [slack_check] Done (exit=1)
[2026-03-23 13:59:50] [slack_check] Starting
[2026-03-23 14:00:03] [slack_check] Done (exit=1)
[2026-03-23 14:00:03] [inbox_check] Starting
[2026-03-23 14:00:03] [inbox_check] Done (exit=0)
[2026-03-23 14:00:44] [git_sync] Starting
[2026-03-23 14:00:45] [git_sync] Committed and pushed
[2026-03-23 14:01:05] [slack_check] Starting
[2026-03-23 14:01:15] [slack_check] Done (exit=1)
[2026-03-23 14:02:05] [inbox_check] Starting
[2026-03-23 14:02:06] [inbox_check] Done (exit=0)
[2026-03-23 14:02:16] [slack_check] Starting
[2026-03-23 14:02:29] [slack_check] Done (exit=1)
[2026-03-23 14:03:30] [slack_check] Starting
[2026-03-23 14:03:45] [slack_check] Done (exit=1)
[2026-03-23 14:04:15] [inbox_check] Starting
[2026-03-23 14:04:16] [inbox_check] Done (exit=0)
[2026-03-23 14:04:46] [slack_check] Starting
[2026-03-23 14:04:59] [slack_check] Done (exit=1)
[2026-03-23 14:05:59] [slack_check] Starting
[2026-03-23 14:06:13] [slack_check] Done (exit=1)
[2026-03-23 14:06:23] [inbox_check] Starting
[2026-03-23 14:06:24] [inbox_check] Done (exit=0)
[2026-03-23 14:07:15] [slack_check] Starting
[2026-03-23 14:07:32] [slack_check] Done (exit=1)
[2026-03-23 14:08:32] [slack_check] Starting
[2026-03-23 14:08:47] [slack_check] Done (exit=1)
[2026-03-23 14:08:47] [inbox_check] Starting
[2026-03-23 14:08:48] [inbox_check] Done (exit=0)
[2026-03-23 14:09:49] [slack_check] Starting
[2026-03-23 14:10:04] [slack_check] Done (exit=1)
[2026-03-23 14:10:54] [inbox_check] Starting
[2026-03-23 14:10:55] [inbox_check] Done (exit=0)
[2026-03-23 14:11:05] [slack_check] Starting
[2026-03-23 14:11:21] [slack_check] Done (exit=1)
[2026-03-23 14:12:21] [slack_check] Starting
[2026-03-23 14:12:35] [slack_check] Done (exit=1)
[2026-03-23 14:12:55] [inbox_check] Starting
[2026-03-23 14:12:56] [inbox_check] Done (exit=0)
[2026-03-23 14:13:36] [slack_check] Starting
[2026-03-23 14:13:52] [slack_check] Done (exit=1)
[2026-03-23 14:14:52] [slack_check] Starting
[2026-03-23 14:15:09] [slack_check] Done (exit=1)
[2026-03-23 14:15:19] [inbox_check] Starting
[2026-03-23 14:15:19] [inbox_check] Done (exit=0)
[2026-03-23 14:16:10] [slack_check] Starting
[2026-03-23 14:16:25] [slack_check] Done (exit=1)
[2026-03-23 14:17:25] [slack_check] Starting
[2026-03-23 14:17:40] [slack_check] Done (exit=1)
[2026-03-23 14:17:40] [inbox_check] Starting
[2026-03-23 14:17:41] [inbox_check] Done (exit=0)
[2026-03-23 14:18:41] [slack_check] Starting
[2026-03-23 14:18:59] [slack_check] Done (exit=1)
[2026-03-23 14:19:50] [inbox_check] Starting
[2026-03-23 14:19:51] [inbox_check] Done (exit=0)
[2026-03-23 14:20:01] [slack_check] Starting
[2026-03-23 14:20:16] [slack_check] Done (exit=1)
[2026-03-23 14:21:16] [slack_check] Starting
[2026-03-23 14:21:34] [slack_check] Done (exit=1)
[2026-03-23 14:21:54] [inbox_check] Starting
[2026-03-23 14:21:55] [inbox_check] Done (exit=0)
[2026-03-23 14:22:36] [slack_check] Starting
[2026-03-23 14:22:51] [slack_check] Done (exit=1)
[2026-03-23 14:23:52] [slack_check] Starting
[2026-03-23 14:24:09] [slack_check] Done (exit=1)
[2026-03-23 14:24:19] [inbox_check] Starting
[2026-03-23 14:24:20] [inbox_check] Done (exit=0)
[2026-03-23 14:25:10] [slack_check] Starting
[2026-03-23 14:25:26] [slack_check] Done (exit=1)
[2026-03-23 14:26:26] [slack_check] Starting
[2026-03-23 14:26:56] [slack_check] Timeout (30s)
[2026-03-23 14:26:56] [slack_check] Done (exit=-1)
[2026-03-23 14:26:56] [inbox_check] Starting
[2026-03-23 14:26:57] [inbox_check] Done (exit=0)
[2026-03-23 14:27:58] [slack_check] Starting
[2026-03-23 14:28:13] [slack_check] Done (exit=1)
[2026-03-23 14:29:04] [inbox_check] Starting
[2026-03-23 14:29:05] [inbox_check] Done (exit=0)
[2026-03-23 14:29:15] [slack_check] Starting
[2026-03-23 14:29:25] [slack_check] Done (exit=1)
[2026-03-23 14:30:26] [slack_check] Starting
[2026-03-23 14:30:38] [slack_check] Done (exit=1)
[2026-03-23 14:30:48] [git_sync] Starting
[2026-03-23 14:30:50] [git_sync] Committed and pushed
[2026-03-23 14:31:10] [inbox_check] Starting
[2026-03-23 14:31:11] [inbox_check] Done (exit=0)
[2026-03-23 14:31:41] [slack_check] Starting
[2026-03-23 14:31:54] [slack_check] Done (exit=1)
[2026-03-23 14:32:55] [slack_check] Starting
[2026-03-23 14:33:06] [slack_check] Done (exit=1)
[2026-03-23 14:33:16] [inbox_check] Starting
[2026-03-23 14:33:16] [inbox_check] Done (exit=0)
[2026-03-23 14:34:07] [slack_check] Starting
[2026-03-23 14:34:17] [slack_check] Done (exit=1)
[2026-03-23 14:35:18] [slack_check] Starting
[2026-03-23 14:35:34] [slack_check] Done (exit=1)
[2026-03-23 14:35:34] [inbox_check] Starting
[2026-03-23 14:35:35] [inbox_check] Done (exit=0)
[2026-03-23 14:36:36] [slack_check] Starting
[2026-03-23 14:36:51] [slack_check] Done (exit=1)
[2026-03-23 14:37:42] [inbox_check] Starting
[2026-03-23 14:37:43] [inbox_check] Done (exit=0)
[2026-03-23 14:37:53] [slack_check] Starting
[2026-03-23 14:38:08] [slack_check] Done (exit=1)
[2026-03-23 14:39:08] [slack_check] Starting
[2026-03-23 14:39:25] [slack_check] Done (exit=1)
[2026-03-23 14:39:45] [inbox_check] Starting
[2026-03-23 14:39:46] [inbox_check] Done (exit=0)
[2026-03-23 14:40:26] [slack_check] Starting
[2026-03-23 14:40:42] [slack_check] Done (exit=1)
[2026-03-23 14:41:42] [slack_check] Starting
[2026-03-23 14:41:59] [slack_check] Done (exit=1)
[2026-03-23 14:42:09] [inbox_check] Starting
[2026-03-23 14:42:09] [inbox_check] Done (exit=0)
[2026-03-23 14:43:00] [slack_check] Starting
[2026-03-23 14:43:14] [slack_check] Done (exit=1)
[2026-03-23 14:44:15] [slack_check] Starting
[2026-03-23 14:44:31] [slack_check] Done (exit=1)
[2026-03-23 14:44:31] [inbox_check] Starting
[2026-03-23 14:44:32] [inbox_check] Done (exit=0)
[2026-03-23 14:45:33] [slack_check] Starting
[2026-03-23 14:45:49] [slack_check] Done (exit=1)
[2026-03-23 14:46:40] [inbox_check] Starting
[2026-03-23 14:46:41] [inbox_check] Done (exit=0)
[2026-03-23 14:46:51] [slack_check] Starting
[2026-03-23 14:47:05] [slack_check] Done (exit=1)
[2026-03-23 14:48:05] [slack_check] Starting
[2026-03-23 14:48:20] [slack_check] Done (exit=1)
[2026-03-23 14:48:50] [inbox_check] Starting
[2026-03-23 14:48:51] [inbox_check] Done (exit=0)
[2026-03-23 14:49:21] [slack_check] Starting
[2026-03-23 14:49:38] [slack_check] Done (exit=1)
[2026-03-23 14:50:39] [slack_check] Starting
[2026-03-23 14:50:55] [slack_check] Done (exit=1)
[2026-03-23 14:51:05] [inbox_check] Starting
[2026-03-23 14:51:05] [inbox_check] Done (exit=0)
[2026-03-23 14:51:56] [slack_check] Starting
[2026-03-23 14:52:11] [slack_check] Done (exit=1)
[2026-03-23 14:53:11] [slack_check] Starting
[2026-03-23 14:53:28] [slack_check] Done (exit=1)
[2026-03-23 14:53:28] [inbox_check] Starting
[2026-03-23 14:53:29] [inbox_check] Done (exit=0)
[2026-03-23 14:54:30] [slack_check] Starting
[2026-03-23 14:54:45] [slack_check] Done (exit=1)
[2026-03-23 14:55:36] [inbox_check] Starting
[2026-03-23 14:55:36] [inbox_check] Done (exit=0)
[2026-03-23 14:55:47] [slack_check] Starting
[2026-03-23 14:56:01] [slack_check] Done (exit=1)
[2026-03-23 14:57:02] [slack_check] Starting
[2026-03-23 14:57:15] [slack_check] Done (exit=1)
[2026-03-23 14:57:46] [inbox_check] Starting
[2026-03-23 14:57:47] [inbox_check] Done (exit=0)
[2026-03-23 14:58:17] [slack_check] Starting
[2026-03-23 14:58:27] [slack_check] Done (exit=1)
[2026-03-23 14:59:28] [slack_check] Starting
[2026-03-23 14:59:39] [slack_check] Done (exit=1)
[2026-03-23 14:59:49] [inbox_check] Starting
[2026-03-23 14:59:50] [inbox_check] Done (exit=0)
[2026-03-23 15:00:40] [slack_check] Starting
[2026-03-23 15:00:52] [slack_check] Done (exit=1)
[2026-03-23 15:01:02] [git_sync] Starting
[2026-03-23 15:01:03] [git_sync] Committed and pushed
[2026-03-23 15:01:54] [slack_check] Starting
[2026-03-23 15:02:08] [slack_check] Done (exit=1)
[2026-03-23 15:02:08] [inbox_check] Starting
[2026-03-23 15:02:09] [inbox_check] Done (exit=0)
[2026-03-23 15:03:09] [slack_check] Starting
[2026-03-23 15:03:24] [slack_check] Done (exit=1)
[2026-03-23 15:04:14] [inbox_check] Starting
[2026-03-23 15:04:15] [inbox_check] Done (exit=0)
[2026-03-23 15:04:25] [slack_check] Starting
[2026-03-23 15:04:41] [slack_check] Done (exit=1)
[2026-03-23 15:05:41] [slack_check] Starting
[2026-03-23 15:05:56] [slack_check] Done (exit=1)
[2026-03-23 15:06:16] [inbox_check] Starting
[2026-03-23 15:06:17] [inbox_check] Done (exit=0)
[2026-03-23 15:06:58] [slack_check] Starting
[2026-03-23 15:07:12] [slack_check] Done (exit=1)
[2026-03-23 15:08:12] [slack_check] Starting
[2026-03-23 15:08:27] [slack_check] Done (exit=1)
[2026-03-23 15:08:37] [inbox_check] Starting
[2026-03-23 15:08:38] [inbox_check] Done (exit=0)
[2026-03-23 15:09:28] [slack_check] Starting
[2026-03-23 15:09:43] [slack_check] Done (exit=1)
[2026-03-23 15:10:44] [slack_check] Starting
[2026-03-23 15:10:54] [slack_check] Done (exit=1)
[2026-03-23 15:10:54] [inbox_check] Starting
[2026-03-23 15:10:55] [inbox_check] Done (exit=0)
[2026-03-23 15:11:56] [slack_check] Starting
[2026-03-23 15:12:09] [slack_check] Done (exit=1)
[2026-03-23 15:12:59] [inbox_check] Starting
[2026-03-23 15:13:00] [inbox_check] Done (exit=0)
[2026-03-23 15:13:10] [slack_check] Starting
[2026-03-23 15:13:22] [slack_check] Done (exit=1)
[2026-03-23 15:14:23] [slack_check] Starting
[2026-03-23 15:14:34] [slack_check] Done (exit=1)
[2026-03-23 15:15:04] [inbox_check] Starting
[2026-03-23 15:15:05] [inbox_check] Done (exit=0)
[2026-03-23 15:15:35] [slack_check] Starting
[2026-03-23 15:15:46] [slack_check] Done (exit=1)
[2026-03-23 15:16:47] [slack_check] Starting
[2026-03-23 15:16:56] [slack_check] Done (exit=1)
[2026-03-23 15:17:06] [inbox_check] Starting
[2026-03-23 15:17:07] [inbox_check] Done (exit=0)
[2026-03-23 15:17:57] [slack_check] Starting
[2026-03-23 15:18:07] [slack_check] Done (exit=1)
[2026-03-23 15:19:07] [slack_check] Starting
[2026-03-23 15:19:18] [slack_check] Done (exit=1)
[2026-03-23 15:19:18] [inbox_check] Starting
[2026-03-23 15:19:19] [inbox_check] Done (exit=0)
[2026-03-23 15:20:19] [slack_check] Starting
[2026-03-23 15:20:29] [slack_check] Done (exit=1)
[2026-03-23 15:21:20] [inbox_check] Starting
[2026-03-23 15:21:21] [inbox_check] Done (exit=0)
[2026-03-23 15:21:31] [slack_check] Starting
[2026-03-23 15:21:41] [slack_check] Done (exit=1)
[2026-03-23 15:22:42] [slack_check] Starting
[2026-03-23 15:22:52] [slack_check] Done (exit=1)
[2026-03-23 15:23:23] [inbox_check] Starting
[2026-03-23 15:23:24] [inbox_check] Done (exit=0)
[2026-03-23 15:23:54] [slack_check] Starting
[2026-03-23 15:24:04] [slack_check] Done (exit=1)
[2026-03-23 15:25:05] [slack_check] Starting
[2026-03-23 15:25:14] [slack_check] Done (exit=1)
[2026-03-23 15:25:24] [inbox_check] Starting
[2026-03-23 15:25:25] [inbox_check] Done (exit=0)
[2026-03-23 15:26:16] [slack_check] Starting
[2026-03-23 15:26:26] [slack_check] Done (exit=1)
[2026-03-23 15:27:26] [slack_check] Starting
[2026-03-23 15:27:37] [slack_check] Done (exit=1)
[2026-03-23 15:27:37] [inbox_check] Starting
[2026-03-23 15:27:38] [inbox_check] Done (exit=0)
[2026-03-23 15:28:38] [slack_check] Starting
[2026-03-23 15:28:48] [slack_check] Done (exit=1)
[2026-03-23 15:29:39] [inbox_check] Starting
[2026-03-23 15:29:39] [inbox_check] Done (exit=0)
[2026-03-23 15:29:50] [slack_check] Starting
[2026-03-23 15:29:59] [slack_check] Done (exit=1)
[2026-03-23 15:31:00] [slack_check] Starting
[2026-03-23 15:31:10] [slack_check] Done (exit=1)
[2026-03-23 15:31:20] [git_sync] Starting
[2026-03-23 15:31:21] [git_sync] Committed and pushed
[2026-03-23 15:31:42] [inbox_check] Starting
[2026-03-23 15:31:42] [inbox_check] Done (exit=0)
[2026-03-23 15:32:13] [slack_check] Starting
[2026-03-23 15:32:23] [slack_check] Done (exit=1)
[2026-03-23 15:33:24] [slack_check] Starting
[2026-03-23 15:33:34] [slack_check] Done (exit=1)
[2026-03-23 15:33:44] [inbox_check] Starting
[2026-03-23 15:33:45] [inbox_check] Done (exit=0)
[2026-03-23 15:34:35] [slack_check] Starting
[2026-03-23 15:34:45] [slack_check] Done (exit=1)
[2026-03-23 15:35:45] [slack_check] Starting
[2026-03-23 15:35:55] [slack_check] Done (exit=1)
[2026-03-23 15:35:55] [inbox_check] Starting
[2026-03-23 15:35:56] [inbox_check] Done (exit=0)
[2026-03-23 15:36:57] [slack_check] Starting
[2026-03-23 15:37:06] [slack_check] Done (exit=1)
[2026-03-23 15:37:57] [inbox_check] Starting
[2026-03-23 15:37:57] [inbox_check] Done (exit=0)
[2026-03-23 15:38:08] [slack_check] Starting
[2026-03-23 15:38:17] [slack_check] Done (exit=1)
[2026-03-23 15:39:18] [slack_check] Starting
[2026-03-23 15:39:28] [slack_check] Done (exit=1)
[2026-03-23 15:39:58] [inbox_check] Starting
[2026-03-23 15:39:59] [inbox_check] Done (exit=0)
[2026-03-23 15:40:29] [slack_check] Starting
[2026-03-23 15:40:39] [slack_check] Done (exit=1)
[2026-03-23 15:41:40] [slack_check] Starting
[2026-03-23 15:41:49] [slack_check] Done (exit=1)
[2026-03-23 15:41:59] [inbox_check] Starting
[2026-03-23 15:42:00] [inbox_check] Done (exit=0)
[2026-03-23 15:42:51] [slack_check] Starting
[2026-03-23 15:43:00] [slack_check] Done (exit=1)
[2026-03-23 15:44:01] [slack_check] Starting
[2026-03-23 15:44:11] [slack_check] Done (exit=1)
[2026-03-23 15:44:11] [inbox_check] Starting
[2026-03-23 15:44:12] [inbox_check] Done (exit=0)
[2026-03-23 15:45:13] [slack_check] Starting
[2026-03-23 15:45:22] [slack_check] Done (exit=1)
[2026-03-23 15:46:13] [inbox_check] Starting
[2026-03-23 15:46:14] [inbox_check] Done (exit=0)
[2026-03-23 15:46:24] [slack_check] Starting
[2026-03-23 15:46:33] [slack_check] Done (exit=1)
[2026-03-23 15:47:34] [slack_check] Starting
[2026-03-23 15:47:44] [slack_check] Done (exit=1)
[2026-03-23 15:48:14] [inbox_check] Starting
[2026-03-23 15:48:15] [inbox_check] Done (exit=0)
[2026-03-23 15:48:45] [slack_check] Starting
[2026-03-23 15:48:55] [slack_check] Done (exit=1)
[2026-03-23 15:49:56] [slack_check] Starting
[2026-03-23 15:50:06] [slack_check] Done (exit=1)
[2026-03-23 15:50:16] [inbox_check] Starting
[2026-03-23 15:50:17] [inbox_check] Done (exit=0)
[2026-03-23 15:51:07] [slack_check] Starting
[2026-03-23 15:51:18] [slack_check] Done (exit=1)
[2026-03-23 15:52:18] [slack_check] Starting
[2026-03-23 15:52:28] [slack_check] Done (exit=1)
[2026-03-23 15:52:28] [inbox_check] Starting
[2026-03-23 15:52:29] [inbox_check] Done (exit=0)
[2026-03-23 15:53:29] [slack_check] Starting
[2026-03-23 15:53:39] [slack_check] Done (exit=1)
[2026-03-23 15:54:29] [inbox_check] Starting
[2026-03-23 15:54:30] [inbox_check] Done (exit=0)
[2026-03-23 15:54:40] [slack_check] Starting
[2026-03-23 15:54:54] [slack_check] Done (exit=1)
[2026-03-23 15:55:55] [slack_check] Starting
[2026-03-23 15:56:11] [slack_check] Done (exit=1)
[2026-03-23 15:56:31] [inbox_check] Starting
[2026-03-23 15:56:32] [inbox_check] Done (exit=0)
[2026-03-23 15:57:12] [slack_check] Starting
[2026-03-23 15:57:31] [slack_check] Done (exit=1)
[2026-03-23 15:58:31] [slack_check] Starting
[2026-03-23 15:58:46] [slack_check] Done (exit=1)
[2026-03-23 15:58:56] [inbox_check] Starting
[2026-03-23 15:58:57] [inbox_check] Done (exit=0)
[2026-03-23 15:59:48] [slack_check] Starting
[2026-03-23 16:00:05] [slack_check] Done (exit=1)
[2026-03-23 16:01:05] [slack_check] Starting
[2026-03-23 16:01:22] [slack_check] Done (exit=1)
[2026-03-23 16:01:22] [inbox_check] Starting
[2026-03-23 16:01:22] [inbox_check] Done (exit=0)
[2026-03-23 16:01:33] [git_sync] Starting
[2026-03-23 16:01:34] [git_sync] Committed and pushed
[2026-03-23 16:02:25] [slack_check] Starting
[2026-03-23 16:02:42] [slack_check] Done (exit=1)
[2026-03-23 16:03:32] [inbox_check] Starting
[2026-03-23 16:03:33] [inbox_check] Done (exit=0)
[2026-03-23 16:03:43] [slack_check] Starting
[2026-03-23 16:03:59] [slack_check] Done (exit=1)
[2026-03-23 16:04:59] [slack_check] Starting
[2026-03-23 16:05:16] [slack_check] Done (exit=1)
[2026-03-23 16:05:37] [inbox_check] Starting
[2026-03-23 16:05:37] [inbox_check] Done (exit=0)
[2026-03-23 16:06:18] [slack_check] Starting
[2026-03-23 16:06:32] [slack_check] Done (exit=1)
[2026-03-23 16:07:33] [slack_check] Starting
[2026-03-23 16:07:49] [slack_check] Done (exit=1)
[2026-03-23 16:07:59] [inbox_check] Starting
[2026-03-23 16:08:00] [inbox_check] Done (exit=0)
[2026-03-23 16:08:50] [slack_check] Starting
[2026-03-23 16:09:05] [slack_check] Done (exit=1)
[2026-03-23 16:10:06] [slack_check] Starting
[2026-03-23 16:10:22] [slack_check] Done (exit=1)
[2026-03-23 16:10:22] [inbox_check] Starting
[2026-03-23 16:10:22] [inbox_check] Done (exit=0)
[2026-03-23 16:11:23] [slack_check] Starting
[2026-03-23 16:11:38] [slack_check] Done (exit=1)
[2026-03-23 16:12:29] [inbox_check] Starting
[2026-03-23 16:12:29] [inbox_check] Done (exit=0)
[2026-03-23 16:12:39] [slack_check] Starting
[2026-03-23 16:12:56] [slack_check] Done (exit=1)
[2026-03-23 16:13:57] [slack_check] Starting
[2026-03-23 16:14:14] [slack_check] Done (exit=1)
[2026-03-23 16:14:34] [inbox_check] Starting
[2026-03-23 16:14:35] [inbox_check] Done (exit=0)
[2026-03-23 16:15:15] [slack_check] Starting
[2026-03-23 16:15:31] [slack_check] Done (exit=1)
[2026-03-23 16:16:31] [slack_check] Starting
[2026-03-23 16:16:48] [slack_check] Done (exit=1)
[2026-03-23 16:16:58] [inbox_check] Starting
[2026-03-23 16:16:59] [inbox_check] Done (exit=0)
[2026-03-23 16:17:49] [slack_check] Starting
[2026-03-23 16:18:05] [slack_check] Done (exit=1)
[2026-03-23 16:19:06] [slack_check] Starting
[2026-03-23 16:19:21] [slack_check] Done (exit=1)
[2026-03-23 16:19:21] [inbox_check] Starting
[2026-03-23 16:19:22] [inbox_check] Done (exit=0)
[2026-03-23 16:20:23] [slack_check] Starting
[2026-03-23 16:20:39] [slack_check] Done (exit=1)
[2026-03-23 16:21:29] [inbox_check] Starting
[2026-03-23 16:21:30] [inbox_check] Done (exit=0)
[2026-03-23 16:21:40] [slack_check] Starting
[2026-03-23 16:21:55] [slack_check] Done (exit=1)
[2026-03-23 16:22:56] [slack_check] Starting
[2026-03-23 16:23:12] [slack_check] Done (exit=1)
[2026-03-23 16:23:32] [inbox_check] Starting
[2026-03-23 16:23:32] [inbox_check] Done (exit=0)
[2026-03-23 16:24:13] [slack_check] Starting
[2026-03-23 16:24:29] [slack_check] Done (exit=1)
[2026-03-23 16:25:30] [slack_check] Starting
[2026-03-23 16:25:45] [slack_check] Done (exit=1)
[2026-03-23 16:25:55] [inbox_check] Starting
[2026-03-23 16:25:56] [inbox_check] Done (exit=0)
[2026-03-23 16:26:47] [slack_check] Starting
[2026-03-23 16:27:17] [slack_check] Timeout (30s)
[2026-03-23 16:27:17] [slack_check] Done (exit=-1)
[2026-03-23 16:27:57] [inbox_check] Starting
[2026-03-23 16:27:58] [inbox_check] Done (exit=0)
[2026-03-23 16:28:18] [slack_check] Starting
[2026-03-23 16:28:34] [slack_check] Done (exit=1)
[2026-03-23 16:29:35] [slack_check] Starting
[2026-03-23 16:29:50] [slack_check] Done (exit=1)
[2026-03-23 16:30:00] [inbox_check] Starting
[2026-03-23 16:30:01] [inbox_check] Done (exit=0)
[2026-03-23 16:30:51] [slack_check] Starting
[2026-03-23 16:31:07] [slack_check] Done (exit=1)
[2026-03-23 16:31:37] [git_sync] Starting
[2026-03-23 16:31:39] [git_sync] Committed and pushed
[2026-03-23 16:32:09] [slack_check] Starting
[2026-03-23 16:32:25] [slack_check] Done (exit=1)
[2026-03-23 16:32:25] [inbox_check] Starting
[2026-03-23 16:32:25] [inbox_check] Done (exit=0)
[2026-03-23 16:33:26] [slack_check] Starting
[2026-03-23 16:33:43] [slack_check] Done (exit=1)
[2026-03-23 16:34:33] [inbox_check] Starting
[2026-03-23 16:34:34] [inbox_check] Done (exit=0)
[2026-03-23 16:34:44] [slack_check] Starting
[2026-03-23 16:35:00] [slack_check] Done (exit=1)
[2026-03-23 16:36:01] [slack_check] Starting
[2026-03-23 16:36:17] [slack_check] Done (exit=1)
[2026-03-23 16:36:37] [inbox_check] Starting
[2026-03-23 16:36:38] [inbox_check] Done (exit=0)
[2026-03-23 16:37:19] [slack_check] Starting
[2026-03-23 16:37:35] [slack_check] Done (exit=1)
[2026-03-23 16:38:36] [slack_check] Starting
[2026-03-23 16:38:52] [slack_check] Done (exit=1)
[2026-03-23 16:39:02] [inbox_check] Starting
[2026-03-23 16:39:03] [inbox_check] Done (exit=0)
[2026-03-23 16:39:53] [slack_check] Starting
[2026-03-23 16:40:09] [slack_check] Done (exit=1)
[2026-03-23 16:41:09] [slack_check] Starting
[2026-03-23 16:41:26] [slack_check] Done (exit=1)
[2026-03-23 16:41:26] [inbox_check] Starting
[2026-03-23 16:41:27] [inbox_check] Done (exit=0)
[2026-03-23 16:42:28] [slack_check] Starting
[2026-03-23 16:42:44] [slack_check] Done (exit=1)
[2026-03-23 16:43:34] [inbox_check] Starting
[2026-03-23 16:43:35] [inbox_check] Done (exit=0)
[2026-03-23 16:43:45] [slack_check] Starting
[2026-03-23 16:44:00] [slack_check] Done (exit=1)
[2026-03-23 16:45:01] [slack_check] Starting
[2026-03-23 16:45:16] [slack_check] Done (exit=1)
[2026-03-23 16:45:37] [inbox_check] Starting
[2026-03-23 16:45:37] [inbox_check] Done (exit=0)
[2026-03-23 16:46:18] [slack_check] Starting
[2026-03-23 16:46:34] [slack_check] Done (exit=1)
[2026-03-23 16:47:35] [slack_check] Starting
[2026-03-23 16:47:51] [slack_check] Done (exit=1)
[2026-03-23 16:48:01] [inbox_check] Starting
[2026-03-23 16:48:02] [inbox_check] Done (exit=0)
[2026-03-23 16:48:52] [slack_check] Starting
[2026-03-23 16:49:07] [slack_check] Done (exit=1)
[2026-03-23 16:50:08] [slack_check] Starting
[2026-03-23 16:50:24] [slack_check] Done (exit=1)
[2026-03-23 16:50:24] [inbox_check] Starting
[2026-03-23 16:50:25] [inbox_check] Done (exit=0)
[2026-03-23 16:51:25] [slack_check] Starting
[2026-03-23 16:51:41] [slack_check] Done (exit=1)
[2026-03-23 16:52:32] [inbox_check] Starting
[2026-03-23 16:52:33] [inbox_check] Done (exit=0)
[2026-03-23 16:52:43] [slack_check] Starting
[2026-03-23 16:53:00] [slack_check] Done (exit=1)
[2026-03-23 16:54:00] [slack_check] Starting
[2026-03-23 16:54:13] [slack_check] Done (exit=1)
[2026-03-23 16:54:33] [inbox_check] Starting
[2026-03-23 16:54:34] [inbox_check] Done (exit=0)
[2026-03-23 16:55:14] [slack_check] Starting
[2026-03-23 16:55:27] [slack_check] Done (exit=1)
[2026-03-23 16:56:27] [slack_check] Starting
[2026-03-23 16:56:46] [slack_check] Done (exit=1)
[2026-03-23 16:56:56] [inbox_check] Starting
[2026-03-23 16:56:57] [inbox_check] Done (exit=0)
[2026-03-23 16:57:48] [slack_check] Starting
[2026-03-23 16:58:00] [slack_check] Done (exit=1)
[2026-03-23 16:59:01] [slack_check] Starting
[2026-03-23 16:59:15] [slack_check] Done (exit=1)
[2026-03-23 16:59:15] [inbox_check] Starting
[2026-03-23 16:59:16] [inbox_check] Done (exit=0)
[2026-03-23 17:00:16] [slack_check] Starting
[2026-03-23 17:00:31] [slack_check] Done (exit=1)
[2026-03-23 17:01:22] [inbox_check] Starting
[2026-03-23 17:01:22] [inbox_check] Done (exit=0)
[2026-03-23 17:01:32] [slack_check] Starting
[2026-03-23 17:01:46] [slack_check] Done (exit=1)
[2026-03-23 17:01:56] [git_sync] Starting
[2026-03-23 17:01:58] [git_sync] Committed and pushed
[2026-03-23 17:02:48] [slack_check] Starting
[2026-03-23 17:03:01] [slack_check] Done (exit=1)
[2026-03-23 17:03:32] [inbox_check] Starting
[2026-03-23 17:03:32] [inbox_check] Done (exit=0)
[2026-03-23 17:04:03] [slack_check] Starting
[2026-03-23 17:04:17] [slack_check] Done (exit=1)
[2026-03-23 17:05:17] [slack_check] Starting
[2026-03-23 17:05:33] [slack_check] Done (exit=1)
[2026-03-23 17:05:43] [inbox_check] Starting
[2026-03-23 17:05:43] [inbox_check] Done (exit=0)
[2026-03-23 17:06:34] [slack_check] Starting
[2026-03-23 17:06:49] [slack_check] Done (exit=1)
[2026-03-23 17:07:50] [slack_check] Starting
[2026-03-23 17:08:06] [slack_check] Done (exit=1)
[2026-03-23 17:08:06] [inbox_check] Starting
[2026-03-23 17:08:06] [inbox_check] Done (exit=0)
[2026-03-23 17:09:07] [slack_check] Starting
[2026-03-23 17:09:20] [slack_check] Done (exit=1)
[2026-03-23 17:10:11] [inbox_check] Starting
[2026-03-23 17:10:11] [inbox_check] Done (exit=0)
[2026-03-23 17:10:22] [slack_check] Starting
[2026-03-23 17:10:37] [slack_check] Done (exit=1)
[2026-03-23 17:11:37] [slack_check] Starting
[2026-03-23 17:11:51] [slack_check] Done (exit=1)
[2026-03-23 17:12:12] [inbox_check] Starting
[2026-03-23 17:12:12] [inbox_check] Done (exit=0)
[2026-03-23 17:12:53] [slack_check] Starting
[2026-03-23 17:13:08] [slack_check] Done (exit=1)
[2026-03-23 17:14:09] [slack_check] Starting
[2026-03-23 17:14:23] [slack_check] Done (exit=1)
[2026-03-23 17:14:33] [inbox_check] Starting
[2026-03-23 17:14:34] [inbox_check] Done (exit=0)
[2026-03-23 17:15:24] [slack_check] Starting
[2026-03-23 17:15:40] [slack_check] Done (exit=1)
[2026-03-23 17:16:40] [slack_check] Starting
[2026-03-23 17:16:55] [slack_check] Done (exit=1)
[2026-03-23 17:16:55] [inbox_check] Starting
[2026-03-23 17:16:56] [inbox_check] Done (exit=0)
[2026-03-23 17:17:56] [slack_check] Starting
[2026-03-23 17:18:11] [slack_check] Done (exit=1)
[2026-03-23 17:19:02] [inbox_check] Starting
[2026-03-23 17:19:02] [inbox_check] Done (exit=0)
[2026-03-23 17:19:13] [slack_check] Starting
[2026-03-23 17:19:28] [slack_check] Done (exit=1)
[2026-03-23 17:20:28] [slack_check] Starting
[2026-03-23 17:20:43] [slack_check] Done (exit=1)
[2026-03-23 17:21:04] [inbox_check] Starting
[2026-03-23 17:21:04] [inbox_check] Done (exit=0)
[2026-03-23 17:21:45] [slack_check] Starting
[2026-03-23 17:22:00] [slack_check] Done (exit=1)
[2026-03-23 17:23:01] [slack_check] Starting
[2026-03-23 17:23:15] [slack_check] Done (exit=1)
[2026-03-23 17:23:25] [inbox_check] Starting
[2026-03-23 17:23:25] [inbox_check] Done (exit=0)
[2026-03-23 17:24:16] [slack_check] Starting
[2026-03-23 17:24:30] [slack_check] Done (exit=1)
[2026-03-23 17:25:30] [slack_check] Starting
[2026-03-23 17:25:45] [slack_check] Done (exit=1)
[2026-03-23 17:25:45] [inbox_check] Starting
[2026-03-23 17:25:46] [inbox_check] Done (exit=0)
[2026-03-23 17:26:47] [slack_check] Starting
[2026-03-23 17:27:02] [slack_check] Done (exit=1)
[2026-03-23 17:27:53] [inbox_check] Starting
[2026-03-23 17:27:54] [inbox_check] Done (exit=0)
[2026-03-23 17:28:04] [slack_check] Starting
[2026-03-23 17:28:19] [slack_check] Done (exit=1)
[2026-03-23 17:29:20] [slack_check] Starting
[2026-03-23 17:29:33] [slack_check] Done (exit=1)
[2026-03-23 17:29:54] [inbox_check] Starting
[2026-03-23 17:29:55] [inbox_check] Done (exit=0)
[2026-03-23 17:30:35] [slack_check] Starting
[2026-03-23 17:30:49] [slack_check] Done (exit=1)
[2026-03-23 17:31:49] [slack_check] Starting
[2026-03-23 17:32:04] [slack_check] Done (exit=1)
[2026-03-23 17:32:14] [inbox_check] Starting
[2026-03-23 17:32:15] [inbox_check] Done (exit=0)
[2026-03-23 17:32:15] [git_sync] Starting
[2026-03-23 17:32:16] [git_sync] Committed and pushed
[2026-03-23 17:33:07] [slack_check] Starting
[2026-03-23 17:33:23] [slack_check] Done (exit=1)
[2026-03-23 17:34:24] [slack_check] Starting
[2026-03-23 17:34:39] [slack_check] Done (exit=1)
[2026-03-23 17:34:39] [inbox_check] Starting
[2026-03-23 17:34:39] [inbox_check] Done (exit=0)
[2026-03-23 17:35:40] [slack_check] Starting
[2026-03-23 17:35:55] [slack_check] Done (exit=1)
[2026-03-23 17:36:45] [inbox_check] Starting
[2026-03-23 17:36:46] [inbox_check] Done (exit=0)
[2026-03-23 17:36:57] [slack_check] Starting
[2026-03-23 17:37:10] [slack_check] Done (exit=1)
[2026-03-23 17:38:11] [slack_check] Starting
[2026-03-23 17:38:27] [slack_check] Done (exit=1)
[2026-03-23 17:38:47] [inbox_check] Starting
[2026-03-23 17:38:48] [inbox_check] Done (exit=0)
[2026-03-23 17:39:29] [slack_check] Starting
[2026-03-23 17:39:44] [slack_check] Done (exit=1)
[2026-03-23 17:40:44] [slack_check] Starting
[2026-03-23 17:41:00] [slack_check] Done (exit=1)
[2026-03-23 17:41:10] [inbox_check] Starting
[2026-03-23 17:41:11] [inbox_check] Done (exit=0)
[2026-03-23 17:42:01] [slack_check] Starting
[2026-03-23 17:42:17] [slack_check] Done (exit=1)
[2026-03-23 17:43:18] [slack_check] Starting
[2026-03-23 17:43:32] [slack_check] Done (exit=1)
[2026-03-23 17:43:32] [inbox_check] Starting
[2026-03-23 17:43:33] [inbox_check] Done (exit=0)
[2026-03-23 17:44:33] [slack_check] Starting
[2026-03-23 17:44:48] [slack_check] Done (exit=1)
[2026-03-23 17:45:39] [inbox_check] Starting
[2026-03-23 17:45:40] [inbox_check] Done (exit=0)
[2026-03-23 17:45:50] [slack_check] Starting
[2026-03-23 17:46:08] [slack_check] Done (exit=1)
[2026-03-23 17:47:08] [slack_check] Starting
[2026-03-23 17:47:21] [slack_check] Done (exit=1)
[2026-03-23 17:47:41] [inbox_check] Starting
[2026-03-23 17:47:42] [inbox_check] Done (exit=0)
[2026-03-23 17:48:22] [slack_check] Starting
[2026-03-23 17:48:35] [slack_check] Done (exit=1)
[2026-03-23 17:49:36] [slack_check] Starting
[2026-03-23 17:49:49] [slack_check] Done (exit=1)
[2026-03-23 17:49:59] [inbox_check] Starting
[2026-03-23 17:50:00] [inbox_check] Done (exit=0)
[2026-03-23 17:50:50] [slack_check] Starting
[2026-03-23 17:51:03] [slack_check] Done (exit=1)
[2026-03-23 17:52:03] [slack_check] Starting
[2026-03-23 17:52:21] [slack_check] Done (exit=1)
[2026-03-23 17:52:21] [inbox_check] Starting
[2026-03-23 17:52:22] [inbox_check] Done (exit=0)
[2026-03-23 17:53:23] [slack_check] Starting
[2026-03-23 17:53:53] [slack_check] Timeout (30s)
[2026-03-23 17:53:53] [slack_check] Done (exit=-1)
[2026-03-23 17:54:23] [inbox_check] Starting
[2026-03-23 17:54:24] [inbox_check] Done (exit=0)
[2026-03-23 17:54:54] [slack_check] Starting
[2026-03-23 17:55:10] [slack_check] Done (exit=1)
[2026-03-23 17:56:11] [slack_check] Starting
[2026-03-23 17:56:24] [slack_check] Done (exit=1)
[2026-03-23 17:56:34] [inbox_check] Starting
[2026-03-23 17:56:35] [inbox_check] Done (exit=0)
[2026-03-23 17:57:25] [slack_check] Starting
[2026-03-23 17:57:39] [slack_check] Done (exit=1)
[2026-03-23 17:58:40] [slack_check] Starting
[2026-03-23 17:58:54] [slack_check] Done (exit=1)
[2026-03-23 17:58:54] [inbox_check] Starting
[2026-03-23 17:58:55] [inbox_check] Done (exit=0)
[2026-03-23 17:59:55] [slack_check] Starting
[2026-03-23 18:00:21] [slack_check] Done (exit=1)
[2026-03-23 18:01:01] [inbox_check] Starting
[2026-03-23 18:01:02] [inbox_check] Done (exit=0)
[2026-03-23 18:01:22] [slack_check] Starting
[2026-03-23 18:01:42] [slack_check] Done (exit=1)
[2026-03-23 18:02:22] [git_sync] Starting
[2026-03-23 18:02:24] [git_sync] Committed and pushed
[2026-03-23 18:02:44] [slack_check] Starting
[2026-03-23 18:02:59] [slack_check] Done (exit=1)
[2026-03-23 18:03:09] [inbox_check] Starting
[2026-03-23 18:03:10] [inbox_check] Done (exit=0)
[2026-03-23 18:04:00] [slack_check] Starting
[2026-03-23 18:04:14] [slack_check] Done (exit=1)
[2026-03-23 18:05:15] [slack_check] Starting
[2026-03-23 18:05:30] [slack_check] Done (exit=1)
[2026-03-23 18:05:30] [inbox_check] Starting
[2026-03-23 18:05:31] [inbox_check] Done (exit=0)
[2026-03-23 18:06:32] [slack_check] Starting
[2026-03-23 18:06:46] [slack_check] Done (exit=1)
[2026-03-23 18:07:37] [inbox_check] Starting
[2026-03-23 18:07:37] [inbox_check] Done (exit=0)
[2026-03-23 18:07:47] [slack_check] Starting
[2026-03-23 18:08:05] [slack_check] Done (exit=1)
[2026-03-23 18:09:06] [slack_check] Starting
[2026-03-23 18:09:22] [slack_check] Done (exit=1)
[2026-03-23 18:09:42] [inbox_check] Starting
[2026-03-23 18:09:43] [inbox_check] Done (exit=0)
[2026-03-23 18:10:23] [slack_check] Starting
[2026-03-23 18:10:39] [slack_check] Done (exit=1)
[2026-03-23 18:11:39] [slack_check] Starting
[2026-03-23 18:11:55] [slack_check] Done (exit=1)
[2026-03-23 18:12:05] [inbox_check] Starting
[2026-03-23 18:12:06] [inbox_check] Done (exit=0)
[2026-03-23 18:12:56] [slack_check] Starting
[2026-03-23 18:13:19] [slack_check] Done (exit=1)
[2026-03-23 18:14:09] [inbox_check] Starting
[2026-03-23 18:14:10] [inbox_check] Done (exit=0)
[2026-03-23 18:14:20] [slack_check] Starting
[2026-03-23 18:14:35] [slack_check] Done (exit=1)
[2026-03-23 18:15:35] [slack_check] Starting
[2026-03-23 18:15:54] [slack_check] Done (exit=1)
[2026-03-23 18:16:14] [inbox_check] Starting
[2026-03-23 18:16:15] [inbox_check] Done (exit=0)
[2026-03-23 18:16:55] [slack_check] Starting
[2026-03-23 18:17:10] [slack_check] Done (exit=1)
[2026-03-23 18:18:11] [slack_check] Starting
[2026-03-23 18:18:24] [slack_check] Done (exit=1)
[2026-03-23 18:18:34] [inbox_check] Starting
[2026-03-23 18:18:35] [inbox_check] Done (exit=0)
[2026-03-23 18:19:25] [slack_check] Starting
[2026-03-23 18:19:40] [slack_check] Done (exit=1)
[2026-03-23 18:20:41] [slack_check] Starting
[2026-03-23 18:21:00] [slack_check] Done (exit=1)
[2026-03-23 18:21:00] [inbox_check] Starting
[2026-03-23 18:21:00] [inbox_check] Done (exit=0)
[2026-03-23 18:22:01] [slack_check] Starting
[2026-03-23 18:22:15] [slack_check] Done (exit=1)
[2026-03-23 18:23:06] [inbox_check] Starting
[2026-03-23 18:23:06] [inbox_check] Done (exit=0)
[2026-03-23 18:23:16] [slack_check] Starting
[2026-03-23 18:23:31] [slack_check] Done (exit=1)
[2026-03-23 18:24:32] [slack_check] Starting
[2026-03-23 18:24:47] [slack_check] Done (exit=1)
[2026-03-23 18:25:07] [inbox_check] Starting
[2026-03-23 18:25:08] [inbox_check] Done (exit=0)
[2026-03-23 18:25:48] [slack_check] Starting
[2026-03-23 18:26:03] [slack_check] Done (exit=1)
[2026-03-23 18:27:04] [slack_check] Starting
[2026-03-23 18:27:20] [slack_check] Done (exit=1)
[2026-03-23 18:27:30] [inbox_check] Starting
[2026-03-23 18:27:31] [inbox_check] Done (exit=0)
[2026-03-23 18:28:21] [slack_check] Starting
[2026-03-23 18:28:36] [slack_check] Done (exit=1)
[2026-03-23 18:29:36] [slack_check] Starting
[2026-03-23 18:29:51] [slack_check] Done (exit=1)
[2026-03-23 18:29:51] [inbox_check] Starting
[2026-03-23 18:29:52] [inbox_check] Done (exit=0)
[2026-03-23 18:30:52] [slack_check] Starting
[2026-03-23 18:31:07] [slack_check] Done (exit=1)
[2026-03-23 18:31:57] [inbox_check] Starting
[2026-03-23 18:31:58] [inbox_check] Done (exit=0)
[2026-03-23 18:32:08] [slack_check] Starting
[2026-03-23 18:32:22] [slack_check] Done (exit=1)
[2026-03-23 18:32:32] [git_sync] Starting
[2026-03-23 18:32:33] [git_sync] Committed and pushed
[2026-03-23 18:33:24] [slack_check] Starting
[2026-03-23 18:33:39] [slack_check] Done (exit=1)
[2026-03-23 18:33:59] [inbox_check] Starting
[2026-03-23 18:34:00] [inbox_check] Done (exit=0)
[2026-03-23 18:34:40] [slack_check] Starting
[2026-03-23 18:34:56] [slack_check] Done (exit=1)
[2026-03-23 18:35:56] [slack_check] Starting
[2026-03-23 18:36:11] [slack_check] Done (exit=1)
[2026-03-23 18:36:21] [inbox_check] Starting
[2026-03-23 18:36:22] [inbox_check] Done (exit=0)
[2026-03-23 18:37:12] [slack_check] Starting
[2026-03-23 18:37:30] [slack_check] Done (exit=1)
[2026-03-23 18:38:30] [slack_check] Starting
[2026-03-23 18:38:44] [slack_check] Done (exit=1)
[2026-03-23 18:38:44] [inbox_check] Starting
[2026-03-23 18:38:45] [inbox_check] Done (exit=0)
[2026-03-23 18:39:46] [slack_check] Starting
[2026-03-23 18:40:02] [slack_check] Done (exit=1)
[2026-03-23 18:40:53] [inbox_check] Starting
[2026-03-23 18:40:53] [inbox_check] Done (exit=0)
[2026-03-23 18:41:04] [slack_check] Starting
[2026-03-23 18:41:20] [slack_check] Done (exit=1)
[2026-03-23 18:42:21] [slack_check] Starting
[2026-03-23 18:42:34] [slack_check] Done (exit=1)
[2026-03-23 18:42:55] [inbox_check] Starting
[2026-03-23 18:42:55] [inbox_check] Done (exit=0)
[2026-03-23 18:43:36] [slack_check] Starting
[2026-03-23 18:43:46] [slack_check] Done (exit=1)
[2026-03-23 18:44:12] ==================================================
[2026-03-23 18:44:12] Log scheduler started (PID 68268)
[2026-03-23 18:44:12] Max runtime: 24 hours
[2026-03-23 18:44:12] Jobs: slack_check, inbox_check, git_sync, recommended_check, slack_export, auto_cycle
[2026-03-23 18:44:12] ==================================================
[2026-03-23 18:44:12] [slack_check] Starting
[2026-03-23 18:44:23] [slack_check] Done (exit=1)
[2026-03-23 18:44:23] [inbox_check] Starting
[2026-03-23 18:44:23] [inbox_check] Done (exit=0)
[2026-03-23 18:44:23] [git_sync] Starting
[2026-03-23 18:44:25] [git_sync] Committed and pushed
[2026-03-23 18:44:25] [recommended_check] Starting
[2026-03-23 18:44:25] [recommended_check] Skipped (hour=18, waiting for hour%6==2)
[2026-03-23 18:44:25] [recommended_check] Done (exit=0)
[2026-03-23 18:44:25] [slack_export] Starting
[2026-03-23 18:44:25] [slack_export] Skipped (hour=18, waiting for hour==2)
[2026-03-23 18:44:25] [slack_export] Done (exit=0)
[2026-03-23 18:44:25] [auto_cycle] Starting
[2026-03-23 18:44:25] [auto_cycle] Starting autonomous cycle via claude --print
[2026-03-23 18:54:25] [auto_cycle] Timeout (600s)
[2026-03-23 18:54:25] [auto_cycle] Done (exit=0)
[2026-03-23 18:54:35] [slack_check] Starting
[2026-03-23 18:54:53] [slack_check] Done (exit=0)
[2026-03-23 18:54:53] [inbox_check] Starting
[2026-03-23 18:56:00] [inbox_check] Done (exit=0)
[2026-03-23 18:56:10] [slack_check] Starting
[2026-03-23 18:56:27] [slack_check] Done (exit=1)
[2026-03-23 18:57:27] [slack_check] Starting
[2026-03-23 18:57:43] [slack_check] Done (exit=1)
[2026-03-23 18:58:03] [inbox_check] Starting
[2026-03-23 18:58:03] [inbox_check] Done (exit=0)
[2026-03-23 18:58:44] [slack_check] Starting
[2026-03-23 18:59:14] [slack_check] Done (exit=1)
[2026-03-23 19:00:04] [inbox_check] Starting
[2026-03-23 19:00:05] [inbox_check] Done (exit=0)
[2026-03-23 19:00:16] [slack_check] Starting
[2026-03-23 19:00:30] [slack_check] Done (exit=1)
[2026-03-23 19:01:31] [slack_check] Starting
[2026-03-23 19:01:46] [slack_check] Done (exit=1)
[2026-03-23 19:02:06] [inbox_check] Starting
[2026-03-23 19:02:07] [inbox_check] Done (exit=0)
[2026-03-23 19:02:48] [slack_check] Starting
[2026-03-23 19:03:02] [slack_check] Done (exit=1)
[2026-03-23 19:04:03] [slack_check] Starting
[2026-03-23 19:04:33] [slack_check] Timeout (30s)
[2026-03-23 19:04:33] [slack_check] Done (exit=-1)
[2026-03-23 19:04:43] [inbox_check] Starting
[2026-03-23 19:04:43] [inbox_check] Done (exit=0)
[2026-03-23 19:05:34] [slack_check] Starting
[2026-03-23 19:05:49] [slack_check] Done (exit=1)
[2026-03-23 19:06:50] [slack_check] Starting
[2026-03-23 19:07:00] [slack_check] Done (exit=1)
[2026-03-23 19:07:00] [inbox_check] Starting
[2026-03-23 19:07:02] [inbox_check] Done (exit=0)
[2026-03-23 19:08:02] [slack_check] Starting
[2026-03-23 19:08:13] [slack_check] Done (exit=1)
[2026-03-23 19:09:03] [inbox_check] Starting
[2026-03-23 19:09:04] [inbox_check] Done (exit=0)
[2026-03-23 19:09:14] [slack_check] Starting
[2026-03-23 19:09:26] [slack_check] Done (exit=1)
[2026-03-23 19:10:27] [slack_check] Starting
[2026-03-23 19:10:41] [slack_check] Done (exit=1)
[2026-03-23 19:11:12] [inbox_check] Starting
[2026-03-23 19:11:13] [inbox_check] Done (exit=0)
[2026-03-23 19:11:43] [slack_check] Starting
[2026-03-23 19:11:58] [slack_check] Done (exit=1)
[2026-03-23 19:12:59] [slack_check] Starting
[2026-03-23 19:13:15] [slack_check] Done (exit=1)
[2026-03-23 19:13:25] [inbox_check] Starting
[2026-03-23 19:13:26] [inbox_check] Done (exit=0)
[2026-03-23 19:14:16] [slack_check] Starting
[2026-03-23 19:14:30] [slack_check] Done (exit=1)
[2026-03-23 19:14:41] [git_sync] Starting
[2026-03-23 19:14:42] [git_sync] Committed and pushed
[2026-03-23 19:15:32] [slack_check] Starting
[2026-03-23 19:15:48] [slack_check] Done (exit=1)
[2026-03-23 19:15:48] [inbox_check] Starting
[2026-03-23 19:15:48] [inbox_check] Done (exit=0)
[2026-03-23 19:16:49] [slack_check] Starting
[2026-03-23 19:17:19] [slack_check] Timeout (30s)
[2026-03-23 19:17:19] [slack_check] Done (exit=-1)
[2026-03-23 19:17:49] [inbox_check] Starting
[2026-03-23 19:17:49] [inbox_check] Done (exit=0)
[2026-03-23 19:18:20] [slack_check] Starting
[2026-03-23 19:18:29] [slack_check] Done (exit=1)
[2026-03-23 19:19:30] [slack_check] Starting
[2026-03-23 19:19:40] [slack_check] Done (exit=1)
[2026-03-23 19:19:50] [inbox_check] Starting
[2026-03-23 19:19:50] [inbox_check] Done (exit=0)
[2026-03-23 19:20:40] [slack_check] Starting
[2026-03-23 19:20:50] [slack_check] Done (exit=1)
[2026-03-23 19:21:50] [slack_check] Starting
[2026-03-23 19:22:00] [slack_check] Done (exit=1)
[2026-03-23 19:22:00] [inbox_check] Starting
[2026-03-23 19:22:00] [inbox_check] Done (exit=0)
[2026-03-23 19:23:01] [slack_check] Starting
[2026-03-23 19:23:10] [slack_check] Done (exit=1)
[2026-03-23 19:24:01] [inbox_check] Starting
[2026-03-23 19:24:01] [inbox_check] Done (exit=0)
[2026-03-23 19:24:11] [slack_check] Starting
[2026-03-23 19:24:20] [slack_check] Done (exit=1)
[2026-03-23 19:25:21] [slack_check] Starting
[2026-03-23 19:25:31] [slack_check] Done (exit=1)
[2026-03-23 19:26:01] [inbox_check] Starting
[2026-03-23 19:26:01] [inbox_check] Done (exit=0)
[2026-03-23 19:26:31] [slack_check] Starting
[2026-03-23 19:26:41] [slack_check] Done (exit=1)
[2026-03-23 19:27:22] ==================================================
[2026-03-23 19:27:22] Log scheduler started (PID 72296)
[2026-03-23 19:27:22] Max runtime: 24 hours
[2026-03-23 19:27:22] Jobs: slack_check, inbox_check, git_sync, recommended_check, slack_export, auto_cycle
[2026-03-23 19:27:22] ==================================================
[2026-03-23 19:27:22] [slack_check] Starting
[2026-03-23 19:27:31] [slack_check] Done (exit=1)
[2026-03-23 19:27:31] [inbox_check] Starting
[2026-03-23 19:27:31] [inbox_check] Done (exit=0)
[2026-03-23 19:27:31] [git_sync] Starting
[2026-03-23 19:27:33] [git_sync] Committed and pushed
[2026-03-23 19:27:33] [recommended_check] Starting
[2026-03-23 19:27:33] [recommended_check] Skipped (hour=19, waiting for hour%6==2)
[2026-03-23 19:27:33] [recommended_check] Done (exit=0)
[2026-03-23 19:27:33] [slack_export] Starting
[2026-03-23 19:27:33] [slack_export] Skipped (hour=19, waiting for hour==2)
[2026-03-23 19:27:33] [slack_export] Done (exit=0)
[2026-03-23 19:27:33] [auto_cycle] Starting
[2026-03-23 19:27:33] [auto_cycle] Starting autonomous cycle via claude --print
[2026-03-23 19:37:33] [auto_cycle] Timeout (600s)
[2026-03-23 19:37:33] [auto_cycle] Done (exit=0)
[2026-03-23 19:37:43] [slack_check] Starting
[2026-03-23 19:37:53] [slack_check] Done (exit=0)
[2026-03-23 19:37:53] [inbox_check] Starting
[2026-03-23 19:38:06] [inbox_check] Done (exit=0)
[2026-03-23 19:38:57] [slack_check] Starting
[2026-03-23 19:39:06] [slack_check] Done (exit=1)
[2026-03-23 19:40:07] [slack_check] Starting
[2026-03-23 19:40:16] [slack_check] Done (exit=1)
[2026-03-23 19:40:16] [inbox_check] Starting
[2026-03-23 19:40:17] [inbox_check] Done (exit=0)
[2026-03-23 19:41:18] [slack_check] Starting
[2026-03-23 19:41:27] [slack_check] Done (exit=1)
[2026-03-23 19:42:17] [inbox_check] Starting
[2026-03-23 19:42:18] [inbox_check] Done (exit=0)
[2026-03-23 19:42:28] [slack_check] Starting
[2026-03-23 19:42:38] [slack_check] Done (exit=1)
[2026-03-23 19:43:38] [slack_check] Starting
[2026-03-23 19:44:03] [slack_check] Done (exit=0)
[2026-03-23 19:44:24] [inbox_check] Starting
[2026-03-23 19:44:47] [inbox_check] Done (exit=0)
[2026-03-23 19:45:07] [slack_check] Starting
[2026-03-23 19:45:16] [slack_check] Done (exit=1)
[2026-03-23 19:46:17] [slack_check] Starting
[2026-03-23 19:46:27] [slack_check] Done (exit=1)
[2026-03-23 19:46:47] [inbox_check] Starting
[2026-03-23 19:46:47] [inbox_check] Done (exit=0)
[2026-03-23 19:47:28] [slack_check] Starting
[2026-03-23 19:47:38] [slack_check] Done (exit=1)
[2026-03-23 19:47:48] [auto_cycle] Starting
[2026-03-23 19:47:48] [auto_cycle] Starting autonomous cycle via claude --print
[2026-03-23 19:57:48] [auto_cycle] Timeout (600s)
[2026-03-23 19:57:48] [auto_cycle] Done (exit=0)
[2026-03-23 19:57:59] [slack_check] Starting
[2026-03-23 19:58:09] [slack_check] Done (exit=0)
[2026-03-23 19:58:09] [inbox_check] Starting
[2026-03-23 19:58:19] [inbox_check] Done (exit=0)
[2026-03-23 19:58:19] [git_sync] Starting
[2026-03-23 19:58:21] [git_sync] Committed and pushed
[2026-03-23 19:59:11] [slack_check] Starting
[2026-03-23 19:59:23] [slack_check] Done (exit=1)
[2026-03-23 20:00:23] [slack_check] Starting
[2026-03-23 20:00:34] [slack_check] Done (exit=1)
[2026-03-23 20:00:34] [inbox_check] Starting
[2026-03-23 20:00:35] [inbox_check] Done (exit=0)
[2026-03-23 20:01:35] [slack_check] Starting
[2026-03-23 20:01:45] [slack_check] Done (exit=1)
[2026-03-23 20:02:36] [inbox_check] Starting
[2026-03-23 20:02:37] [inbox_check] Done (exit=0)
[2026-03-23 20:02:47] [slack_check] Starting
[2026-03-23 20:02:57] [slack_check] Done (exit=1)
[2026-03-23 20:03:58] [slack_check] Starting
[2026-03-23 20:04:08] [slack_check] Done (exit=1)
[2026-03-23 20:04:39] [inbox_check] Starting
[2026-03-23 20:04:39] [inbox_check] Done (exit=0)
[2026-03-23 20:05:10] [slack_check] Starting
[2026-03-23 20:05:20] [slack_check] Done (exit=1)
[2026-03-23 20:06:21] [slack_check] Starting
[2026-03-23 20:06:31] [slack_check] Done (exit=1)
[2026-03-23 20:06:41] [inbox_check] Starting
[2026-03-23 20:06:42] [inbox_check] Done (exit=0)
[2026-03-23 20:07:32] [slack_check] Starting
[2026-03-23 20:07:43] [slack_check] Done (exit=1)
[2026-03-23 20:07:53] [auto_cycle] Starting
[2026-03-23 20:07:53] [auto_cycle] Starting autonomous cycle via claude --print
[2026-03-23 20:17:53] [auto_cycle] Timeout (600s)
[2026-03-23 20:17:53] [auto_cycle] Done (exit=0)
[2026-03-23 20:18:03] [slack_check] Starting
[2026-03-23 20:18:13] [slack_check] Done (exit=1)
[2026-03-23 20:18:13] [inbox_check] Starting
[2026-03-23 20:18:14] [inbox_check] Done (exit=0)
[2026-03-23 20:19:14] [slack_check] Starting
[2026-03-23 20:19:25] [slack_check] Done (exit=1)
[2026-03-23 20:20:16] [inbox_check] Starting
[2026-03-23 20:20:16] [inbox_check] Done (exit=0)
[2026-03-23 20:20:26] [slack_check] Starting
[2026-03-23 20:20:37] [slack_check] Done (exit=1)
[2026-03-23 20:21:38] [slack_check] Starting
[2026-03-23 20:21:49] [slack_check] Done (exit=1)
[2026-03-23 20:22:19] [inbox_check] Starting
[2026-03-23 20:22:20] [inbox_check] Done (exit=0)
[2026-03-23 20:22:50] [slack_check] Starting
[2026-03-23 20:23:02] [slack_check] Done (exit=1)
[2026-03-23 20:24:03] [slack_check] Starting
[2026-03-23 20:24:16] [slack_check] Done (exit=1)
[2026-03-23 20:24:26] [inbox_check] Starting
[2026-03-23 20:24:26] [inbox_check] Done (exit=0)
[2026-03-23 20:25:17] [slack_check] Starting
[2026-03-23 20:25:30] [slack_check] Done (exit=1)
[2026-03-23 20:26:30] [slack_check] Starting
[2026-03-23 20:26:47] [slack_check] Done (exit=1)
[2026-03-23 20:26:47] [inbox_check] Starting
[2026-03-23 20:26:47] [inbox_check] Done (exit=0)
[2026-03-23 20:27:38] [recommended_check] Starting
[2026-03-23 20:27:38] [recommended_check] Hour condition met, running read_twitter_recommended.py
[2026-03-23 20:28:52] [recommended_check] Done (exit=0)
[2026-03-23 20:28:52] [recommended_check] Done (exit=0)
[2026-03-23 20:29:02] [slack_check] Starting
[2026-03-23 20:29:12] [slack_check] Done (exit=1)
[2026-03-23 20:29:12] [inbox_check] Starting
[2026-03-23 20:29:13] [inbox_check] Done (exit=0)
[2026-03-23 20:29:13] [git_sync] Starting
[2026-03-23 20:29:15] [git_sync] Committed and pushed
[2026-03-23 20:29:15] [auto_cycle] Starting
[2026-03-23 20:29:15] [auto_cycle] Starting autonomous cycle via claude --print
[2026-03-23 20:39:15] [auto_cycle] Timeout (600s)
[2026-03-23 20:39:15] [auto_cycle] Done (exit=0)
[2026-03-23 20:39:25] [slack_check] Starting
[2026-03-23 20:39:35] [slack_check] Done (exit=1)
[2026-03-23 20:39:35] [inbox_check] Starting
[2026-03-23 20:39:35] [inbox_check] Done (exit=0)
[2026-03-23 20:40:36] [slack_check] Starting
[2026-03-23 20:40:45] [slack_check] Done (exit=1)
[2026-03-23 20:41:36] [inbox_check] Starting
[2026-03-23 20:41:37] [inbox_check] Done (exit=0)
[2026-03-23 20:41:47] [slack_check] Starting
[2026-03-23 20:41:57] [slack_check] Done (exit=1)
[2026-03-23 20:42:57] [slack_check] Starting
[2026-03-23 20:43:27] [slack_check] Timeout (30s)
[2026-03-23 20:43:27] [slack_check] Done (exit=-1)
[2026-03-23 20:43:37] [inbox_check] Starting
[2026-03-23 20:43:38] [inbox_check] Done (exit=0)
[2026-03-23 20:44:29] [slack_check] Starting
[2026-03-23 20:44:39] [slack_check] Done (exit=1)
[2026-03-23 20:45:39] [slack_check] Starting
[2026-03-23 20:45:51] [slack_check] Done (exit=1)
[2026-03-23 20:45:51] [inbox_check] Starting
[2026-03-23 20:45:52] [inbox_check] Done (exit=0)
[2026-03-23 20:46:53] [slack_check] Starting
[2026-03-23 20:47:02] [slack_check] Done (exit=1)
[2026-03-23 20:47:53] [inbox_check] Starting
[2026-03-23 20:47:53] [inbox_check] Done (exit=0)
[2026-03-23 20:48:04] [slack_check] Starting
[2026-03-23 20:48:14] [slack_check] Done (exit=1)
[2026-03-23 20:49:14] [slack_check] Starting
[2026-03-23 20:49:24] [slack_check] Done (exit=1)
[2026-03-23 20:49:34] [auto_cycle] Starting
[2026-03-23 20:49:34] [auto_cycle] Starting autonomous cycle via claude --print
[2026-03-23 21:39:31] [auto_cycle] Timeout (600s)
[2026-03-23 21:39:31] [auto_cycle] Done (exit=0)
[2026-03-23 21:39:41] [slack_check] Starting
[2026-03-23 21:39:56] [slack_check] Done (exit=0)
[2026-03-23 21:39:56] [inbox_check] Starting
[2026-03-23 21:59:31] ==================================================
[2026-03-23 21:59:31] Log scheduler started (PID 76120)
[2026-03-23 21:59:31] Max runtime: 24 hours
[2026-03-23 21:59:31] Jobs: slack_check, inbox_check, git_sync, recommended_check, slack_export, auto_cycle
[2026-03-23 21:59:31] ==================================================
[2026-03-23 21:59:31] [slack_check] Starting
[2026-03-23 21:59:42] [slack_check] Done (exit=1)
[2026-03-23 21:59:42] [inbox_check] Starting
[2026-03-23 21:59:43] [inbox_check] Done (exit=0)
[2026-03-23 21:59:43] [git_sync] Starting
[2026-03-23 21:59:44] [git_sync] Committed and pushed
[2026-03-23 21:59:44] [recommended_check] Starting
[2026-03-23 21:59:44] [recommended_check] Skipped (hour=21, waiting for hour%6==2)
[2026-03-23 21:59:44] [recommended_check] Done (exit=0)
[2026-03-23 21:59:44] [slack_export] Starting
[2026-03-23 21:59:44] [slack_export] Skipped (hour=21, waiting for hour==2)
[2026-03-23 21:59:44] [slack_export] Done (exit=0)
[2026-03-23 21:59:44] [auto_cycle] Starting
[2026-03-23 21:59:44] [auto_cycle] Starting autonomous cycle via claude --print
[2026-03-23 22:09:38] [auto_cycle] Done (exit=0)
[2026-03-23 22:09:38] [auto_cycle] Error: 'cp932' codec can't encode character '\u2014' in position 78: illegal multibyte sequence
[2026-03-23 22:09:38] [auto_cycle] Done (exit=0)
[2026-03-23 22:09:48] [slack_check] Starting
[2026-03-23 22:09:59] [slack_check] Done (exit=0)
[2026-03-23 22:09:59] [inbox_check] Starting
[2026-03-23 22:14:59] [inbox_check] Timeout (300s)
[2026-03-23 22:14:59] [inbox_check] Done (exit=-1)
[2026-03-23 22:15:09] [slack_check] Starting
[2026-03-23 22:15:20] [slack_check] Done (exit=0)
[2026-03-23 22:15:20] [auto_cycle] Starting
[2026-03-23 22:15:20] [auto_cycle] Starting autonomous cycle via claude --print
[2026-03-23 22:27:39] [auto_cycle] Done (exit=0)
[2026-03-23 22:27:39] [auto_cycle] Output: 自律サイクル完了。

**実行サマリー:**

1. **Inbox処理**: Nao_uからの2件（12件連続投稿の可否 + Mirの起動間隔自己変更）に対応。Ashからの追加inbox（check_kaizen_due.pyのpush確認 + クロスリファレンス提案）も処理
2. **Slack返信**: #all-nao-u-labに3件投稿（12件連続投稿OK、メタ検証進捗報告）
3. *
[2026-03-23 22:27:39] [auto_cycle] Done (exit=0)
[2026-03-23 22:27:49] [slack_check] Starting
[2026-03-23 22:28:19] [slack_check] Timeout (30s)
[2026-03-23 22:28:19] [slack_check] Done (exit=-1)
[2026-03-23 22:28:19] [inbox_check] Starting
[2026-03-23 22:28:31] [inbox_check] Done (exit=0)
[2026-03-23 22:29:22] [slack_check] Starting
[2026-03-23 22:29:46] [slack_check] Done (exit=0)
[2026-03-23 22:29:56] [git_sync] Starting
[2026-03-23 22:29:57] [git_sync] Committed and pushed
[2026-03-23 22:30:37] [inbox_check] Starting
[2026-03-23 22:35:37] [inbox_check] Timeout (300s)
[2026-03-23 22:35:37] [inbox_check] Done (exit=-1)
[2026-03-23 22:35:48] [slack_check] Starting
[2026-03-23 22:36:00] [slack_check] Done (exit=0)
[2026-03-23 22:36:00] [auto_cycle] Starting
[2026-03-23 22:36:00] [auto_cycle] Starting autonomous cycle via claude --print
[2026-03-23 22:46:05] [auto_cycle] Done (exit=0)
[2026-03-23 22:46:05] [auto_cycle] Output: 自律サイクル完了。

**実行サマリー:**
1. **Inbox処理**: Nao_uのメッセージ（Mir宛、起動間隔の誤字 + 評価の仕組みについて）確認・クリア
2. **検証ファースト**: kaizen_tracker未検証エントリ確認。期限到来なし。verify_kaizen.py --metaスコア5/5
3. **8フェーズサイクル**:
   - **外部情報**: ICLR 2
[2026-03-23 22:46:05] [auto_cycle] Done (exit=0)
[2026-03-23 22:46:15] [slack_check] Starting
[2026-03-23 22:46:26] [slack_check] Done (exit=1)
[2026-03-23 22:46:26] [inbox_check] Starting
[2026-03-23 22:46:27] [inbox_check] Done (exit=0)
[2026-03-23 22:47:28] [slack_check] Starting
[2026-03-23 22:47:38] [slack_check] Done (exit=1)
[2026-03-23 22:48:29] [inbox_check] Starting
[2026-03-23 22:48:30] [inbox_check] Done (exit=0)
[2026-03-23 22:48:40] [slack_check] Starting
[2026-03-23 22:48:50] [slack_check] Done (exit=1)
[2026-03-23 22:49:51] [slack_check] Starting
[2026-03-23 22:50:03] [slack_check] Done (exit=0)
[2026-03-23 22:50:33] [inbox_check] Starting
[2026-03-23 22:55:33] [inbox_check] Timeout (300s)
[2026-03-23 22:55:33] [inbox_check] Done (exit=-1)
[2026-03-23 22:55:43] [slack_check] Starting
[2026-03-23 22:55:55] [slack_check] Done (exit=0)
[2026-03-23 22:55:55] [auto_cycle] Starting
[2026-03-23 22:55:55] [auto_cycle] Starting autonomous cycle via claude --print
[2026-03-23 23:05:15] [auto_cycle] Done (exit=0)
[2026-03-23 23:05:15] [auto_cycle] Output: 自律サイクル完了。

**実行サマリー:**
1. **inbox処理**: Nao_uの改善クロスチェック可視化提案に対し、`verify_kaizen.py --slack-status`で#kaizen-logに状況投稿する案を#allに返信
2. **Slack確認**: 新着なし（inboxで対応済み）
3. **クロスチェック**: 4件（#013, #015, #016, #017）
[2026-03-23 23:05:15] [auto_cycle] Done (exit=0)
[2026-03-23 23:05:25] [slack_check] Starting
[2026-03-23 23:05:39] [slack_check] Done (exit=0)
[2026-03-23 23:05:39] [inbox_check] Starting
[2026-03-23 23:09:48] [inbox_check] Done (exit=0)
[2026-03-23 23:09:48] [git_sync] Starting
[2026-03-23 23:10:00] [git_sync] Committed and pushed
[2026-03-23 23:10:00] [recommended_check] Starting
[2026-03-23 23:10:00] [recommended_check] Skipped (hour=23, waiting for hour%6==2)
[2026-03-23 23:10:00] [recommended_check] Done (exit=0)
[2026-03-23 23:10:10] [slack_check] Starting
[2026-03-23 23:10:22] [slack_check] Done (exit=0)
[2026-03-23 23:10:32] [auto_cycle] Starting
[2026-03-23 23:10:32] [auto_cycle] Starting autonomous cycle via claude --print
[2026-03-23 23:22:10] [auto_cycle] Done (exit=0)
[2026-03-23 23:22:10] [auto_cycle] Output: 自律サイクル完了。

**実行したこと:**
1. **inbox処理**: Mirの依頼（scheduler_log.pyにcrosscheck組み込み + CC-001/CC-002レビュー）完了
2. **Slack対応**: Nao_uのレビュー頻度提案（1日1回/人）と評価専用チャンネル提案に賛成返信
3. **8フェーズ改善サイクル**:
   - 外部情報: Google Alway
[2026-03-23 23:22:10] [auto_cycle] Done (exit=0)
[2026-03-23 23:22:21] [slack_check] Starting
[2026-03-23 23:22:31] [slack_check] Done (exit=0)
[2026-03-23 23:22:31] [inbox_check] Starting
[2026-03-23 23:26:18] [inbox_check] Done (exit=0)
[2026-03-23 23:26:28] [slack_check] Starting
[2026-03-23 23:26:41] [slack_check] Done (exit=0)
[2026-03-23 23:27:11] [auto_cycle] Starting
[2026-03-23 23:27:11] [auto_cycle] Starting autonomous cycle via claude --print
[2026-03-23 23:30:10] [auto_cycle] Done (exit=1)
[2026-03-23 23:30:10] [auto_cycle] Error: 'cp932' codec can't encode character '\xb7' in position 65: illegal multibyte sequence
[2026-03-23 23:30:10] [auto_cycle] Done (exit=0)
[2026-03-23 23:30:20] [slack_check] Starting
[2026-03-23 23:30:32] [slack_check] Done (exit=1)
[2026-03-23 23:30:32] [inbox_check] Starting
[2026-03-23 23:30:34] [inbox_check] Done (exit=0)
[2026-03-23 23:31:35] [slack_check] Starting
[2026-03-23 23:31:48] [slack_check] Done (exit=1)
[2026-03-23 23:32:38] [inbox_check] Starting
[2026-03-23 23:32:39] [inbox_check] Done (exit=0)
[2026-03-23 23:32:49] [slack_check] Starting
[2026-03-23 23:33:01] [slack_check] Done (exit=1)
[2026-03-23 23:34:02] [slack_check] Starting
[2026-03-23 23:34:14] [slack_check] Done (exit=0)
[2026-03-23 23:34:44] [inbox_check] Starting
[2026-03-23 23:34:46] [inbox_check] Done (exit=0)
[2026-03-23 23:35:16] [slack_check] Starting
[2026-03-23 23:35:28] [slack_check] Done (exit=1)
[2026-03-23 23:35:28] [auto_cycle] Starting
[2026-03-23 23:35:28] [auto_cycle] Starting autonomous cycle via claude --print
[2026-03-23 23:35:30] [auto_cycle] Done (exit=1)
[2026-03-23 23:35:30] [auto_cycle] Error: 'cp932' codec can't encode character '\xb7' in position 65: illegal multibyte sequence
[2026-03-23 23:35:30] [auto_cycle] Done (exit=0)
[2026-03-23 23:36:31] [slack_check] Starting
[2026-03-23 23:36:43] [slack_check] Done (exit=1)
[2026-03-23 23:36:53] [inbox_check] Starting
[2026-03-23 23:36:54] [inbox_check] Done (exit=0)
[2026-03-23 23:37:45] [slack_check] Starting
[2026-03-23 23:37:56] [slack_check] Done (exit=1)
[2026-03-23 23:38:57] [slack_check] Starting
[2026-03-23 23:39:08] [slack_check] Done (exit=1)
[2026-03-23 23:39:08] [inbox_check] Starting
[2026-03-23 23:39:09] [inbox_check] Done (exit=0)
[2026-03-23 23:40:10] [slack_check] Starting
[2026-03-23 23:40:21] [slack_check] Done (exit=1)
[2026-03-23 23:40:21] [git_sync] Starting
[2026-03-23 23:40:22] [git_sync] Committed and pushed
[2026-03-23 23:40:33] [auto_cycle] Starting
[2026-03-23 23:40:33] [auto_cycle] Starting autonomous cycle via claude --print
[2026-03-23 23:40:34] [auto_cycle] Done (exit=1)
[2026-03-23 23:40:34] [auto_cycle] Error: 'cp932' codec can't encode character '\xb7' in position 65: illegal multibyte sequence
[2026-03-23 23:40:34] [auto_cycle] Done (exit=0)
[2026-03-23 23:41:15] [inbox_check] Starting
[2026-03-23 23:41:16] [inbox_check] Done (exit=0)
[2026-03-23 23:41:26] [slack_check] Starting
[2026-03-23 23:41:37] [slack_check] Done (exit=1)
[2026-03-23 23:42:38] [slack_check] Starting
[2026-03-23 23:42:50] [slack_check] Done (exit=1)
[2026-03-23 23:43:21] [inbox_check] Starting
[2026-03-23 23:43:21] [inbox_check] Done (exit=0)
[2026-03-23 23:43:51] [slack_check] Starting
[2026-03-23 23:44:03] [slack_check] Done (exit=1)
[2026-03-23 23:45:03] [slack_check] Starting
[2026-03-23 23:45:15] [slack_check] Done (exit=1)
[2026-03-23 23:45:26] [inbox_check] Starting
[2026-03-23 23:45:26] [inbox_check] Done (exit=0)
[2026-03-23 23:45:36] [auto_cycle] Starting
[2026-03-23 23:45:36] [auto_cycle] Starting autonomous cycle via claude --print
[2026-03-23 23:45:37] [auto_cycle] Done (exit=1)
[2026-03-23 23:45:37] [auto_cycle] Error: 'cp932' codec can't encode character '\xb7' in position 65: illegal multibyte sequence
[2026-03-23 23:45:37] [auto_cycle] Done (exit=0)
[2026-03-23 23:46:18] [slack_check] Starting
[2026-03-23 23:46:30] [slack_check] Done (exit=1)
[2026-03-23 23:47:31] [slack_check] Starting
[2026-03-23 23:47:43] [slack_check] Done (exit=1)
[2026-03-23 23:47:43] [inbox_check] Starting
[2026-03-23 23:47:43] [inbox_check] Done (exit=0)
[2026-03-23 23:48:44] [slack_check] Starting
[2026-03-23 23:48:56] [slack_check] Done (exit=1)
[2026-03-23 23:49:46] [inbox_check] Starting
[2026-03-23 23:49:46] [inbox_check] Done (exit=0)
[2026-03-23 23:49:57] [slack_check] Starting
[2026-03-23 23:50:08] [slack_check] Done (exit=1)
[2026-03-23 23:50:39] [auto_cycle] Starting
[2026-03-23 23:50:39] [auto_cycle] Starting autonomous cycle via claude --print
[2026-03-23 23:50:41] [auto_cycle] Done (exit=1)
[2026-03-23 23:50:41] [auto_cycle] Error: 'cp932' codec can't encode character '\xb7' in position 65: illegal multibyte sequence
[2026-03-23 23:50:41] [auto_cycle] Done (exit=0)
[2026-03-23 23:51:11] [slack_check] Starting
[2026-03-23 23:51:22] [slack_check] Done (exit=1)
[2026-03-23 23:51:53] [inbox_check] Starting
[2026-03-23 23:51:53] [inbox_check] Done (exit=0)
[2026-03-23 23:52:23] [slack_check] Starting
[2026-03-23 23:52:35] [slack_check] Done (exit=1)
[2026-03-23 23:53:35] [slack_check] Starting
[2026-03-23 23:53:47] [slack_check] Done (exit=1)
[2026-03-23 23:53:57] [inbox_check] Starting
[2026-03-23 23:53:57] [inbox_check] Done (exit=0)
[2026-03-23 23:54:48] [slack_check] Starting
[2026-03-23 23:55:01] [slack_check] Done (exit=1)
[2026-03-23 23:55:42] [auto_cycle] Starting
[2026-03-23 23:55:42] [auto_cycle] Starting autonomous cycle via claude --print
[2026-03-23 23:55:43] [auto_cycle] Done (exit=1)
[2026-03-23 23:55:43] [auto_cycle] Error: 'cp932' codec can't encode character '\xb7' in position 65: illegal multibyte sequence
[2026-03-23 23:55:43] [auto_cycle] Done (exit=0)
[2026-03-23 23:56:03] [slack_check] Starting
[2026-03-23 23:56:15] [slack_check] Done (exit=1)
[2026-03-23 23:56:15] [inbox_check] Starting
[2026-03-23 23:56:15] [inbox_check] Done (exit=0)
[2026-03-23 23:57:16] [slack_check] Starting
[2026-03-23 23:57:29] [slack_check] Done (exit=1)
[2026-03-23 23:58:19] [inbox_check] Starting
[2026-03-23 23:58:19] [inbox_check] Done (exit=0)
[2026-03-23 23:58:29] [slack_check] Starting
[2026-03-23 23:58:42] [slack_check] Done (exit=1)
[2026-03-23 23:59:43] [slack_check] Starting
[2026-03-23 23:59:54] [slack_check] Done (exit=1)
[2026-03-24 00:00:25] [inbox_check] Starting
[2026-03-24 00:00:25] [inbox_check] Done (exit=0)
[2026-03-24 00:00:45] [auto_cycle] Starting
[2026-03-24 00:00:45] [auto_cycle] Starting autonomous cycle via claude --print
[2026-03-24 00:16:42] [auto_cycle] Done (exit=0)
[2026-03-24 00:16:42] [auto_cycle] Output: 自律サイクル完了。

**サイクルまとめ:**

1. **受信箱**: 空。処理なし
2. **Slack確認**: Nao_uの23:33のZenn記事共有（sui-memory）を最優先として対応
3. **クロスチェック**: kaizen_review_queue.md 6件（#013,#015,#016,#017,#019,#020）全てLogチェック完了。実コマンド実行＋所見付き
4
[2026-03-24 00:16:42] [auto_cycle] Done (exit=0)
[2026-03-24 00:16:52] [slack_check] Starting
[2026-03-24 00:17:05] [slack_check] Done (exit=1)
[2026-03-24 00:17:05] [inbox_check] Starting
[2026-03-24 00:17:05] [inbox_check] Done (exit=0)
[2026-03-24 00:17:05] [git_sync] Starting
[2026-03-24 00:17:07] [git_sync] Committed and pushed
[2026-03-24 00:17:07] [recommended_check] Starting
[2026-03-24 00:17:07] [recommended_check] Skipped (hour=0, waiting for hour%6==2)
[2026-03-24 00:17:07] [recommended_check] Done (exit=0)
[2026-03-24 00:18:08] [slack_check] Starting
[2026-03-24 00:18:19] [slack_check] Done (exit=1)
[2026-03-24 00:19:10] [inbox_check] Starting
[2026-03-24 00:19:11] [inbox_check] Done (exit=0)
[2026-03-24 00:19:21] [slack_check] Starting
[2026-03-24 00:19:33] [slack_check] Done (exit=1)
[2026-03-24 00:20:34] [slack_check] Starting
[2026-03-24 00:20:45] [slack_check] Done (exit=1)
[2026-03-24 00:21:16] [inbox_check] Starting
[2026-03-24 00:21:16] [inbox_check] Done (exit=0)
[2026-03-24 00:21:47] [slack_check] Starting
[2026-03-24 00:21:59] [slack_check] Done (exit=1)
[2026-03-24 00:21:59] [auto_cycle] Starting
[2026-03-24 00:21:59] [auto_cycle] Starting autonomous cycle via claude --print
[2026-03-24 06:09:47] [auto_cycle] Timeout (600s)
[2026-03-24 06:09:47] [auto_cycle] Done (exit=0)
[2026-03-24 06:09:57] [slack_check] Starting
[2026-03-24 06:10:18] [slack_check] Done (exit=0)
[2026-03-24 06:10:18] [inbox_check] Starting
[2026-03-24 06:15:18] [inbox_check] Timeout (300s)
[2026-03-24 06:15:18] [inbox_check] Done (exit=-1)
[2026-03-24 06:15:18] [git_sync] Starting
[2026-03-24 06:15:19] [git_sync] Committed and pushed
[2026-03-24 06:15:19] [recommended_check] Starting
[2026-03-24 06:15:19] [recommended_check] Skipped (hour=6, waiting for hour%6==2)
[2026-03-24 06:15:19] [recommended_check] Done (exit=0)
[2026-03-24 06:15:19] [slack_export] Starting
[2026-03-24 06:15:19] [slack_export] Skipped (hour=6, waiting for hour==2)
[2026-03-24 06:15:19] [slack_export] Done (exit=0)
[2026-03-24 06:15:29] [slack_check] Starting
[2026-03-24 06:15:47] [slack_check] Done (exit=1)
[2026-03-24 06:15:47] [auto_cycle] Starting
[2026-03-24 06:15:47] [auto_cycle] Starting autonomous cycle via claude --print
[2026-03-24 06:45:47] [auto_cycle] Timeout (600s)
[2026-03-24 06:45:47] [auto_cycle] Done (exit=0)
[2026-03-24 06:45:57] [slack_check] Starting
[2026-03-24 06:46:12] [slack_check] Done (exit=1)
[2026-03-24 06:46:12] [inbox_check] Starting
[2026-03-24 06:46:14] [inbox_check] Done (exit=0)
[2026-03-24 06:46:14] [git_sync] Starting
[2026-03-24 06:46:15] [git_sync] Committed and pushed
[2026-03-24 06:47:15] [slack_check] Starting
[2026-03-24 06:47:30] [slack_check] Done (exit=1)
[2026-03-24 06:48:20] [inbox_check] Starting
[2026-03-24 06:48:21] [inbox_check] Done (exit=0)
[2026-03-24 06:48:31] [slack_check] Starting
[2026-03-24 06:48:46] [slack_check] Done (exit=1)
[2026-03-24 06:49:46] [slack_check] Starting
[2026-03-24 06:50:03] [slack_check] Done (exit=1)
[2026-03-24 06:50:23] [inbox_check] Starting
[2026-03-24 06:50:23] [inbox_check] Done (exit=0)
[2026-03-24 06:50:53] [auto_cycle] Starting
[2026-03-24 06:50:53] [auto_cycle] Starting autonomous cycle via claude --print
[2026-03-24 07:05:40] [auto_cycle] Done (exit=0)
[2026-03-24 07:05:40] [auto_cycle] Error: 'cp932' codec can't encode character '\u2014' in position 128: illegal multibyte sequence
[2026-03-24 07:05:40] [auto_cycle] Done (exit=0)
[2026-03-24 07:05:50] [slack_check] Starting
[2026-03-24 07:06:02] [slack_check] Done (exit=1)
[2026-03-24 07:06:02] [inbox_check] Starting
[2026-03-24 07:06:03] [inbox_check] Done (exit=0)
[2026-03-24 07:07:04] [slack_check] Starting
[2026-03-24 07:07:17] [slack_check] Done (exit=1)
[2026-03-24 07:08:07] [inbox_check] Starting
[2026-03-24 07:08:08] [inbox_check] Done (exit=0)
[2026-03-24 07:08:18] [slack_check] Starting
[2026-03-24 07:08:32] [slack_check] Done (exit=1)
[2026-03-24 07:09:33] [slack_check] Starting
[2026-03-24 07:09:46] [slack_check] Done (exit=1)
[2026-03-24 07:10:17] [inbox_check] Starting
[2026-03-24 07:10:17] [inbox_check] Done (exit=0)
[2026-03-24 07:10:48] [slack_check] Starting
[2026-03-24 07:11:01] [slack_check] Done (exit=1)
[2026-03-24 07:11:01] [auto_cycle] Starting
[2026-03-24 07:11:01] [auto_cycle] Starting autonomous cycle via claude --print
[2026-03-24 07:21:57] [auto_cycle] Done (exit=0)
[2026-03-24 07:21:57] [auto_cycle] Error: 'cp932' codec can't encode character '\u2705' in position 92: illegal multibyte sequence
[2026-03-24 07:21:57] [auto_cycle] Done (exit=0)
[2026-03-24 07:22:07] [slack_check] Starting
[2026-03-24 07:22:19] [slack_check] Done (exit=1)
[2026-03-24 07:22:19] [inbox_check] Starting
[2026-03-24 07:22:20] [inbox_check] Done (exit=0)
[2026-03-24 07:22:20] [git_sync] Starting
[2026-03-24 07:22:22] [git_sync] Committed and pushed
[2026-03-24 07:22:22] [recommended_check] Starting
[2026-03-24 07:22:22] [recommended_check] Skipped (hour=7, waiting for hour%6==2)
[2026-03-24 07:22:22] [recommended_check] Done (exit=0)
[2026-03-24 07:23:22] [slack_check] Starting
[2026-03-24 07:23:36] [slack_check] Done (exit=1)
[2026-03-24 07:24:27] [inbox_check] Starting
[2026-03-24 07:24:27] [inbox_check] Done (exit=0)
[2026-03-24 07:24:37] [slack_check] Starting
[2026-03-24 07:24:51] [slack_check] Done (exit=1)
[2026-03-24 07:25:51] [slack_check] Starting
[2026-03-24 07:26:03] [slack_check] Done (exit=1)
[2026-03-24 07:26:34] [inbox_check] Starting
[2026-03-24 07:26:35] [inbox_check] Done (exit=0)
[2026-03-24 07:27:05] [slack_check] Starting
[2026-03-24 07:27:17] [slack_check] Done (exit=1)
[2026-03-24 07:27:17] [auto_cycle] Starting
[2026-03-24 07:27:17] [auto_cycle] Starting autonomous cycle via claude --print
[2026-03-24 07:36:12] [auto_cycle] Done (exit=0)
[2026-03-24 07:36:12] [auto_cycle] Output: 自律サイクル完了。

**サイクルまとめ:**
- inbox空、Slack確認完了、pending_requests変更なし
- **#030クロスチェック完了**（verify_kaizen.pyパース修正、Win環境で正常動作確認）
- **#018検証完了**（--slack-status → #kaizen-reviewに正常投稿）
- **#019検証完了**（--status → #
[2026-03-24 07:36:12] [auto_cycle] Done (exit=0)
[2026-03-24 07:36:22] [slack_check] Starting
[2026-03-24 07:36:34] [slack_check] Done (exit=1)
[2026-03-24 07:36:34] [inbox_check] Starting
[2026-03-24 07:36:34] [inbox_check] Done (exit=0)
[2026-03-24 07:37:35] [slack_check] Starting
[2026-03-24 07:37:48] [slack_check] Done (exit=1)
[2026-03-24 07:38:38] [inbox_check] Starting
[2026-03-24 07:38:39] [inbox_check] Done (exit=0)
[2026-03-24 07:38:49] [slack_check] Starting
[2026-03-24 07:39:00] [slack_check] Done (exit=1)
[2026-03-24 07:40:00] [slack_check] Starting
[2026-03-24 07:40:12] [slack_check] Done (exit=1)
[2026-03-24 07:40:42] [inbox_check] Starting
[2026-03-24 07:40:43] [inbox_check] Done (exit=0)
[2026-03-24 07:41:13] [slack_check] Starting
[2026-03-24 07:41:25] [slack_check] Done (exit=1)
[2026-03-24 07:41:25] [auto_cycle] Starting
[2026-03-24 07:41:25] [auto_cycle] Starting autonomous cycle via claude --print
[2026-03-24 08:03:01] [auto_cycle] Done (exit=0)
[2026-03-24 08:03:01] [auto_cycle] Error: 'cp932' codec can't encode character '\u2014' in position 165: illegal multibyte sequence
[2026-03-24 08:03:01] [auto_cycle] Done (exit=0)
[2026-03-24 08:03:11] [slack_check] Starting
[2026-03-24 08:03:23] [slack_check] Done (exit=1)
[2026-03-24 08:03:23] [inbox_check] Starting
[2026-03-24 08:03:23] [inbox_check] Done (exit=0)
[2026-03-24 08:03:23] [git_sync] Starting
[2026-03-24 08:03:25] [git_sync] Committed and pushed
[2026-03-24 08:04:25] [slack_check] Starting
[2026-03-24 08:04:39] [slack_check] Done (exit=1)
[2026-03-24 08:05:29] [inbox_check] Starting
[2026-03-24 08:05:30] [inbox_check] Done (exit=0)
[2026-03-24 08:05:40] [slack_check] Starting
[2026-03-24 08:05:52] [slack_check] Done (exit=0)
[2026-03-24 08:06:53] [slack_check] Starting
[2026-03-24 08:07:04] [slack_check] Done (exit=1)
[2026-03-24 08:07:34] [inbox_check] Starting
[2026-03-24 08:09:22] [inbox_check] Done (exit=0)
[2026-03-24 08:09:32] [slack_check] Starting
[2026-03-24 08:09:43] [slack_check] Done (exit=1)
[2026-03-24 08:09:43] [auto_cycle] Starting
[2026-03-24 08:09:43] [auto_cycle] Starting autonomous cycle via claude --print
[2026-03-24 08:39:44] [auto_cycle] Timeout (600s)
[2026-03-24 08:39:44] [auto_cycle] Done (exit=0)
[2026-03-24 08:39:54] [slack_check] Starting
[2026-03-24 08:40:13] [slack_check] Done (exit=0)
[2026-03-24 08:40:13] [inbox_check] Starting
[2026-03-24 08:45:13] [inbox_check] Timeout (300s)
[2026-03-24 08:45:13] [inbox_check] Done (exit=-1)
[2026-03-24 08:45:13] [git_sync] Starting
[2026-03-24 08:45:14] [git_sync] Committed and pushed
[2026-03-24 08:45:14] [recommended_check] Starting
[2026-03-24 08:45:14] [recommended_check] Hour condition met, running read_twitter_recommended.py
[2026-03-24 08:46:23] [recommended_check] Done (exit=0)
[2026-03-24 08:46:23] [recommended_check] Done (exit=0)
[2026-03-24 08:46:33] [slack_check] Starting
[2026-03-24 08:46:44] [slack_check] Done (exit=1)
[2026-03-24 08:46:44] [auto_cycle] Starting
[2026-03-24 08:46:44] [auto_cycle] Starting autonomous cycle via claude --print
