frame,time,cx,cy,w,h,area,mean_r,mean_g,mean_b
1,34.0,87.5,86.5,4,2,8,173.0,116.0,250.0
1,34.0,103.5,86.5,4,2,8,173.8,116.8,250.8
1,34.0,183.5,86.5,4,2,8,172.0,115.5,246.0
1,34.0,210.5,86.5,38,2,76,172.1,115.2,249.3
1,34.0,273.5,86.5,4,2,8,171.1,114.1,254.1
1,34.0,280.5,86.5,6,2,12,164.0,116.3,252.0
1,34.0,288.5,86.5,6,2,12,171.8,114.1,250.1
1,34.0,80.5,104.5,6,2,12,171.1,117.8,250.9
1,34.0,51.0,107.18,4,4,11,172.1,115.5,246.4
1,34.0,32.5,133.5,2,4,8,166.0,117.5,246.0
1,34.0,92.0,168.5,4,12,32,173.7,116.5,245.6
1,34.0,81.73,170.58,14,6,59,173.0,115.9,245.0
1,34.0,195.5,200.5,4,2,8,174.9,115.4,249.9
1,34.0,190.77,220.81,7,6,31,126.9,161.1,155.0
1,34.0,316.53,225.63,8,8,38,79.4,129.0,126.8
1,34.0,14.62,227.46,7,6,24,62.1,130.7,114.5
1,34.0,304.67,226.53,11,6,49,93.9,134.9,137.6
1,34.0,7.62,226.56,6,5,16,66.1,139.9,134.1
1,34.0,97.17,228.0,3,3,6,27.5,129.5,50.8
1,34.0,71.17,228.83,5,2,6,58.3,129.5,111.2
2,34.0334,87.5,86.5,4,2,8,173.0,116.0,250.0
2,34.0334,103.5,86.5,4,2,8,173.8,116.8,250.8
2,34.0334,183.5,86.5,4,2,8,172.0,115.5,246.0
2,34.0334,210.5,86.5,38,2,76,172.1,115.2,249.3
2,34.0334,273.5,86.5,4,2,8,171.1,114.1,254.1
2,34.0334,280.5,86.5,6,2,12,164.0,116.3,252.0
2,34.0334,288.5,86.5,6,2,12,171.8,114.1,250.1
2,34.0334,41.17,97.17,4,4,12,172.0,115.0,248.7
2,34.0334,106.81,116.68,6,6,31,172.6,116.9,245.5
2,34.0334,18.32,124.32,6,10,44,171.7,115.2,248.7
2,34.0334,84.0,162.5,4,12,32,173.5,116.6,245.6
2,34.0334,73.53,165.1,14,6,62,173.1,116.0,245.0
2,34.0334,195.5,200.5,4,2,8,174.9,115.4,249.9
2,34.0334,0.5,208.0,2,3,6,151.3,149.0,206.0
2,34.0334,192.51,219.8,7,8,35,129.9,154.5,155.9
2,34.0334,316.0,225.67,9,8,45,76.8,130.0,123.7
2,34.0334,10.55,226.78,13,6,40,67.3,132.8,129.8
2,34.0334,303.98,226.56,11,6,45,91.0,133.5,132.2
2,34.0334,171.93,227.71,6,4,14,9.6,114.4,27.7
2,34.0334,69.86,228.71,5,2,7,62.9,132.3,119.7
3,34.0667,87.5,86.5,4,2,8,173.0,116.0,250.0
3,34.0667,103.5,86.5,4,2,8,173.8,116.8,250.8
3,34.0667,183.5,86.5,4,2,8,172.0,115.5,246.0
3,34.0667,210.5,86.5,38,2,76,172.1,115.2,249.3
3,34.0667,273.5,86.5,4,2,8,171.1,114.1,254.1
3,34.0667,280.5,86.5,6,2,12,164.0,116.3,252.0
3,34.0667,288.5,86.5,6,2,12,171.8,114.1,250.1
3,34.0667,94.83,99.83,6,6,24,173.2,116.9,246.8
3,34.0667,17.5,141.5,4,8,24,170.8,115.5,248.4
3,34.0667,71.67,145.11,4,3,9,174.3,118.0,245.0
3,34.0667,58.62,153.21,16,6,68,173.0,116.0,245.0
3,34.0667,70.0,152.5,4,6,16,173.1,116.1,245.1
3,34.0667,83.7,164.9,4,6,20,173.4,115.8,245.1
3,34.0667,195.5,200.5,4,2,8,174.9,115.4,249.9
3,34.0667,0.5,208.0,2,3,6,151.3,149.0,206.0
3,34.0667,195.52,218.83,9,8,54,139.2,146.6,173.2
3,34.0667,160.47,225.94,21,8,87,18.7,120.6,30.3
3,34.0667,315.56,225.67,9,8,48,80.3,130.2,129.3
3,34.0667,179.32,225.0,8,5,19,14.1,130.1,35.9
3,34.0667,10.19,226.95,12,6,42,67.4,134.1,129.5
3,34.0667,173.78,225.11,4,4,9,13.0,134.2,52.2
3,34.0667,303.2,226.89,11,6,45,85.7,131.8,129.0
3,34.0667,185.0,227.5,7,5,20,6.0,113.8,10.7
3,34.0667,201.66,227.44,27,5,90,57.7,121.9,118.8
3,34.0667,68.88,228.62,5,2,8,62.5,135.9,109.6
3,34.0667,92.33,228.83,5,2,6,8.5,117.3,3.7
4,34.1001,87.5,86.5,4,2,8,173.0,116.0,250.0
4,34.1001,103.5,86.5,4,2,8,173.8,116.8,250.8
4,34.1001,183.5,86.5,4,2,8,172.0,115.5,246.0
4,34.1001,210.5,86.5,38,2,76,172.1,115.2,249.3
4,34.1001,273.5,86.5,4,2,8,171.1,114.1,254.1
4,34.1001,280.5,86.5,6,2,12,164.0,116.3,252.0
4,34.1001,288.5,86.5,6,2,12,171.8,114.1,250.1
4,34.1001,83.7,164.9,4,6,20,173.4,115.8,245.1
4,34.1001,195.5,200.5,4,2,8,174.9,115.4,249.9
4,34.1001,0.5,208.0,2,3,6,151.3,149.0,206.0
4,34.1001,197.37,218.31,9,8,49,125.2,148.9,160.5
4,34.1001,223.0,222.0,7,1,7,156.3,174.0,208.3
4,34.1001,314.41,225.68,11,8,56,79.1,128.4,134.3
4,34.1001,37.11,226.0,4,5,9,116.7,166.1,165.7
4,34.1001,170.89,227.17,6,6,18,5.6,110.9,24.9
4,34.1001,198.54,227.3,38,6,127,48.0,118.8,98.4
4,34.1001,296.91,225.73,4,5,11,132.5,158.7,182.0
4,34.1001,302.15,227.0,8,6,33,76.8,127.5,116.9
4,34.1001,3.88,226.5,5,5,16,66.4,139.2,134.8
4,34.1001,9.56,227.72,6,5,18,61.3,122.2,126.6
4,34.1001,175.5,226.0,4,3,6,0.0,132.0,26.5
4,34.1001,267.86,226.71,3,3,7,74.7,127.0,163.9
4,34.1001,179.17,227.83,3,3,6,0.0,132.0,3.8
5,34.1335,87.5,86.5,4,2,8,173.0,116.0,250.0
5,34.1335,103.5,86.5,4,2,8,173.8,116.8,250.8
5,34.1335,183.5,86.5,4,2,8,172.0,115.5,246.0
5,34.1335,210.5,86.5,38,2,76,172.1,115.2,249.3
5,34.1335,273.5,86.5,4,2,8,171.1,114.1,254.1
5,34.1335,280.5,86.5,6,2,12,164.0,116.3,252.0
5,34.1335,288.5,86.5,6,2,12,171.8,114.1,250.1
5,34.1335,83.7,164.9,4,6,20,173.4,115.8,245.1
5,34.1335,195.5,200.5,4,2,8,174.9,115.4,249.9
5,34.1335,2.79,207.71,8,3,14,151.0,148.1,207.6
5,34.1335,199.79,217.46,13,6,48,120.3,151.8,147.4
5,34.1335,165.5,221.5,4,2,6,10.8,136.0,69.5
5,34.1335,314.11,225.7,11,8,56,79.2,129.0,134.4
5,34.1335,7.49,226.95,12,6,39,66.3,131.7,128.2
5,34.1335,37.11,226.0,4,5,9,116.7,166.1,165.7
5,34.1335,301.19,227.07,11,6,42,84.5,131.0,127.5
5,34.1335,94.33,226.0,4,3,6,84.7,146.8,156.8
5,34.1335,73.7,228.2,4,3,10,16.1,123.8,56.0
6,34.1668,87.5,86.5,4,2,8,173.0,116.0,250.0
6,34.1668,103.5,86.5,4,2,8,173.8,116.8,250.8
6,34.1668,183.5,86.5,4,2,8,172.0,115.5,246.0
6,34.1668,210.5,86.5,38,2,76,172.1,115.2,249.3
6,34.1668,273.5,86.5,4,2,8,171.1,114.1,254.1
6,34.1668,280.5,86.5,6,2,12,164.0,116.3,252.0
6,34.1668,288.5,86.5,6,2,12,171.8,114.1,250.1
6,34.1668,83.7,164.9,4,6,20,173.4,115.8,245.1
6,34.1668,195.5,200.5,4,2,8,174.9,115.4,249.9
6,34.1668,203.55,215.81,12,9,73,128.7,148.0,171.9
6,34.1668,146.73,222.0,4,5,11,29.5,134.5,67.7
6,34.1668,176.75,222.5,3,4,8,7.8,119.9,25.9
6,34.1668,313.58,225.67,13,9,69,81.6,129.9,134.6
6,34.1668,184.13,226.33,16,8,69,13.0,119.8,16.2
6,34.1668,220.62,222.12,7,2,8,154.9,175.0,208.8
6,34.1668,168.23,226.64,6,7,22,5.1,123.2,21.3
6,34.1668,294.91,225.73,4,5,11,132.7,158.9,182.2
6,34.1668,300.15,227.0,8,6,33,77.1,127.4,116.6
6,34.1668,5.0,227.08,11,5,38,73.1,131.8,138.4
6,34.1668,196.44,227.62,5,4,16,24.6,109.9,40.1
6,34.1668,265.86,226.71,3,3,7,74.7,127.0,163.9
6,34.1668,74.45,228.55,6,2,11,15.4,117.5,34.2
7,34.2002,87.5,86.5,4,2,8,173.0,116.0,250.0
7,34.2002,103.5,86.5,4,2,8,173.8,116.8,250.8
7,34.2002,183.5,86.5,4,2,8,172.0,115.5,246.0
7,34.2002,210.5,86.5,38,2,76,172.1,115.2,249.3
7,34.2002,273.5,86.5,4,2,8,171.1,114.1,254.1
7,34.2002,280.5,86.5,6,2,12,164.0,116.3,252.0
7,34.2002,288.5,86.5,6,2,12,171.8,114.1,250.1
7,34.2002,83.7,164.9,4,6,20,173.4,115.8,245.1
7,34.2002,195.5,200.5,4,2,8,174.9,115.4,249.9
7,34.2002,3.17,207.5,8,2,12,150.7,147.7,208.0
7,34.2002,313.18,225.68,14,9,78,83.7,130.4,135.3
7,34.2002,297.98,226.95,10,6,40,87.5,132.9,129.9
7,34.2002,4.22,227.3,10,5,37,69.4,132.3,132.2
7,34.2002,159.44,228.0,4,4,9,71.0,128.3,126.9
7,34.2002,264.83,226.83,3,3,6,72.3,122.8,159.3
7,34.2002,65.09,228.0,5,3,11,37.5,128.2,43.2
8,34.2336,87.5,86.5,4,2,8,173.0,116.0,250.0
8,34.2336,103.5,86.5,4,2,8,173.8,116.8,250.8
8,34.2336,183.5,86.5,4,2,8,172.0,115.5,246.0
8,34.2336,210.5,86.5,38,2,76,172.1,115.2,249.3
8,34.2336,273.5,86.5,4,2,8,171.1,114.1,254.1
8,34.2336,280.5,86.5,6,2,12,164.0,116.3,252.0
8,34.2336,288.5,86.5,6,2,12,171.8,114.1,250.1
8,34.2336,83.7,164.9,4,6,20,173.4,115.8,245.1
8,34.2336,195.5,200.5,4,2,8,174.9,115.4,249.9
8,34.2336,15.25,207.88,32,3,57,149.0,148.3,206.8
8,34.2336,141.33,207.33,7,2,9,150.8,147.1,207.9
8,34.2336,312.54,225.55,15,9,83,85.2,129.5,136.3
8,34.2336,157.62,227.0,5,6,16,93.6,147.0,151.5
8,34.2336,296.72,226.57,11,6,47,94.9,136.5,136.1
8,34.2336,3.84,227.28,9,5,32,73.9,129.6,138.3
8,34.2336,187.28,227.61,40,5,127,66.6,112.2,138.3
8,34.2336,263.86,226.71,3,3,7,74.7,127.0,163.9
9,34.2669,87.5,86.5,4,2,8,173.0,116.0,250.0
9,34.2669,103.5,86.5,4,2,8,173.8,116.8,250.8
9,34.2669,183.5,86.5,4,2,8,172.0,115.5,246.0
9,34.2669,210.5,86.5,38,2,76,172.1,115.2,249.3
9,34.2669,273.5,86.5,4,2,8,171.1,114.1,254.1
9,34.2669,280.5,86.5,6,2,12,164.0,116.3,252.0
9,34.2669,288.5,86.5,6,2,12,171.8,114.1,250.1
9,34.2669,83.7,164.9,4,6,20,173.4,115.8,245.1
9,34.2669,195.5,200.5,4,2,8,174.9,115.4,249.9
9,34.2669,312.25,225.56,16,9,89,87.1,130.6,137.9
9,34.2669,295.87,226.4,12,6,52,98.9,139.1,140.1
9,34.2669,3.61,227.32,8,5,28,72.8,129.9,149.5
9,34.2669,55.17,226.0,3,3,6,104.7,143.0,144.3
9,34.2669,187.59,227.48,36,5,126,65.7,112.3,144.0
9,34.2669,210.94,227.34,11,5,35,53.0,120.9,104.9
9,34.2669,157.67,228.22,4,3,9,72.7,130.3,128.1
9,34.2669,230.0,228.0,3,3,9,54.9,132.7,81.9
10,34.3003,87.5,86.5,4,2,8,173.0,116.0,250.0
10,34.3003,103.5,86.5,4,2,8,173.8,116.8,250.8
10,34.3003,183.5,86.5,4,2,8,172.0,115.5,246.0
10,34.3003,210.5,86.5,38,2,76,172.1,115.2,249.3
10,34.3003,273.5,86.5,4,2,8,171.1,114.1,254.1
10,34.3003,280.5,86.5,6,2,12,164.0,116.3,252.0
10,34.3003,288.5,86.5,6,2,12,171.8,114.1,250.1
10,34.3003,83.7,164.9,4,6,20,173.4,115.8,245.1
10,34.3003,153.5,196.5,8,2,16,178.2,113.8,248.2
10,34.3003,195.5,200.5,4,2,8,174.9,115.4,249.9
10,34.3003,311.61,225.59,17,9,90,83.1,129.9,140.7
10,34.3003,6.47,226.28,15,8,57,13.0,117.0,24.7
10,34.3003,295.73,226.93,8,6,30,64.0,129.3,119.7
10,34.3003,48.27,226.55,4,5,11,84.0,135.7,121.9
10,34.3003,92.55,227.6,8,4,20,92.2,133.8,161.7
10,34.3003,156.44,228.0,4,4,9,70.3,126.4,124.7
10,34.3003,261.86,226.71,3,3,7,74.7,127.0,163.9
10,34.3003,61.4,228.4,5,3,10,60.5,136.3,101.6
10,34.3003,78.44,228.33,4,3,9,47.6,133.1,102.2
11,34.3337,87.5,86.5,4,2,8,173.0,116.0,250.0
11,34.3337,103.5,86.5,4,2,8,173.8,116.8,250.8
11,34.3337,183.5,86.5,4,2,8,172.0,115.5,246.0
11,34.3337,210.5,86.5,38,2,76,172.1,115.2,249.3
11,34.3337,273.5,86.5,4,2,8,171.1,114.1,254.1
11,34.3337,280.5,86.5,6,2,12,164.0,116.3,252.0
11,34.3337,288.5,86.5,6,2,12,171.8,114.1,250.1
11,34.3337,83.7,164.9,4,6,20,173.4,115.8,245.1
11,34.3337,139.17,194.93,10,8,54,172.5,115.9,245.5
11,34.3337,216.9,198.4,6,2,10,167.0,117.2,249.4
11,34.3337,195.5,200.5,4,2,8,174.9,115.4,249.9
11,34.3337,222.77,208.65,20,15,179,148.2,150.6,172.6
11,34.3337,207.0,207.0,15,4,20,152.2,146.2,209.4
11,34.3337,310.76,225.5,19,9,102,81.0,130.7,143.4
11,34.3337,293.17,227.07,11,6,42,82.4,130.2,129.5
11,34.3337,154.44,228.0,4,4,9,70.3,126.4,124.7
11,34.3337,163.1,227.8,3,4,10,77.1,129.7,167.5
11,34.3337,259.86,226.71,3,3,7,74.7,127.0,163.9
11,34.3337,145.3,227.9,6,3,10,63.1,134.5,104.4
12,34.367,87.5,86.5,4,2,8,173.0,116.0,250.0
12,34.367,103.5,86.5,4,2,8,173.8,116.8,250.8
12,34.367,183.5,86.5,4,2,8,172.0,115.5,246.0
12,34.367,210.5,86.5,38,2,76,172.1,115.2,249.3
12,34.367,273.5,86.5,4,2,8,171.1,114.1,254.1
12,34.367,280.5,86.5,6,2,12,164.0,116.3,252.0
12,34.367,295.08,87.65,14,4,49,176.9,116.9,246.0
12,34.367,83.7,164.9,4,6,20,173.4,115.8,245.1
12,34.367,218.5,196.5,6,2,12,169.3,116.3,249.0
12,34.367,195.5,200.5,4,2,8,174.9,115.4,249.9
12,34.367,206.17,206.83,15,2,18,153.4,146.0,210.6
12,34.367,310.68,225.35,20,10,118,82.5,131.7,144.4
12,34.367,1.65,226.94,4,6,17,16.3,115.7,35.1
12,34.367,269.04,227.11,12,5,47,92.0,127.8,170.3
12,34.367,292.33,227.25,10,5,36,77.5,127.9,124.0
12,34.367,144.36,227.73,6,4,11,67.5,134.3,102.9
12,34.367,153.44,228.0,4,4,9,70.6,126.7,124.9
12,34.367,162.22,227.89,3,4,9,76.4,127.1,175.7
13,34.4004,87.5,86.5,4,2,8,173.0,116.0,250.0
13,34.4004,103.5,86.5,4,2,8,173.8,116.8,250.8
13,34.4004,183.5,86.5,4,2,8,172.0,115.5,246.0
13,34.4004,210.5,86.5,38,2,76,172.1,115.2,249.3
13,34.4004,273.5,86.5,4,2,8,171.1,114.1,254.1
13,34.4004,280.5,86.5,6,2,12,164.0,116.3,252.0
13,34.4004,288.5,86.5,6,2,12,171.8,114.1,250.1
13,34.4004,83.7,164.9,4,6,20,173.4,115.8,245.1
13,34.4004,150.5,188.5,10,2,20,172.8,115.5,251.3
13,34.4004,229.1,194.5,16,6,40,172.1,116.3,245.9
13,34.4004,195.5,200.5,4,2,8,174.9,115.4,249.9
13,34.4004,310.35,225.26,21,10,124,83.1,132.0,139.1
13,34.4004,291.17,227.07,11,6,42,82.4,130.2,129.5
13,34.4004,1.18,227.55,3,5,11,46.5,142.5,92.0
13,34.4004,151.67,227.2,5,5,15,89.6,142.9,148.2
13,34.4004,143.17,227.75,6,4,12,64.9,135.0,102.5
13,34.4004,160.67,227.83,5,4,12,80.9,133.4,164.4
14,34.4338,87.5,86.5,4,2,8,173.0,116.0,250.0
14,34.4338,103.5,86.5,4,2,8,173.8,116.8,250.8
14,34.4338,183.5,86.5,4,2,8,172.0,115.5,246.0
14,34.4338,210.5,86.5,38,2,76,172.1,115.2,249.3
14,34.4338,273.5,86.5,4,2,8,171.1,114.1,254.1
14,34.4338,280.5,86.5,6,2,12,164.0,116.3,252.0
14,34.4338,288.5,86.5,6,2,12,171.8,114.1,250.1
14,34.4338,83.7,164.9,4,6,20,173.4,115.8,245.1
14,34.4338,148.5,186.5,10,2,20,172.7,114.9,252.3
14,34.4338,225.33,192.72,8,4,18,170.4,116.3,248.4
14,34.4338,195.5,200.5,4,2,8,174.9,115.4,249.9
14,34.4338,247.5,207.5,4,2,6,148.5,147.5,201.5
14,34.4338,309.82,225.26,22,10,133,82.9,132.5,143.1
14,34.4338,0.62,227.38,2,5,8,45.5,144.6,92.0
14,34.4338,290.33,227.25,10,5,36,77.5,127.9,124.0
14,34.4338,151.44,228.0,4,4,9,70.6,126.7,124.9
14,34.4338,160.22,227.89,3,4,9,76.4,127.1,175.7
14,34.4338,142.3,227.9,6,3,10,61.2,135.5,101.1
15,34.4671,87.5,86.5,4,2,8,173.0,116.0,250.0
15,34.4671,103.5,86.5,4,2,8,173.8,116.8,250.8
15,34.4671,183.5,86.5,4,2,8,172.0,115.5,246.0
15,34.4671,210.5,86.5,38,2,76,172.1,115.2,249.3
15,34.4671,273.5,86.5,4,2,8,171.1,114.1,254.1
15,34.4671,280.5,86.5,6,2,12,164.0,116.3,252.0
15,34.4671,288.5,86.5,6,2,12,171.8,114.1,250.1
15,34.4671,83.7,164.9,4,6,20,173.4,115.8,245.1
15,34.4671,228.5,193.5,2,4,8,172.4,117.4,247.4
15,34.4671,195.5,200.5,4,2,8,174.9,115.4,249.9
15,34.4671,216.24,207.33,31,4,51,151.8,147.1,207.2
15,34.4671,309.03,225.29,24,10,151,84.8,132.6,137.6
15,34.4671,238.69,227.06,5,5,16,20.4,127.8,28.2
15,34.4671,288.61,227.13,11,5,38,84.1,133.2,128.7
15,34.4671,71.67,227.83,5,4,12,52.9,133.4,108.6
15,34.4671,86.27,227.6,6,4,15,90.9,131.3,161.5
15,34.4671,149.81,227.38,7,4,16,77.8,135.5,135.9
15,34.4671,140.62,227.88,5,3,8,60.6,131.4,101.6
16,34.5005,87.5,86.5,4,2,8,173.0,116.0,250.0
16,34.5005,103.5,86.5,4,2,8,173.8,116.8,250.8
16,34.5005,183.5,86.5,4,2,8,172.0,115.5,246.0
16,34.5005,210.5,86.5,38,2,76,172.1,115.2,249.3
16,34.5005,273.5,86.5,4,2,8,171.1,114.1,254.1
16,34.5005,280.5,86.5,6,2,12,164.0,116.3,252.0
16,34.5005,288.5,86.5,6,2,12,171.8,114.1,250.1
16,34.5005,83.7,164.9,4,6,20,173.4,115.8,245.1
16,34.5005,159.83,200.67,4,2,6,166.3,116.7,249.8
16,34.5005,195.5,200.5,4,2,8,174.9,115.4,249.9
16,34.5005,308.57,225.33,25,10,150,80.5,132.0,136.9
16,34.5005,272.61,227.93,13,5,28,76.6,134.5,128.1
16,34.5005,288.14,227.06,9,5,35,81.3,131.5,124.9
16,34.5005,70.62,227.77,5,4,13,55.7,136.2,112.3
16,34.5005,148.65,227.35,7,4,17,78.1,135.1,135.6
16,34.5005,139.09,227.91,6,3,11,66.8,137.1,107.5
17,34.5339,87.5,86.5,4,2,8,173.0,116.0,250.0
17,34.5339,103.5,86.5,4,2,8,173.8,116.8,250.8
17,34.5339,183.5,86.5,4,2,8,172.0,115.5,246.0
17,34.5339,210.5,86.5,38,2,76,172.1,115.2,249.3
17,34.5339,273.5,86.5,4,2,8,171.1,114.1,254.1
17,34.5339,280.5,86.5,6,2,12,164.0,116.3,252.0
17,34.5339,288.5,86.5,6,2,12,171.8,114.1,250.1
17,34.5339,170.16,156.64,6,7,25,171.4,115.9,249.5
17,34.5339,83.7,164.9,4,6,20,173.4,115.8,245.1
17,34.5339,158.33,197.27,6,4,15,167.5,119.3,247.9
17,34.5339,262.5,197.5,2,4,8,176.8,113.8,247.8
17,34.5339,2.5,208.17,6,3,12,149.2,149.8,204.5
17,34.5339,256.23,224.34,40,12,250,98.8,154.2,127.0
17,34.5339,307.89,225.29,27,10,167,82.5,133.6,138.8
17,34.5339,285.29,227.26,12,5,42,79.5,135.8,119.6
17,34.5339,83.27,227.6,6,4,15,91.0,131.2,160.5
17,34.5339,146.65,227.35,7,4,17,78.1,135.1,135.6
17,34.5339,68.55,228.0,5,3,11,49.3,132.7,103.8
17,34.5339,137.3,227.9,6,3,10,63.1,134.5,104.4
18,34.5672,87.5,86.5,4,2,8,173.0,116.0,250.0
18,34.5672,103.5,86.5,4,2,8,173.8,116.8,250.8
18,34.5672,183.5,86.5,4,2,8,172.0,115.5,246.0
18,34.5672,210.5,86.5,38,2,76,172.1,115.2,249.3
18,34.5672,273.5,86.5,4,2,8,171.1,114.1,254.1
18,34.5672,280.5,86.5,6,2,12,164.0,116.3,252.0
18,34.5672,288.5,86.5,6,2,12,171.8,114.1,250.1
18,34.5672,203.2,147.0,8,12,80,175.2,114.5,249.9
18,34.5672,170.5,157.5,2,8,16,172.9,115.7,247.4
18,34.5672,180.16,156.64,6,7,25,171.4,116.1,249.0
18,34.5672,83.7,164.9,4,6,20,173.4,115.8,245.1
18,34.5672,151.5,184.5,4,2,8,171.9,117.9,247.9
18,34.5672,155.56,196.67,4,3,9,170.0,119.7,248.1
18,34.5672,1.17,208.33,4,2,6,147.3,150.0,202.7
18,34.5672,306.2,225.18,31,10,193,89.9,138.6,147.3
18,34.5672,250.5,225.0,4,3,8,24.0,127.6,79.2
18,34.5672,87.15,227.27,7,5,26,83.8,128.1,163.1
18,34.5672,282.5,227.0,12,5,32,82.0,137.7,101.4
18,34.5672,65.67,227.83,5,4,12,52.9,133.4,108.6
18,34.5672,80.0,227.6,5,4,15,90.5,132.1,159.7
18,34.5672,143.62,227.12,8,4,16,82.4,140.8,140.8
18,34.5672,270.64,227.95,8,4,22,30.0,129.5,37.2
18,34.5672,134.08,227.67,7,3,12,73.8,140.9,119.8
19,34.6006,87.5,86.5,4,2,8,173.0,116.0,250.0
19,34.6006,103.5,86.5,4,2,8,173.8,116.8,250.8
19,34.6006,183.5,86.5,4,2,8,172.0,115.5,246.0
19,34.6006,210.5,86.5,38,2,76,172.1,115.2,249.3
19,34.6006,273.5,86.5,4,2,8,171.1,114.1,254.1
19,34.6006,280.5,86.5,6,2,12,164.0,116.3,252.0
19,34.6006,288.5,86.5,6,2,12,171.8,114.1,250.1
19,34.6006,193.7,156.73,8,7,30,171.8,116.0,248.5
19,34.6006,83.7,164.9,4,6,20,173.4,115.8,245.1
19,34.6006,129.5,166.5,4,2,8,169.0,117.0,245.0
19,34.6006,266.5,178.5,6,2,12,172.0,116.0,245.0
19,34.6006,271.43,188.57,4,2,7,172.6,116.6,245.6
19,34.6006,300.58,225.21,44,10,251,85.6,135.0,132.9
19,34.6006,38.38,225.62,4,4,8,121.2,151.8,166.8
19,34.6006,139.32,227.16,8,5,19,83.5,140.2,140.3
19,34.6006,75.77,227.85,5,4,13,89.9,130.9,158.8
19,34.6006,129.8,228.0,5,3,10,62.4,136.5,99.2
20,34.634,87.5,86.5,4,2,8,173.0,116.0,250.0
20,34.634,103.5,86.5,4,2,8,173.8,116.8,250.8
20,34.634,183.5,86.5,4,2,8,172.0,115.5,246.0
20,34.634,210.5,86.5,38,2,76,172.1,115.2,249.3
20,34.634,273.5,86.5,4,2,8,171.1,114.1,254.1
20,34.634,280.5,86.5,6,2,12,164.0,116.3,252.0
20,34.634,288.5,86.5,6,2,12,171.8,114.1,250.1
20,34.634,193.7,156.73,8,7,30,171.8,116.0,248.5
20,34.634,83.7,164.9,4,6,20,173.4,115.8,245.1
20,34.634,126.5,164.5,6,2,12,168.8,117.2,245.2
20,34.634,304.7,206.57,30,3,63,150.8,146.6,209.5
20,34.634,301.2,224.91,44,12,229,88.8,137.1,132.4
20,34.634,255.26,223.65,6,6,23,50.1,130.7,102.3
20,34.634,266.46,226.58,17,8,67,14.8,121.7,31.3
20,34.634,59.69,227.19,7,6,16,56.0,137.1,117.1
20,34.634,136.44,227.28,8,4,18,79.1,135.8,136.7
20,34.634,127.29,228.0,4,3,7,62.6,134.7,100.6
21,34.6673,87.5,86.5,4,2,8,173.0,116.0,250.0
21,34.6673,103.5,86.5,4,2,8,173.8,116.8,250.8
21,34.6673,183.5,86.5,4,2,8,172.0,115.5,246.0
21,34.6673,210.5,86.5,38,2,76,172.1,115.2,249.3
21,34.6673,273.5,86.5,4,2,8,171.1,114.1,254.1
21,34.6673,280.5,86.5,6,2,12,164.0,116.3,252.0
21,34.6673,288.5,86.5,6,2,12,171.8,114.1,250.1
21,34.6673,193.7,156.73,8,7,30,171.8,116.0,248.5
21,34.6673,83.7,164.9,4,6,20,173.4,115.8,245.1
21,34.6673,250.29,196.9,8,8,31,172.0,115.3,249.5
21,34.6673,131.0,227.19,7,5,16,81.9,139.7,138.8
21,34.6673,53.62,228.38,5,2,8,38.8,129.5,91.2
22,34.7007,87.5,86.5,4,2,8,173.0,116.0,250.0
22,34.7007,103.5,86.5,4,2,8,173.8,116.8,250.8
22,34.7007,183.5,86.5,4,2,8,172.0,115.5,246.0
22,34.7007,210.5,86.5,38,2,76,172.1,115.2,249.3
22,34.7007,273.5,86.5,4,2,8,171.1,114.1,254.1
22,34.7007,280.5,86.5,6,2,12,164.0,116.3,252.0
22,34.7007,288.5,86.5,6,2,12,171.8,114.1,250.1
22,34.7007,193.7,156.73,8,7,30,172.0,116.2,248.8
22,34.7007,90.53,172.12,2,10,17,178.3,112.3,247.0
22,34.7007,97.46,194.83,8,10,65,172.7,115.5,248.3
22,34.7007,257.67,196.67,4,3,9,164.3,117.6,251.4
22,34.7007,137.53,207.1,33,4,59,152.1,147.2,209.9
22,34.7007,306.0,206.75,30,3,56,151.1,146.1,210.6
22,34.7007,209.51,224.34,40,12,245,122.0,151.6,178.0
22,34.7007,242.55,224.16,31,12,237,135.0,163.7,193.6
22,34.7007,298.57,224.33,45,12,276,79.1,137.8,116.5
22,34.7007,262.57,224.57,4,3,7,168.4,207.7,224.9
22,34.7007,268.44,227.19,8,6,27,68.6,128.4,103.0
22,34.7007,223.14,227.29,4,4,7,82.9,146.1,140.3
22,34.7007,50.62,228.38,5,2,8,42.4,131.1,87.4
23,34.7341,87.5,86.5,4,2,8,173.0,116.0,250.0
23,34.7341,103.5,86.5,4,2,8,173.8,116.8,250.8
23,34.7341,183.5,86.5,4,2,8,172.0,115.5,246.0
23,34.7341,210.5,86.5,38,2,76,172.1,115.2,249.3
23,34.7341,273.5,86.5,4,2,8,171.1,114.1,254.1
23,34.7341,280.5,86.5,6,2,12,164.0,116.3,252.0
23,34.7341,288.5,86.5,6,2,12,171.8,114.1,250.1
23,34.7341,193.7,156.73,8,7,30,172.0,116.2,248.8
23,34.7341,81.37,169.46,8,14,92,172.8,115.6,245.8
23,34.7341,142.95,169.62,6,6,21,172.9,116.3,245.7
23,34.7341,257.83,169.83,4,4,12,170.0,116.7,245.0
23,34.7341,264.57,197.24,8,6,21,172.7,115.7,245.8
23,34.7341,309.91,222.84,20,12,128,111.2,147.7,148.1
23,34.7341,297.54,224.17,10,10,35,58.8,118.9,95.6
23,34.7341,283.1,225.69,25,8,119,59.1,123.1,87.4
23,34.7341,259.67,224.5,4,3,6,172.7,209.3,231.7
23,34.7341,265.48,227.33,9,6,27,72.7,132.4,105.0
23,34.7341,125.73,227.4,5,4,15,73.5,134.5,132.8
23,34.7341,317.12,227.88,6,4,17,13.2,128.6,10.9
23,34.7341,46.83,228.17,6,3,12,53.3,134.7,95.8
24,34.7674,87.5,86.5,4,2,8,173.0,116.0,250.0
24,34.7674,103.5,86.5,4,2,8,173.8,116.8,250.8
24,34.7674,183.5,86.5,4,2,8,172.0,115.5,246.0
24,34.7674,210.5,86.5,38,2,76,172.1,115.2,249.3
24,34.7674,273.5,86.5,4,2,8,171.1,114.1,254.1
24,34.7674,280.5,86.5,6,2,12,164.0,116.3,252.0
24,34.7674,288.5,86.5,6,2,12,171.8,114.1,250.1
24,34.7674,101.19,139.59,8,4,27,168.5,116.9,246.1
24,34.7674,193.7,156.73,8,7,30,172.0,116.2,248.8
24,34.7674,261.24,187.96,9,4,25,175.1,115.6,245.6
24,34.7674,305.04,207.0,30,4,72,149.8,146.7,207.0
24,34.7674,237.68,224.14,35,12,242,132.6,163.2,191.2
24,34.7674,44.06,227.5,7,5,16,55.9,138.0,99.7
24,34.7674,147.69,227.54,42,4,149,75.2,119.1,150.4
25,34.8008,87.5,86.5,4,2,8,173.0,116.0,250.0
25,34.8008,103.5,86.5,4,2,8,173.8,116.8,250.8
25,34.8008,183.5,86.5,4,2,8,172.0,115.5,246.0
25,34.8008,210.5,86.5,38,2,76,172.1,115.2,249.3
25,34.8008,273.5,86.5,4,2,8,171.1,114.1,254.1
25,34.8008,280.5,86.5,6,2,12,164.0,116.3,252.0
25,34.8008,288.5,86.5,6,2,12,171.8,114.1,250.1
25,34.8008,99.77,137.73,8,4,22,168.2,117.2,246.5
25,34.8008,193.7,156.73,8,7,30,172.1,116.3,248.8
25,34.8008,294.5,154.5,6,2,12,178.3,114.3,245.7
25,34.8008,132.21,163.36,6,8,28,173.2,115.2,252.0
25,34.8008,118.5,181.5,2,4,8,175.0,115.5,252.9
25,34.8008,261.94,185.79,11,4,33,176.7,114.8,245.4
25,34.8008,235.38,224.13,34,12,238,132.3,162.4,191.6
25,34.8008,42.06,227.5,7,5,16,55.9,138.0,99.7
25,34.8008,2.82,227.64,4,4,11,72.9,127.9,124.2
26,34.8342,87.5,86.5,4,2,8,173.0,116.0,250.0
26,34.8342,103.5,86.5,4,2,8,173.8,116.8,250.8
26,34.8342,183.5,86.5,4,2,8,172.0,115.5,246.0
26,34.8342,210.5,86.5,38,2,76,172.1,115.2,249.3
26,34.8342,273.5,86.5,4,2,8,171.1,114.1,254.1
26,34.8342,280.5,86.5,6,2,12,164.0,116.3,252.0
26,34.8342,288.5,86.5,6,2,12,171.8,114.1,250.1
26,34.8342,50.36,153.21,6,14,56,172.1,115.6,246.1
26,34.8342,193.7,156.73,8,7,30,172.1,116.3,248.8
26,34.8342,109.5,176.5,4,2,8,172.4,115.9,248.9
26,34.8342,275.29,182.57,4,2,7,170.9,117.3,247.0
26,34.8342,309.38,224.05,24,12,145,65.5,132.3,89.9
26,34.8342,282.3,224.42,43,11,233,99.6,138.7,150.6
26,34.8342,255.25,227.38,7,5,24,71.2,130.2,103.9
26,34.8342,31.33,228.33,3,3,6,84.0,144.2,112.0
26,34.8342,37.2,228.1,6,3,10,52.5,134.3,96.1
26,34.8342,318.0,228.29,4,3,7,2.0,125.7,1.1
27,34.8675,87.5,86.5,4,2,8,173.0,116.0,250.0
27,34.8675,103.5,86.5,4,2,8,173.8,116.8,250.8
27,34.8675,183.5,86.5,4,2,8,172.0,115.5,246.0
27,34.8675,210.5,86.5,38,2,76,172.1,115.2,249.3
27,34.8675,273.5,86.5,4,2,8,171.1,114.1,254.1
27,34.8675,280.5,86.5,6,2,12,164.0,116.3,252.0
27,34.8675,288.5,86.5,6,2,12,171.9,114.2,250.2
27,34.8675,81.83,120.17,10,4,24,168.3,117.3,246.0
27,34.8675,193.7,156.73,8,7,30,172.1,116.3,248.8
27,34.8675,105.89,171.76,10,8,38,172.5,116.1,246.0
27,34.8675,274.5,172.5,2,6,12,174.9,114.9,245.6
27,34.8675,276.5,178.5,6,2,12,175.3,115.3,245.0
27,34.8675,196.36,224.11,29,12,137,121.9,154.2,174.0
27,34.8675,225.5,223.85,43,12,303,136.7,164.1,191.7
27,34.8675,111.46,226.29,8,6,24,111.0,157.6,164.0
27,34.8675,251.96,227.38,8,5,26,68.6,128.7,98.2
27,34.8675,15.15,227.5,8,4,20,80.5,136.3,128.2
27,34.8675,34.44,228.22,5,3,9,48.6,133.1,89.2
28,34.9009,87.5,86.5,4,2,8,173.0,116.0,250.0
28,34.9009,103.5,86.5,4,2,8,173.8,116.8,250.8
28,34.9009,183.5,86.5,4,2,8,172.0,115.5,246.0
28,34.9009,210.5,86.5,38,2,76,172.1,115.2,249.3
28,34.9009,273.5,86.5,4,2,8,171.1,114.1,254.1
28,34.9009,280.5,86.5,6,2,12,164.0,116.3,252.0
28,34.9009,288.5,86.5,6,2,12,171.8,114.2,249.2
28,34.9009,58.5,104.5,6,2,12,195.0,109.0,245.0
28,34.9009,193.7,156.73,8,7,30,172.1,116.3,248.8
28,34.9009,90.83,164.17,6,6,24,174.6,117.1,246.2
28,34.9009,280.5,163.5,2,4,8,170.8,115.2,249.2
28,34.9009,97.23,168.32,8,6,44,171.5,115.5,247.9
28,34.9009,74.5,198.11,8,4,18,179.2,111.4,252.4
28,34.9009,83.5,200.5,4,2,8,174.0,116.0,249.0
28,34.9009,9.38,226.45,9,7,29,80.6,126.8,129.0
28,34.9009,2.93,226.13,6,4,15,93.3,137.2,132.4
28,34.9009,247.07,227.26,8,6,27,70.6,129.3,101.7
28,34.9009,199.57,227.83,10,4,23,38.1,129.4,70.2
28,34.9009,308.4,228.1,5,3,10,55.6,143.4,93.0
28,34.9009,317.38,228.12,4,3,8,64.9,133.4,100.4
29,34.9343,87.5,86.5,4,2,8,173.0,116.0,250.0
29,34.9343,103.5,86.5,4,2,8,173.8,116.8,250.8
29,34.9343,183.5,86.5,4,2,8,172.0,115.5,246.0
29,34.9343,210.5,86.5,38,2,76,172.1,115.2,249.3
29,34.9343,273.5,86.5,4,2,8,171.1,114.1,254.1
29,34.9343,280.5,86.5,6,2,12,164.0,116.3,252.0
29,34.9343,288.5,86.5,6,2,12,171.9,114.2,249.6
29,34.9343,25.17,105.17,4,4,12,175.3,115.3,252.0
29,34.9343,75.5,108.5,4,2,8,171.4,115.9,245.9
29,34.9343,8.5,123.5,2,8,16,170.5,116.0,246.5
29,34.9343,315.93,121.64,8,4,28,172.8,116.0,247.0
29,34.9343,102.5,135.5,2,4,8,170.5,117.0,245.0
29,34.9343,10.5,139.5,2,4,8,175.0,115.0,245.0
29,34.9343,193.7,156.73,8,7,30,172.1,116.3,248.8
29,34.9343,77.5,156.5,4,2,8,179.5,116.5,249.5
29,34.9343,288.5,157.5,2,4,8,168.0,114.5,255.0
29,34.9343,91.23,164.32,8,6,44,171.3,115.3,247.8
29,34.9343,55.36,165.07,10,4,28,171.0,116.0,248.8
29,34.9343,292.27,166.55,6,2,11,175.2,115.3,245.1
29,34.9343,104.16,225.8,10,6,25,127.4,176.9,177.2
29,34.9343,107.67,226.67,4,2,6,86.0,135.0,141.5
29,34.9343,172.0,228.71,5,2,7,0.0,126.9,0.0
29,34.9343,314.0,228.5,3,2,6,51.3,130.3,86.7
30,34.9676,87.5,86.5,4,2,8,173.0,116.0,250.0
30,34.9676,103.5,86.5,4,2,8,173.8,116.8,250.8
30,34.9676,183.5,86.5,4,2,8,172.0,115.5,246.0
30,34.9676,210.5,86.5,38,2,76,172.1,115.2,249.3
30,34.9676,273.5,86.5,4,2,8,171.1,114.1,254.1
30,34.9676,280.5,86.5,6,2,12,164.0,116.3,252.0
30,34.9676,288.5,86.5,6,2,12,171.8,114.1,250.1
30,34.9676,0.5,89.5,2,4,8,177.0,112.5,247.0
30,34.9676,78.02,107.58,8,10,60,171.4,116.6,248.6
30,34.9676,52.14,150.71,5,2,7,172.3,116.0,245.0
30,34.9676,31.43,155.37,14,4,30,173.5,116.3,246.8
30,34.9676,193.7,156.73,8,7,30,172.1,116.3,248.8
30,34.9676,19.17,157.17,4,4,12,173.7,115.7,245.0
30,34.9676,301.5,156.5,4,2,8,176.8,115.8,245.8
30,34.9676,41.3,161.6,4,4,10,164.5,119.3,247.3
30,34.9676,45.5,160.5,4,2,8,162.5,120.0,255.0
30,34.9676,127.24,226.99,33,7,128,53.7,119.3,105.5
30,34.9676,109.0,224.0,9,1,9,159.4,229.9,217.6
30,34.9676,151.4,226.76,21,6,67,27.5,117.9,60.4
30,34.9676,239.96,227.38,8,5,26,68.7,128.7,98.2
30,34.9676,104.0,226.57,5,2,7,85.9,141.3,148.4
30,34.9676,312.0,228.11,4,4,9,76.7,142.2,98.4
30,34.9676,5.56,228.44,5,3,9,67.4,137.7,105.2
30,34.9676,99.22,227.89,5,3,9,74.3,136.0,123.8
30,34.9676,108.0,228.12,3,3,8,84.9,134.6,163.5
30,34.9676,166.23,228.18,13,3,22,16.1,127.8,30.5
31,35.001,87.5,86.5,4,2,8,173.0,116.0,250.0
31,35.001,103.5,86.5,4,2,8,173.8,116.8,250.8
31,35.001,183.5,86.5,4,2,8,172.0,115.5,246.0
31,35.001,210.5,86.5,38,2,76,172.1,115.2,249.3
31,35.001,273.5,86.5,4,2,8,171.1,114.1,254.1
31,35.001,280.5,86.5,6,2,12,164.0,116.3,252.0
31,35.001,288.5,86.5,6,2,12,171.8,114.1,250.1
31,35.001,314.76,134.63,12,35,283,139.9,128.4,148.0
31,35.001,45.22,139.78,7,4,18,178.5,115.7,247.6
31,35.001,55.5,140.5,4,2,8,175.0,115.0,245.0
31,35.001,44.73,145.64,5,4,11,170.6,118.5,248.2
31,35.001,75.84,155.1,8,8,49,172.2,117.2,247.6
31,35.001,37.17,154.67,4,2,6,170.3,120.0,246.7
31,35.001,193.7,156.73,8,7,30,172.1,116.3,248.8
31,35.001,68.5,188.5,6,2,12,177.2,115.2,248.5
31,35.001,183.68,223.63,28,11,120,129.3,160.3,180.3
31,35.001,125.78,226.66,43,10,180,39.4,119.8,80.0
31,35.001,154.57,226.41,18,7,70,12.4,127.5,33.3
31,35.001,253.12,224.88,4,4,8,133.9,152.9,192.9
31,35.001,236.35,227.65,9,5,26,74.7,131.7,109.8
31,35.001,100.67,226.67,4,2,6,88.7,144.7,148.8
31,35.001,187.29,227.65,7,4,17,51.3,132.1,82.1
31,35.001,308.17,227.83,5,4,12,75.6,137.8,92.1
31,35.001,96.22,227.89,5,3,9,76.2,136.9,125.0
31,35.001,299.0,228.0,5,3,11,67.0,140.6,109.6
31,35.001,317.83,228.0,3,3,6,73.3,139.7,104.7
32,35.0344,87.5,86.5,4,2,8,173.0,116.0,250.0
32,35.0344,103.5,86.5,4,2,8,173.8,116.8,250.8
32,35.0344,183.5,86.5,4,2,8,172.0,115.5,246.0
32,35.0344,210.5,86.5,38,2,76,172.1,115.2,249.3
32,35.0344,273.5,86.5,4,2,8,171.1,114.1,254.1
32,35.0344,280.5,86.5,6,2,12,164.0,116.3,252.0
32,35.0344,288.5,86.5,6,2,12,171.9,114.2,249.6
32,35.0344,9.17,153.17,4,4,12,177.6,114.6,250.9
32,35.0344,69.7,156.9,4,6,20,172.7,113.9,252.4
32,35.0344,193.7,156.73,8,7,30,172.1,116.3,248.8
32,35.0344,61.17,179.17,4,4,12,172.2,115.2,246.8
32,35.0344,51.83,185.17,4,4,12,174.3,116.0,248.7
32,35.0344,1.0,217.86,4,3,7,159.0,167.6,221.7
32,35.0344,208.81,223.8,42,12,290,124.0,162.5,165.7
32,35.0344,180.78,224.52,26,11,154,113.7,154.0,169.0
32,35.0344,125.5,221.0,4,3,8,9.5,120.9,34.9
32,35.0344,99.15,224.85,9,4,13,139.3,199.5,197.2
32,35.0344,248.38,227.31,16,6,48,67.9,134.4,105.1
32,35.0344,231.28,228.0,8,4,18,46.1,131.3,100.7
32,35.0344,302.75,228.0,6,4,12,78.1,140.0,101.0
32,35.0344,312.25,227.75,8,4,12,77.3,142.1,105.0
32,35.0344,91.5,228.25,4,3,8,75.2,138.1,126.5
32,35.0344,100.0,228.14,3,3,7,79.1,128.1,154.3
32,35.0344,293.22,228.11,5,3,9,64.8,139.8,105.9
33,35.0677,87.5,86.5,4,2,8,173.0,116.0,250.0
33,35.0677,103.5,86.5,4,2,8,173.8,116.8,250.8
33,35.0677,183.5,86.5,4,2,8,172.0,115.5,246.0
33,35.0677,210.5,86.5,38,2,76,172.1,115.2,249.3
33,35.0677,273.5,86.5,4,2,8,171.1,114.1,254.1
33,35.0677,280.5,86.5,6,2,12,164.0,116.3,252.0
33,35.0677,288.5,86.5,6,2,12,171.8,114.1,250.1
33,35.0677,193.7,156.73,8,7,30,172.1,116.3,248.8
33,35.0677,47.64,178.21,8,6,28,172.8,115.1,251.8
33,35.0677,36.5,185.5,2,4,8,175.2,115.8,250.2
33,35.0677,299.01,221.68,45,14,362,154.6,172.3,201.0
33,35.0677,267.08,222.66,19,11,101,111.1,131.2,145.1
33,35.0677,109.28,226.34,34,10,138,33.6,122.3,58.0
33,35.0677,135.36,226.06,20,7,70,20.8,120.0,45.1
33,35.0677,97.0,224.0,7,1,7,176.1,225.4,224.9
33,35.0677,249.34,227.07,23,6,80,72.1,132.2,106.9
33,35.0677,78.76,227.16,8,5,25,69.4,133.0,127.2
33,35.0677,153.39,227.32,22,5,72,49.9,129.4,94.0
33,35.0677,183.61,227.39,11,5,31,67.1,138.0,111.8
33,35.0677,223.12,227.19,17,5,58,33.7,121.6,70.1
33,35.0677,88.25,227.88,5,3,8,70.6,136.4,119.4
33,35.0677,261.71,227.86,3,3,7,45.6,139.7,65.0
33,35.0677,290.67,228.0,4,3,9,64.3,132.8,107.0
34,35.1011,87.5,86.5,4,2,8,173.0,116.0,250.0
34,35.1011,103.5,86.5,4,2,8,173.8,116.8,250.8
34,35.1011,183.5,86.5,4,2,8,172.0,115.5,246.0
34,35.1011,210.5,86.5,38,2,76,172.1,115.2,249.3
34,35.1011,273.5,86.5,4,2,8,171.1,114.1,254.1
34,35.1011,280.5,86.5,6,2,12,164.0,116.3,252.0
34,35.1011,288.5,86.5,6,2,12,171.8,114.1,250.1
34,35.1011,193.7,156.73,8,7,30,172.1,116.3,248.8
34,35.1011,110.45,207.64,7,2,11,148.5,148.2,207.6
34,35.1011,98.98,224.78,22,13,110,16.9,118.0,27.0
34,35.1011,100.0,222.0,4,4,10,10.9,124.1,37.7
34,35.1011,118.33,222.83,3,4,6,9.0,126.8,53.5
34,35.1011,131.2,226.7,16,7,64,8.6,120.8,12.7
34,35.1011,113.48,226.92,8,6,25,5.4,122.3,8.8
34,35.1011,241.93,227.38,16,6,40,69.2,133.1,106.7
34,35.1011,149.38,227.24,21,5,66,70.5,130.7,128.4
34,35.1011,278.45,227.05,9,5,22,66.0,132.6,101.8
34,35.1011,85.67,228.0,7,4,18,36.8,126.4,47.1
34,35.1011,286.22,228.11,5,3,9,60.8,136.4,99.9
34,35.1011,7.71,228.57,4,2,7,59.0,133.0,92.6
34,35.1011,315.56,228.78,7,2,9,69.3,134.8,108.3
35,35.1345,87.5,86.5,4,2,8,173.0,116.0,250.0
35,35.1345,103.5,86.5,4,2,8,173.8,116.8,250.8
35,35.1345,183.5,86.5,4,2,8,172.0,115.5,246.0
35,35.1345,210.5,86.5,38,2,76,172.1,115.2,249.3
35,35.1345,273.5,86.5,4,2,8,171.1,114.1,254.1
35,35.1345,280.5,86.5,6,2,12,164.0,116.3,252.0
35,35.1345,288.5,86.5,6,2,12,171.8,114.1,250.1
35,35.1345,193.7,156.73,8,7,30,172.1,116.3,248.8
35,35.1345,19.78,164.22,8,6,27,172.8,114.9,252.1
35,35.1345,8.5,171.5,2,4,8,176.2,115.2,250.2
35,35.1345,7.33,208.08,14,3,24,146.8,149.2,205.3
35,35.1345,109.5,207.5,4,2,8,149.5,147.5,209.0
35,35.1345,90.5,224.0,8,1,8,169.5,229.5,227.9
35,35.1345,225.17,224.67,4,3,6,94.0,161.0,127.8
35,35.1345,238.77,226.91,16,6,53,81.8,138.9,120.5
35,35.1345,147.68,227.27,20,5,60,78.6,132.1,150.5
35,35.1345,176.33,227.52,9,5,21,29.8,122.0,68.3
35,35.1345,135.47,227.6,4,4,15,78.3,132.9,172.3
35,35.1345,283.45,227.91,5,4,11,63.5,134.3,105.6
35,35.1345,81.5,228.0,2,3,6,66.5,135.7,109.8
35,35.1345,4.71,228.57,4,2,7,58.7,133.4,90.1
36,35.1678,87.5,86.5,4,2,8,173.0,116.0,250.0
36,35.1678,103.5,86.5,4,2,8,173.8,116.8,250.8
36,35.1678,183.5,86.5,4,2,8,172.0,115.5,246.0
36,35.1678,210.5,86.5,38,2,76,172.1,115.2,249.3
36,35.1678,273.5,86.5,4,2,8,171.1,114.1,254.1
36,35.1678,280.5,86.5,6,2,12,164.0,116.3,252.0
36,35.1678,288.5,86.5,6,2,12,171.8,114.1,250.1
36,35.1678,4.89,133.7,14,29,243,182.1,169.0,199.6
36,35.1678,0.5,153.5,2,4,8,171.4,113.4,253.2
36,35.1678,193.7,156.73,8,7,30,172.1,116.3,248.8
36,35.1678,85.5,224.0,8,1,8,169.4,229.6,228.1
36,35.1678,244.08,227.16,7,6,25,55.0,134.6,90.1
36,35.1678,139.29,227.51,23,5,72,81.9,129.9,155.8
36,35.1678,235.52,227.26,11,5,31,69.1,136.6,110.2
36,35.1678,82.67,227.0,5,4,9,77.2,132.0,149.0
36,35.1678,105.77,227.55,42,4,146,81.5,118.2,159.9
36,35.1678,250.17,227.33,3,4,6,59.7,135.5,99.0
36,35.1678,76.71,228.14,3,3,7,66.3,137.3,104.9
36,35.1678,278.67,228.0,4,3,9,64.6,132.8,107.7
36,35.1678,306.67,228.83,5,2,6,90.3,144.0,120.0
37,35.2012,87.5,86.5,4,2,8,173.0,116.0,250.0
37,35.2012,103.5,86.5,4,2,8,173.8,116.8,250.8
37,35.2012,183.5,86.5,4,2,8,172.0,115.5,246.0
37,35.2012,210.5,86.5,38,2,76,172.1,115.2,249.3
37,35.2012,273.5,86.5,4,2,8,171.1,114.1,254.1
37,35.2012,280.5,86.5,6,2,12,164.0,116.3,252.0
37,35.2012,288.5,86.5,6,2,12,171.8,114.1,250.1
37,35.2012,193.7,156.73,8,7,30,172.1,116.3,248.8
37,35.2012,208.5,221.67,4,2,6,165.8,220.0,202.2
37,35.2012,103.96,227.61,39,4,135,83.6,116.3,162.8
37,35.2012,73.0,227.75,4,3,8,74.4,138.0,123.2
37,35.2012,182.33,227.83,7,3,12,96.5,138.8,133.6
37,35.2012,275.67,228.0,4,3,9,64.6,133.1,107.7
37,35.2012,295.38,228.5,5,3,8,75.5,139.6,109.9
38,35.2346,87.5,86.5,4,2,8,173.0,116.0,250.0
38,35.2346,103.5,86.5,4,2,8,173.8,116.8,250.8
38,35.2346,183.5,86.5,4,2,8,172.0,115.5,246.0
38,35.2346,210.5,86.5,38,2,76,172.1,115.2,249.3
38,35.2346,273.5,86.5,4,2,8,171.1,114.1,254.1
38,35.2346,280.5,86.5,6,2,12,164.0,116.3,252.0
38,35.2346,288.5,86.5,6,2,12,171.8,114.1,250.1
38,35.2346,193.7,156.73,8,7,30,172.1,116.3,248.8
38,35.2346,207.44,225.42,12,10,55,40.3,130.2,48.6
38,35.2346,227.88,226.65,28,7,113,43.7,125.8,62.4
38,35.2346,68.73,227.27,4,4,11,75.9,137.4,129.7
38,35.2346,100.1,227.61,41,4,141,85.5,119.7,159.2
38,35.2346,291.57,228.43,5,3,7,72.1,139.6,105.4
39,35.2679,87.5,86.5,4,2,8,173.0,116.0,250.0
39,35.2679,103.5,86.5,4,2,8,173.8,116.8,250.8
39,35.2679,183.5,86.5,4,2,8,172.0,115.5,246.0
39,35.2679,210.5,86.5,38,2,76,172.1,115.2,249.3
39,35.2679,273.5,86.5,4,2,8,171.1,114.1,254.1
39,35.2679,280.5,86.5,6,2,12,164.0,116.3,252.0
39,35.2679,288.5,86.5,6,2,12,171.8,114.1,250.1
39,35.2679,193.7,156.73,8,7,30,172.1,116.3,248.8
39,35.2679,315.91,223.18,8,8,45,126.6,145.8,184.5
39,35.2679,211.55,225.57,9,9,40,35.0,132.4,54.4
39,35.2679,77.17,224.17,5,2,6,166.7,219.0,216.7
39,35.2679,65.55,227.18,4,5,11,74.0,138.0,127.5
39,35.2679,96.62,227.61,41,4,145,81.6,118.3,162.3
39,35.2679,129.88,227.62,25,4,69,79.3,131.4,156.0
39,35.2679,277.78,228.22,5,3,9,48.2,140.1,68.7
39,35.2679,3.71,228.57,4,2,7,78.0,137.1,135.7
40,35.3013,87.5,86.5,4,2,8,173.0,116.0,250.0
40,35.3013,103.5,86.5,4,2,8,173.8,116.8,250.8
40,35.3013,183.5,86.5,4,2,8,172.0,115.5,246.0
40,35.3013,210.5,86.5,38,2,76,172.1,115.2,249.3
40,35.3013,273.5,86.5,4,2,8,171.1,114.1,254.1
40,35.3013,280.5,86.5,6,2,12,164.0,116.3,252.0
40,35.3013,288.5,86.5,6,2,12,171.8,114.1,250.1
40,35.3013,193.7,156.73,8,7,30,172.1,116.3,248.8
40,35.3013,315.15,223.31,11,12,67,122.9,140.6,185.6
40,35.3013,210.26,226.32,7,7,19,21.9,116.4,34.2
40,35.3013,74.57,224.14,6,2,7,167.7,219.9,218.3
40,35.3013,215.33,224.83,3,3,6,29.8,111.2,41.7
40,35.3013,62.77,227.23,5,5,13,74.3,138.0,125.0
40,35.3013,94.35,227.45,39,5,147,88.2,120.6,164.8
40,35.3013,3.77,228.46,8,3,13,108.1,146.7,167.6
40,35.3013,273.83,228.0,3,3,6,45.2,135.2,68.5
41,35.3347,87.5,86.5,4,2,8,173.0,116.0,250.0
41,35.3347,103.5,86.5,4,2,8,173.8,116.8,250.8
41,35.3347,183.5,86.5,4,2,8,172.0,115.5,246.0
41,35.3347,210.5,86.5,38,2,76,172.1,115.2,249.3
41,35.3347,273.5,86.5,4,2,8,171.1,114.1,254.1
41,35.3347,280.5,86.5,6,2,12,164.0,116.3,252.0
41,35.3347,288.5,86.5,6,2,12,171.8,114.1,250.8
41,35.3347,225.5,152.5,4,2,8,175.0,114.0,254.5
41,35.3347,230.5,157.5,2,4,8,175.5,113.0,254.5
41,35.3347,194.91,221.82,3,8,11,53.4,158.9,68.5
41,35.3347,212.09,222.91,3,5,11,15.4,123.8,31.3
41,35.3347,206.55,226.27,8,7,22,14.5,123.6,23.5
41,35.3347,71.0,224.17,5,2,6,164.5,211.3,218.8
41,35.3347,58.82,227.18,5,5,11,72.6,136.1,124.5
41,35.3347,89.56,227.64,43,4,144,89.7,120.9,166.0
41,35.3347,1.5,228.17,4,3,6,116.8,150.2,176.7
41,35.3347,235.83,228.08,5,3,12,26.4,131.2,44.3
41,35.3347,271.09,228.18,5,3,11,50.5,140.2,72.0
42,35.368,87.5,86.5,4,2,8,173.0,116.0,250.0
42,35.368,103.5,86.5,4,2,8,173.8,116.8,250.8
42,35.368,183.5,86.5,4,2,8,172.0,115.5,246.0
42,35.368,210.5,86.5,38,2,76,172.1,115.2,249.3
42,35.368,273.5,86.5,4,2,8,171.1,114.1,254.1
42,35.368,280.5,86.5,6,2,12,164.0,116.3,252.0
42,35.368,288.5,86.5,6,2,12,171.8,114.1,250.8
42,35.368,231.06,146.88,8,4,17,173.8,118.6,247.5
42,35.368,213.59,162.86,10,6,44,170.5,115.8,249.2
42,35.368,245.23,172.32,5,9,31,172.6,117.0,247.2
42,35.368,245.5,208.5,4,2,8,150.5,150.0,201.5
42,35.368,311.3,223.77,19,12,132,115.9,140.8,172.5
42,35.368,197.03,226.63,9,6,35,54.3,143.4,77.4
42,35.368,205.25,224.25,6,2,8,169.0,206.9,197.9
42,35.368,224.0,226.52,7,6,23,47.5,138.0,66.5
42,35.368,53.33,227.0,5,5,12,75.7,137.9,130.5
42,35.368,256.68,226.89,5,5,19,78.1,137.5,109.3
42,35.368,84.75,227.49,41,4,143,89.5,119.7,164.5
42,35.368,208.1,227.9,12,4,30,44.6,135.6,85.7
42,35.368,218.0,227.54,7,4,13,28.2,124.4,36.7
42,35.368,264.75,227.75,6,3,12,73.6,139.9,97.8
43,35.4014,87.5,86.5,4,2,8,173.0,116.0,250.0
43,35.4014,103.5,86.5,4,2,8,173.8,116.8,250.8
43,35.4014,183.5,86.5,4,2,8,172.0,115.5,246.0
43,35.4014,210.5,86.5,38,2,76,172.1,115.2,249.3
43,35.4014,273.5,86.5,4,2,8,171.1,114.1,254.1
43,35.4014,280.5,86.5,6,2,12,164.0,116.3,252.0
43,35.4014,288.5,86.5,6,2,12,171.8,114.1,250.8
43,35.4014,246.38,146.62,6,3,13,172.5,116.5,248.3
43,35.4014,255.5,150.5,4,2,8,172.2,115.2,249.8
43,35.4014,228.33,163.0,10,6,48,170.4,116.1,249.2
43,35.4014,308.0,223.18,27,14,213,126.8,149.3,181.6
43,35.4014,265.09,224.0,4,6,11,106.5,133.1,172.7
43,35.4014,185.24,227.35,10,6,34,47.0,136.1,97.9
43,35.4014,200.0,224.0,7,1,7,154.1,199.6,191.9
43,35.4014,216.69,227.19,15,6,48,40.0,130.8,58.5
43,35.4014,195.08,227.75,5,5,12,49.2,124.4,64.3
43,35.4014,77.14,227.57,41,4,148,90.1,118.3,166.3
43,35.4014,158.31,228.08,5,3,13,14.5,121.2,6.2
43,35.4014,202.65,228.1,8,3,20,63.9,142.8,92.0
43,35.4014,256.44,227.94,7,3,18,59.4,142.0,88.7
44,35.4348,87.5,86.5,4,2,8,173.0,116.0,250.0
44,35.4348,103.5,86.5,4,2,8,173.8,116.8,250.8
44,35.4348,183.5,86.5,4,2,8,172.0,115.5,246.0
44,35.4348,210.5,86.5,38,2,76,172.1,115.2,249.3
44,35.4348,273.5,86.5,4,2,8,171.1,114.1,254.1
44,35.4348,280.5,86.5,6,2,12,164.0,116.3,252.0
44,35.4348,288.5,86.5,6,2,12,171.8,114.1,250.8
44,35.4348,256.0,147.0,6,4,16,173.2,116.2,248.8
44,35.4348,241.5,163.5,4,4,16,175.1,114.3,252.0
44,35.4348,18.88,207.74,43,4,106,148.6,147.9,207.4
44,35.4348,206.73,227.54,9,5,26,44.4,141.5,77.6
44,35.4348,95.32,227.52,9,4,31,87.5,134.9,158.2
44,35.4348,252.5,229.0,6,1,6,36.7,128.0,62.7
45,35.4681,87.5,86.5,4,2,8,173.0,116.0,250.0
45,35.4681,103.5,86.5,4,2,8,173.8,116.8,250.8
45,35.4681,183.5,86.5,4,2,8,172.0,115.5,246.0
45,35.4681,210.5,86.5,38,2,76,172.1,115.2,249.3
45,35.4681,273.5,86.5,4,2,8,171.1,114.1,254.1
45,35.4681,280.5,86.5,6,2,12,164.0,116.3,252.0
45,35.4681,288.5,86.5,6,2,12,171.8,114.2,249.2
45,35.4681,262.0,147.06,6,4,17,173.0,116.0,249.5
45,35.4681,244.21,162.64,10,6,56,169.8,115.7,248.7
45,35.4681,301.67,207.01,40,4,107,151.4,147.5,209.3
45,35.4681,278.0,208.5,3,2,6,164.7,146.3,207.3
45,35.4681,107.14,221.71,3,3,7,16.9,128.7,63.6
45,35.4681,181.9,223.37,19,5,49,181.0,200.2,214.3
45,35.4681,251.77,226.0,4,8,26,85.8,127.7,151.5
45,35.4681,108.18,226.42,16,6,55,11.0,114.7,23.3
45,35.4681,199.11,227.33,10,5,27,51.0,139.1,74.4
45,35.4681,91.12,227.61,22,4,64,72.8,124.7,133.9
45,35.4681,185.28,227.98,17,3,43,24.4,123.3,48.3
45,35.4681,220.86,228.71,5,2,7,6.6,117.0,0.0
46,35.5015,87.5,86.5,4,2,8,173.0,116.0,250.0
46,35.5015,103.5,86.5,4,2,8,173.8,116.8,250.8
46,35.5015,183.5,86.5,4,2,8,172.0,115.5,246.0
46,35.5015,210.5,86.5,38,2,76,172.1,115.2,249.3
46,35.5015,273.5,86.5,4,2,8,171.1,114.1,254.1
46,35.5015,280.5,86.5,6,2,12,164.0,116.3,252.0
46,35.5015,288.5,86.5,6,2,12,171.8,114.2,249.2
46,35.5015,265.5,138.5,4,2,8,172.4,113.9,254.9
46,35.5015,279.5,193.5,10,6,32,181.6,116.8,249.9
46,35.5015,141.17,204.6,43,4,83,152.1,145.9,210.3
46,35.5015,277.22,204.56,5,2,9,134.3,145.0,186.1
46,35.5015,302.32,204.76,30,3,50,152.7,146.5,211.9
46,35.5015,111.5,205.0,8,1,8,154.0,145.0,214.0
46,35.5015,170.5,206.0,6,1,6,144.0,150.0,199.0
46,35.5015,15.33,222.59,38,13,228,132.7,166.0,185.5
46,35.5015,50.47,225.7,44,10,264,94.5,133.7,160.7
46,35.5015,95.15,221.85,8,4,13,40.2,139.5,67.9
46,35.5015,183.89,226.65,29,7,130,39.2,132.1,58.7
46,35.5015,77.97,226.21,9,6,38,67.4,133.4,124.8
46,35.5015,232.8,227.03,10,6,30,30.8,129.7,41.0
46,35.5015,316.86,225.93,4,6,14,63.1,137.1,109.2
47,35.5349,87.5,86.5,4,2,8,173.0,116.0,250.0
47,35.5349,103.5,86.5,4,2,8,173.8,116.8,250.8
47,35.5349,183.5,86.5,4,2,8,172.0,115.5,246.0
47,35.5349,210.5,86.5,38,2,76,172.1,115.2,249.3
47,35.5349,273.5,86.5,4,2,8,171.1,114.1,254.1
47,35.5349,280.5,86.5,6,2,12,164.0,116.3,252.0
47,35.5349,288.5,86.5,6,2,12,171.8,114.1,250.8
47,35.5349,258.5,132.5,2,10,20,175.1,114.5,252.0
47,35.5349,278.5,139.5,2,4,8,161.5,118.5,248.0
47,35.5349,276.5,143.5,2,4,8,164.6,117.6,248.1
47,35.5349,278.5,148.5,2,6,12,165.7,117.7,249.7
47,35.5349,250.5,153.5,2,4,8,162.0,118.0,255.0
47,35.5349,36.93,218.34,20,3,41,172.0,206.3,202.0
47,35.5349,65.67,218.22,4,3,9,9.7,119.0,43.1
47,35.5349,179.72,224.4,15,10,86,35.0,134.6,54.1
47,35.5349,232.9,223.45,6,6,20,67.3,132.6,108.0
47,35.5349,231.33,228.0,6,4,15,0.1,122.2,0.0
47,35.5349,200.44,227.94,7,3,18,53.1,121.6,42.1
47,35.5349,247.22,228.89,8,2,9,57.2,124.1,33.1
48,35.5682,87.5,86.5,4,2,8,173.0,116.0,250.0
48,35.5682,103.5,86.5,4,2,8,173.8,116.8,250.8
48,35.5682,183.5,86.5,4,2,8,172.0,115.5,246.0
48,35.5682,210.5,86.5,38,2,76,172.1,115.2,249.3
48,35.5682,273.5,86.5,4,2,8,171.1,114.1,254.1
48,35.5682,280.5,86.5,6,2,12,164.0,116.3,252.0
48,35.5682,289.07,86.43,8,2,14,171.8,114.4,249.9
48,35.5682,258.5,124.0,2,9,18,175.1,114.6,252.7
48,35.5682,276.1,122.9,8,10,40,172.7,114.2,253.5
48,35.5682,278.5,131.5,2,4,8,163.5,118.0,248.0
48,35.5682,278.5,140.5,2,6,12,166.3,117.3,249.7
48,35.5682,250.5,145.5,2,4,8,160.5,118.5,253.5
48,35.5682,271.71,166.57,4,2,7,173.4,118.6,245.6
48,35.5682,7.09,215.82,21,12,111,144.7,177.4,192.3
48,35.5682,27.5,216.5,10,2,18,192.9,200.4,208.4
48,35.5682,96.77,220.56,10,8,43,71.4,132.7,108.7
48,35.5682,307.56,216.11,8,2,9,166.3,208.2,223.0
48,35.5682,70.03,223.27,28,12,146,30.4,126.3,53.4
48,35.5682,86.86,220.76,10,5,37,60.6,130.3,107.1
48,35.5682,225.38,222.08,6,8,24,46.9,132.0,81.8
48,35.5682,247.6,220.8,7,4,20,61.8,136.9,85.1
48,35.5682,311.17,221.07,9,5,30,68.0,142.3,103.3
48,35.5682,229.52,227.56,9,5,25,9.4,121.2,8.4
48,35.5682,188.78,228.17,11,4,23,1.6,112.3,2.7
48,35.5682,34.14,227.29,5,2,7,16.0,136.9,5.0
48,35.5682,167.29,228.57,4,2,7,27.7,125.3,15.7
49,35.6016,87.5,86.5,4,2,8,173.0,116.0,250.0
49,35.6016,103.5,86.5,4,2,8,173.8,116.8,250.8
49,35.6016,183.5,86.5,4,2,8,172.0,115.5,246.0
49,35.6016,210.5,86.5,38,2,76,172.1,115.2,249.3
49,35.6016,273.5,86.5,4,2,8,171.1,114.1,254.1
49,35.6016,280.5,86.5,6,2,12,164.0,116.3,252.0
49,35.6016,289.07,86.43,8,2,14,171.8,114.4,249.9
49,35.6016,258.5,110.5,2,10,20,175.1,114.5,251.7
49,35.6016,278.5,114.5,2,10,20,166.2,117.8,245.8
49,35.6016,276.5,121.5,2,4,8,163.8,118.2,247.2
49,35.6016,278.5,127.5,2,4,8,166.5,117.0,251.5
49,35.6016,251.55,175.55,8,4,31,173.3,114.5,251.1
49,35.6016,183.94,213.54,15,7,35,96.6,132.5,162.9
49,35.6016,174.5,214.5,4,2,8,113.4,143.6,154.9
49,35.6016,62.16,217.62,12,7,45,61.2,132.2,113.6
49,35.6016,80.56,217.62,18,6,68,52.9,132.8,104.5
49,35.6016,168.39,222.14,22,15,146,59.2,111.0,43.3
49,35.6016,302.75,217.68,7,6,28,62.9,134.1,109.2
49,35.6016,313.57,216.0,4,3,7,63.9,142.6,128.7
49,35.6016,2.1,217.5,3,4,10,89.3,144.6,153.8
49,35.6016,106.5,217.5,2,4,8,51.2,118.2,117.8
49,35.6016,185.57,217.57,7,5,21,53.4,133.1,84.5
49,35.6016,316.0,219.31,9,4,13,57.4,140.2,81.3
49,35.6016,183.45,226.44,19,9,71,13.7,118.3,4.8
49,35.6016,205.46,226.55,18,7,80,7.1,116.2,3.5
49,35.6016,226.07,226.9,10,6,30,13.7,116.3,9.8
49,35.6016,219.33,227.93,6,4,15,18.1,127.1,1.5
50,35.635,87.5,86.5,4,2,8,173.0,116.0,250.0
50,35.635,103.5,86.5,4,2,8,173.8,116.8,250.8
50,35.635,183.5,86.5,4,2,8,172.0,115.5,246.0
50,35.635,210.5,86.5,38,2,76,172.1,115.2,249.3
50,35.635,273.5,86.5,4,2,8,171.1,114.1,254.1
50,35.635,280.5,86.5,6,2,12,164.0,116.3,252.0
50,35.635,288.5,86.5,6,2,12,171.8,114.1,250.8
50,35.635,258.5,102.5,2,10,20,175.4,114.2,252.2
50,35.635,278.5,109.5,2,4,8,163.5,118.0,247.0
50,35.635,276.33,113.17,2,4,6,164.5,118.5,248.2
50,35.635,278.5,118.5,2,6,12,165.7,117.7,250.7
50,35.635,250.5,123.5,2,4,8,161.0,118.0,255.0
50,35.635,173.82,220.96,36,22,359,45.8,118.4,53.2
50,35.635,79.26,215.11,8,8,35,65.6,131.5,95.9
50,35.635,67.51,215.32,11,6,37,56.7,135.9,111.5
50,35.635,295.1,215.93,9,6,40,55.0,133.1,101.2
50,35.635,312.74,215.97,7,5,31,52.5,133.4,92.7
50,35.635,305.9,216.8,3,4,10,62.6,138.0,98.2
50,35.635,257.33,218.33,3,3,6,46.7,103.3,66.3
50,35.635,202.29,224.47,19,11,95,12.0,121.4,7.0
50,35.635,217.71,225.39,12,8,56,5.9,118.6,2.6
50,35.635,189.43,224.57,4,4,7,26.6,129.6,13.0
50,35.635,194.07,227.64,5,5,14,13.8,115.4,3.0
50,35.635,227.43,228.29,4,3,7,18.4,122.0,22.7
51,35.6683,87.5,86.5,4,2,8,173.0,116.0,250.0
51,35.6683,103.5,86.5,4,2,8,173.8,116.8,250.8
51,35.6683,183.5,86.5,4,2,8,172.0,115.5,246.0
51,35.6683,210.5,86.5,38,2,76,172.1,115.2,249.3
51,35.6683,273.5,86.5,4,2,8,171.1,114.1,254.1
51,35.6683,280.5,86.5,6,2,12,164.0,116.3,252.0
51,35.6683,288.5,86.5,6,2,12,171.8,114.1,250.8
51,35.6683,258.5,100.5,2,10,20,175.4,114.2,253.1
51,35.6683,278.5,107.5,2,4,8,162.5,118.0,249.0
51,35.6683,278.5,116.5,2,6,12,165.7,117.7,250.7
51,35.6683,250.5,121.5,2,4,8,160.0,118.5,254.5
51,35.6683,251.61,164.33,8,3,18,174.4,114.9,254.4
51,35.6683,265.47,207.44,41,17,355,138.1,151.1,174.4
51,35.6683,10.47,211.28,26,10,172,103.0,133.2,173.5
51,35.6683,68.07,210.39,9,5,28,86.0,143.4,139.1
51,35.6683,80.89,211.32,7,8,28,82.6,128.2,136.5
51,35.6683,233.1,212.57,7,7,30,63.2,134.8,93.1
51,35.6683,283.45,212.84,6,8,31,55.1,133.0,85.3
51,35.6683,38.14,212.09,22,6,95,68.9,131.1,135.3
51,35.6683,57.1,212.44,10,6,41,51.7,136.7,105.0
51,35.6683,301.95,212.53,7,6,38,56.0,135.8,96.0
51,35.6683,316.75,211.94,5,6,16,71.9,141.9,123.2
51,35.6683,295.0,213.0,3,5,13,51.2,139.8,104.2
51,35.6683,68.36,214.27,7,3,11,54.9,140.3,54.1
51,35.6683,287.77,224.2,28,13,210,9.0,103.2,6.1
51,35.6683,271.61,222.79,8,8,33,60.6,122.0,33.8
51,35.6683,262.39,222.61,12,7,46,66.7,121.1,62.7
51,35.6683,209.67,228.33,4,3,6,0.0,126.2,0.0
52,35.7017,87.5,86.5,4,2,8,173.0,116.0,250.0
52,35.7017,103.5,86.5,4,2,8,173.8,116.8,250.8
52,35.7017,183.5,86.5,4,2,8,172.0,115.5,246.0
52,35.7017,210.5,86.5,38,2,76,172.1,115.2,249.3
52,35.7017,273.5,86.5,4,2,8,171.1,114.1,254.1
52,35.7017,280.5,86.5,6,2,12,164.0,116.3,252.0
52,35.7017,288.5,86.5,6,2,12,171.8,114.1,250.8
52,35.7017,258.5,100.5,2,10,20,175.4,114.2,251.9
52,35.7017,278.5,107.5,2,4,8,162.5,118.0,249.0
52,35.7017,278.5,116.5,2,6,12,165.7,117.7,250.7
52,35.7017,250.5,121.5,2,4,8,160.0,118.5,254.5
52,35.7017,251.61,164.33,8,3,18,174.4,114.9,254.4
52,35.7017,173.0,204.25,5,3,8,111.8,145.5,176.5
52,35.7017,17.14,209.63,42,10,221,86.8,135.8,160.7
52,35.7017,158.32,208.62,23,9,77,78.4,139.5,123.8
52,35.7017,55.95,209.78,21,7,83,53.2,136.5,95.5
52,35.7017,170.0,210.94,5,6,18,53.2,135.6,76.9
52,35.7017,294.71,209.97,8,5,34,57.1,134.9,99.9
52,35.7017,310.0,210.27,4,5,11,61.1,136.3,110.9
52,35.7017,316.7,209.6,7,5,20,53.5,131.3,118.4
52,35.7017,287.9,210.2,3,4,10,55.4,140.7,113.1
52,35.7017,214.3,216.32,14,11,74,71.0,131.9,59.5
52,35.7017,284.54,222.43,45,16,385,24.3,108.3,16.9
52,35.7017,211.42,225.15,18,10,81,10.7,120.4,7.1
52,35.7017,202.08,227.5,4,5,12,4.2,131.3,0.3
52,35.7017,142.0,228.0,3,3,7,15.4,137.9,9.1
53,35.7351,87.5,86.5,4,2,8,173.0,116.0,250.0
53,35.7351,103.5,86.5,4,2,8,173.8,116.8,250.8
53,35.7351,183.5,86.5,4,2,8,172.0,115.5,246.0
53,35.7351,210.5,86.5,38,2,76,172.1,115.2,249.3
53,35.7351,273.5,86.5,4,2,8,171.1,114.1,254.1
53,35.7351,280.5,86.5,6,2,12,164.0,116.3,252.0
53,35.7351,288.5,86.5,6,2,12,171.8,114.1,250.8
53,35.7351,258.5,100.5,2,10,20,175.4,114.2,251.9
53,35.7351,278.5,107.5,2,4,8,162.5,118.0,249.0
53,35.7351,278.5,116.5,2,6,12,165.7,117.7,250.7
53,35.7351,250.5,121.5,2,4,8,160.0,118.5,254.5
53,35.7351,251.61,164.33,8,3,18,174.4,114.9,254.4
53,35.7351,251.16,201.7,43,14,323,130.4,141.0,166.4
53,35.7351,172.14,199.43,5,2,7,100.0,134.7,167.1
53,35.7351,161.67,204.24,11,11,33,77.3,137.2,124.3
53,35.7351,169.15,205.35,9,10,46,68.7,135.1,116.9
53,35.7351,151.03,205.5,12,9,38,71.7,133.5,113.1
53,35.7351,227.17,204.0,3,3,6,101.5,141.2,151.7
53,35.7351,3.58,206.78,9,6,40,66.5,126.8,129.4
53,35.7351,21.49,206.67,25,6,88,67.7,136.1,128.4
53,35.7351,44.5,206.82,18,6,68,58.1,134.8,108.9
53,35.7351,307.57,206.93,4,6,14,70.4,144.0,120.5
53,35.7351,277.31,206.94,6,5,16,70.5,137.6,113.1
53,35.7351,284.94,207.03,7,5,33,45.9,136.9,91.4
53,35.7351,300.59,206.29,7,5,17,73.4,142.8,121.7
53,35.7351,315.11,206.92,9,5,38,63.8,136.6,117.4
53,35.7351,216.45,213.48,13,14,89,77.7,132.7,63.8
53,35.7351,141.1,208.2,5,3,10,54.1,140.1,75.9
53,35.7351,202.0,208.62,5,2,8,56.1,132.1,71.1
53,35.7351,267.33,208.56,5,3,9,54.7,137.3,89.1
53,35.7351,188.56,220.0,4,5,9,15.9,125.3,11.9
53,35.7351,202.12,225.55,21,10,88,11.1,123.1,6.9
53,35.7351,134.08,225.38,7,4,13,13.8,131.0,7.6
53,35.7351,192.8,226.7,3,6,10,6.1,129.1,0.4
53,35.7351,128.57,228.5,8,3,14,21.6,137.4,6.2
54,35.7684,87.5,86.5,4,2,8,173.0,116.0,250.0
54,35.7684,103.5,86.5,4,2,8,173.8,116.8,250.8
54,35.7684,183.5,86.5,4,2,8,172.0,115.5,246.0
54,35.7684,210.5,86.5,38,2,76,172.1,115.2,249.3
54,35.7684,273.5,86.5,4,2,8,171.1,114.1,254.1
54,35.7684,280.5,86.5,6,2,12,164.0,116.3,252.0
54,35.7684,288.5,86.5,6,2,12,171.8,114.1,250.8
54,35.7684,258.5,108.5,2,10,20,175.1,114.5,251.2
54,35.7684,276.1,106.9,8,10,40,172.7,114.5,253.4
54,35.7684,278.5,115.5,2,4,8,173.0,115.0,247.0
54,35.7684,276.5,121.5,2,8,16,168.8,115.8,249.5
54,35.7684,250.5,129.5,2,4,8,162.5,118.0,255.0
54,35.7684,279.6,129.4,4,4,15,173.0,116.0,245.0
54,35.7684,89.89,185.79,8,3,19,148.8,147.9,209.8
54,35.7684,170.66,186.35,42,3,80,147.4,149.1,206.1
54,35.7684,196.42,185.58,7,2,12,151.4,147.9,209.4
54,35.7684,309.62,186.36,21,3,45,150.3,148.9,207.7
54,35.7684,2.14,186.14,6,2,7,144.4,149.4,203.4
54,35.7684,23.87,186.42,31,2,53,147.9,149.7,206.1
54,35.7684,53.39,186.04,27,2,28,145.8,149.8,204.4
54,35.7684,77.23,186.35,17,2,26,147.4,150.0,205.8
54,35.7684,285.79,186.21,22,2,28,146.3,149.4,204.7
54,35.7684,156.57,201.36,6,4,14,89.6,140.3,162.4
54,35.7684,159.31,205.63,19,10,65,67.9,135.0,108.3
54,35.7684,274.5,200.5,4,2,6,71.2,127.0,114.5
54,35.7684,277.82,206.73,10,9,45,66.9,134.7,91.0
54,35.7684,148.67,203.83,4,3,6,92.5,142.5,138.8
54,35.7684,5.49,206.77,12,6,65,76.3,130.9,146.2
54,35.7684,18.62,206.75,11,6,40,64.1,131.0,115.2
54,35.7684,33.15,207.0,9,6,26,44.3,134.7,98.7
54,35.7684,42.77,206.64,11,6,39,58.7,138.9,93.3
54,35.7684,139.42,206.38,16,7,60,73.1,135.4,109.5
54,35.7684,296.5,205.0,2,3,6,72.7,139.0,140.3
54,35.7684,301.5,205.5,2,4,8,65.8,131.0,145.2
54,35.7684,312.11,206.64,16,6,76,62.9,127.4,122.4
54,35.7684,57.0,207.6,4,5,10,73.9,135.5,117.0
54,35.7684,291.89,206.83,6,5,18,70.1,132.7,123.2
54,35.7684,299.33,207.17,2,5,6,63.2,133.0,113.2
54,35.7684,298.92,222.37,36,18,367,16.0,108.6,9.1
54,35.7684,274.93,218.73,23,9,107,69.0,128.7,58.0
54,35.7684,189.13,221.4,7,4,15,36.4,133.2,26.7
54,35.7684,194.82,227.1,15,7,49,3.9,122.8,3.9
54,35.7684,117.67,226.5,2,4,6,22.5,137.2,15.5
55,35.8018,87.5,86.5,4,2,8,173.0,116.0,250.0
55,35.8018,103.5,86.5,4,2,8,173.8,116.8,250.8
55,35.8018,183.5,86.5,4,2,8,172.0,115.5,246.0
55,35.8018,210.5,86.5,38,2,76,172.1,115.2,249.3
55,35.8018,273.5,86.5,4,2,8,171.1,114.1,254.1
55,35.8018,280.5,86.5,6,2,12,164.0,116.3,252.0
55,35.8018,288.5,86.5,6,2,12,171.8,114.1,250.8
55,35.8018,258.5,117.5,2,8,16,175.1,114.4,254.2
55,35.8018,278.5,119.5,2,4,8,171.5,116.0,249.5
55,35.8018,277.07,129.07,4,12,28,167.5,117.0,247.8
55,35.8018,249.7,137.3,4,8,20,169.0,116.6,247.8
55,35.8018,279.83,137.83,4,4,12,173.0,116.0,245.0
55,35.8018,298.36,188.48,44,2,84,149.8,149.5,206.8
55,35.8018,257.0,193.0,4,3,6,112.3,142.8,144.8
55,35.8018,266.66,198.2,16,12,122,140.6,129.1,126.2
55,35.8018,219.03,204.33,9,8,33,121.2,144.3,170.3
55,35.8018,137.89,208.14,10,9,35,63.3,136.0,106.9
55,35.8018,312.74,208.94,14,12,86,65.2,130.5,104.7
55,35.8018,1.95,208.75,6,6,20,59.1,138.9,113.3
55,35.8018,13.62,208.55,14,6,47,53.6,136.5,116.8
55,35.8018,31.44,209.08,19,7,71,51.9,135.2,97.9
55,35.8018,128.85,208.55,8,7,20,71.3,142.1,96.2
55,35.8018,264.11,208.79,7,5,19,73.1,143.6,110.1
55,35.8018,145.61,210.11,6,5,18,48.1,142.2,67.8
55,35.8018,154.5,209.57,4,4,14,67.6,143.5,96.2
55,35.8018,270.94,209.71,5,5,17,47.4,132.0,92.4
55,35.8018,285.09,209.36,3,4,11,84.0,125.8,104.6
55,35.8018,275.1,212.2,3,5,10,56.7,128.4,53.9
55,35.8018,134.88,223.07,38,15,276,6.0,117.4,3.9
55,35.8018,164.91,224.08,44,14,197,42.0,114.6,33.3
55,35.8018,265.89,221.56,3,4,9,73.0,135.3,45.0
55,35.8018,115.17,226.0,3,3,6,16.2,116.0,13.7
55,35.8018,111.86,228.14,4,3,7,13.6,119.0,9.0
56,35.8352,87.5,86.5,4,2,8,173.0,116.0,250.0
56,35.8352,103.5,86.5,4,2,8,173.8,116.8,250.8
56,35.8352,183.5,86.5,4,2,8,172.0,115.5,246.0
56,35.8352,210.5,86.5,38,2,76,172.1,115.2,249.3
56,35.8352,273.5,86.5,4,2,8,171.1,114.1,254.1
56,35.8352,280.5,86.5,6,2,12,164.0,116.3,252.0
56,35.8352,288.5,86.5,6,2,12,171.8,114.1,250.8
56,35.8352,258.5,131.5,2,8,16,176.1,114.1,251.2
56,35.8352,277.0,132.0,4,6,16,173.2,115.2,249.9
56,35.8352,276.93,140.9,5,12,30,171.5,116.3,247.8
56,35.8352,279.6,151.4,4,4,15,173.0,116.0,245.0
56,35.8352,245.42,189.31,23,6,59,149.2,139.2,182.2
56,35.8352,126.39,191.52,38,3,64,149.4,147.9,208.6
56,35.8352,166.22,191.13,13,3,23,150.5,147.1,210.1
56,35.8352,26.0,191.92,18,3,24,147.8,149.3,206.3
56,35.8352,41.29,191.79,13,2,14,147.7,148.9,207.3
56,35.8352,54.5,191.5,14,2,24,149.9,147.5,209.2
56,35.8352,63.7,192.2,4,3,10,151.7,149.9,204.9
56,35.8352,88.5,191.0,14,1,14,153.6,145.4,214.0
56,35.8352,175.83,191.83,5,2,6,146.8,149.2,206.7
56,35.8352,184.12,191.69,12,2,16,149.1,148.4,209.6
56,35.8352,199.27,192.17,16,3,41,151.6,149.6,209.3
56,35.8352,218.64,191.36,18,2,25,150.3,147.2,208.5
56,35.8352,264.41,196.16,22,11,140,140.2,122.7,140.3
56,35.8352,282.25,192.22,19,3,32,148.2,148.7,206.6
56,35.8352,312.2,192.05,14,3,40,151.7,148.5,209.6
56,35.8352,4.5,192.0,10,1,10,145.8,150.0,204.0
56,35.8352,154.56,192.22,7,2,9,147.3,150.0,204.4
56,35.8352,298.0,192.0,9,1,9,146.0,150.0,204.0
56,35.8352,142.81,209.98,11,10,48,76.8,137.0,125.8
56,35.8352,41.92,211.76,11,7,38,78.6,135.1,138.9
56,35.8352,125.52,212.03,10,7,29,60.9,133.3,91.4
56,35.8352,134.75,212.69,4,7,16,52.1,130.9,79.6
56,35.8352,259.52,211.81,9,6,31,58.4,138.9,105.9
56,35.8352,278.5,210.5,2,4,6,66.7,138.8,131.8
56,35.8352,3.59,212.48,8,6,29,58.5,136.3,106.1
56,35.8352,14.73,212.5,8,6,26,43.1,127.2,97.9
56,35.8352,24.24,212.05,12,6,42,54.6,135.1,93.3
56,35.8352,190.42,212.83,6,6,24,57.1,131.6,94.1
56,35.8352,252.56,213.11,3,6,9,42.6,138.1,85.6
56,35.8352,273.31,212.44,5,6,16,63.6,139.3,111.1
56,35.8352,115.79,212.79,6,5,19,61.9,139.2,80.9
56,35.8352,233.56,215.67,4,4,9,31.2,112.6,35.7
56,35.8352,282.5,217.0,2,3,6,39.0,119.3,34.7
56,35.8352,114.33,220.73,13,6,33,8.4,128.3,6.6
56,35.8352,165.64,222.65,19,11,99,131.0,131.1,99.9
56,35.8352,222.12,219.95,17,6,59,68.3,125.1,58.1
56,35.8352,105.43,219.57,4,2,7,28.1,132.9,28.7
56,35.8352,128.55,221.73,2,6,11,2.8,133.7,2.1
56,35.8352,115.79,226.8,27,8,107,4.0,103.4,2.1
56,35.8352,137.08,225.96,14,8,71,9.8,112.8,5.9
57,35.8685,87.5,86.5,4,2,8,173.0,116.0,250.0
57,35.8685,103.5,86.5,4,2,8,173.8,116.8,250.8
57,35.8685,183.5,86.5,4,2,8,172.0,115.5,246.0
57,35.8685,210.5,86.5,38,2,76,172.1,115.2,249.3
57,35.8685,273.5,86.5,4,2,8,171.1,114.1,254.1
57,35.8685,280.5,86.5,6,2,12,164.0,116.3,252.0
57,35.8685,288.5,86.5,6,2,12,171.8,114.1,250.8
57,35.8685,258.5,134.5,2,10,20,175.1,114.5,251.2
57,35.8685,277.3,135.3,4,8,20,173.2,115.2,250.4
57,35.8685,278.5,141.5,2,4,8,173.0,115.0,247.0
57,35.8685,276.5,147.5,2,8,16,168.8,115.8,249.5
57,35.8685,250.5,155.5,2,4,8,162.5,118.0,255.0
57,35.8685,279.6,155.4,4,4,15,173.0,116.0,245.0
57,35.8685,297.5,192.5,44,2,88,149.5,148.7,207.2
57,35.8685,137.85,211.97,15,11,73,65.0,133.2,106.5
57,35.8685,43.5,208.5,4,2,8,157.1,153.1,209.1
57,35.8685,111.5,208.75,4,3,8,150.5,201.4,182.1
57,35.8685,254.0,208.5,3,2,6,175.2,208.5,229.5
57,35.8685,123.03,212.84,11,7,32,66.2,134.5,96.4
57,35.8685,254.22,213.13,16,7,54,63.3,139.4,107.4
57,35.8685,275.67,211.83,2,4,6,70.5,137.5,139.5
57,35.8685,293.06,212.65,3,6,17,79.6,121.3,126.1
57,35.8685,7.52,213.52,16,6,52,53.3,131.1,109.8
57,35.8685,21.33,213.52,12,6,48,57.3,134.9,91.2
57,35.8685,38.92,213.29,11,6,38,79.0,132.8,133.6
57,35.8685,270.12,213.75,5,6,16,61.8,137.1,109.9
57,35.8685,284.14,214.12,9,8,43,72.6,125.1,118.3
57,35.8685,290.25,214.25,2,7,8,55.6,119.4,80.5
57,35.8685,112.79,213.79,6,5,19,60.7,139.2,80.1
57,35.8685,181.67,213.67,4,2,6,72.7,135.0,116.5
57,35.8685,198.2,214.95,8,4,20,25.1,112.0,39.8
57,35.8685,105.84,220.68,10,8,25,13.5,126.8,9.1
57,35.8685,121.33,219.5,2,4,6,12.7,122.7,8.5
57,35.8685,111.43,226.14,28,11,114,6.4,104.6,3.5
57,35.8685,125.33,221.11,6,6,18,9.8,131.1,6.2
57,35.8685,165.28,224.04,20,10,113,130.2,129.5,101.4
57,35.8685,132.82,226.16,17,9,73,11.0,117.0,5.7
58,35.9019,87.5,86.5,4,2,8,173.0,116.0,250.0
58,35.9019,103.5,86.5,4,2,8,173.8,116.8,250.8
58,35.9019,183.5,86.5,4,2,8,172.0,115.5,246.0
58,35.9019,210.5,86.5,38,2,76,172.1,115.2,249.3
58,35.9019,272.5,86.5,6,2,12,171.3,114.0,250.7
58,35.9019,280.5,86.5,6,2,12,164.0,116.3,252.0
58,35.9019,288.5,86.5,6,2,12,171.8,114.1,250.8
58,35.9019,305.48,196.38,28,4,56,151.2,150.6,204.1
58,35.9019,76.5,195.0,6,1,6,154.0,145.0,215.3
58,35.9019,100.62,195.31,11,2,13,150.8,147.1,208.1
58,35.9019,2.5,196.0,6,1,6,144.5,149.5,203.5
58,35.9019,20.0,196.0,27,1,27,145.2,149.7,203.1
58,35.9019,55.86,196.29,20,2,28,145.1,149.5,204.1
58,35.9019,230.23,196.32,37,2,53,147.9,149.7,204.7
58,35.9019,305.86,224.01,37,21,226,41.6,116.7,41.7
58,35.9019,132.3,211.2,10,4,20,99.7,134.3,171.3
58,35.9019,101.62,212.0,4,3,8,166.8,209.8,188.9
58,35.9019,243.5,211.67,4,2,6,160.0,215.7,224.3
58,35.9019,307.37,213.78,13,7,41,80.0,136.6,117.2
58,35.9019,242.42,218.61,15,12,74,41.4,130.6,67.9
58,35.9019,284.68,216.46,33,9,151,61.2,129.0,109.4
58,35.9019,1.7,217.25,5,6,20,42.4,129.8,84.3
58,35.9019,9.89,216.68,11,6,44,55.6,135.0,91.7
58,35.9019,27.37,216.47,9,6,30,74.0,135.1,132.6
58,35.9019,111.64,217.48,8,8,33,50.0,130.2,72.9
58,35.9019,120.75,216.85,4,6,20,53.9,130.8,82.7
58,35.9019,258.96,216.38,6,6,24,68.2,135.5,129.3
58,35.9019,102.29,217.12,6,5,24,55.9,135.1,77.0
58,35.9019,129.84,217.2,7,5,25,49.2,134.0,81.6
58,35.9019,175.85,217.65,8,4,26,58.8,132.2,94.7
58,35.9019,186.0,217.85,5,4,13,44.5,128.8,75.4
58,35.9019,97.92,225.32,12,9,59,6.1,115.7,2.7
58,35.9019,224.18,224.78,14,8,60,69.6,120.0,53.6
58,35.9019,111.06,224.5,6,6,18,36.7,136.4,15.6
58,35.9019,117.84,226.32,7,8,31,4.9,109.4,2.3
58,35.9019,233.36,224.71,5,5,14,60.4,131.1,53.7
58,35.9019,166.43,226.8,16,6,76,135.4,118.7,100.3
58,35.9019,90.12,227.96,11,5,25,4.5,98.1,1.5
58,35.9019,105.14,228.57,5,2,7,12.0,127.4,0.0
59,35.9353,87.5,86.5,4,2,8,173.0,116.0,250.0
59,35.9353,103.5,86.5,4,2,8,173.8,116.8,250.8
59,35.9353,183.5,86.5,4,2,8,172.0,115.5,246.0
59,35.9353,210.5,86.5,38,2,76,172.1,115.2,249.3
59,35.9353,272.5,86.5,6,2,12,171.3,114.0,250.7
59,35.9353,280.5,86.5,6,2,12,164.0,116.3,252.0
59,35.9353,288.5,86.5,6,2,12,171.8,114.1,250.8
59,35.9353,262.13,146.93,6,4,15,173.1,116.6,248.6
59,35.9353,244.5,162.81,10,6,52,170.1,115.8,248.7
59,35.9353,173.5,188.5,4,2,8,175.5,115.0,246.5
59,35.9353,277.5,192.5,4,2,8,164.0,126.5,249.0
59,35.9353,3.9,197.2,8,2,10,153.2,146.0,209.4
59,35.9353,169.56,197.96,11,3,25,152.6,148.5,205.6
59,35.9353,215.5,197.0,12,1,12,153.0,145.0,211.0
59,35.9353,198.36,198.43,16,2,28,147.9,150.4,202.3
59,35.9353,289.1,198.4,16,2,20,148.6,147.8,208.2
59,35.9353,301.22,198.44,5,2,9,148.6,150.0,204.6
59,35.9353,312.44,198.06,15,2,16,144.1,149.3,200.3
59,35.9353,310.45,213.44,16,10,55,136.2,163.9,181.8
59,35.9353,228.43,215.43,5,3,7,103.4,134.6,170.6
59,35.9353,277.85,219.03,33,9,142,50.7,127.8,104.7
59,35.9353,297.56,217.12,7,5,16,49.2,135.2,94.2
59,35.9353,4.1,219.17,9,6,41,56.0,134.6,104.4
59,35.9353,103.57,219.5,9,7,30,54.9,133.6,71.7
59,35.9353,252.8,218.47,10,6,30,76.5,139.5,122.7
59,35.9353,259.67,218.67,2,6,9,72.9,142.2,134.6
59,35.9353,315.75,224.12,10,14,69,19.2,114.4,16.3
59,35.9353,113.05,219.79,8,5,19,45.8,134.6,71.2
59,35.9353,97.57,223.76,15,12,58,17.4,123.4,23.9
59,35.9353,168.46,220.08,6,4,13,51.6,135.8,64.7
59,35.9353,185.0,220.5,3,2,6,65.0,142.0,78.7
59,35.9353,67.7,225.6,5,4,10,5.9,123.7,2.9
59,35.9353,165.86,226.9,14,6,59,131.1,105.2,92.7
59,35.9353,298.47,227.72,24,4,74,42.2,112.4,47.2
59,35.9353,70.0,228.33,5,3,9,3.2,114.8,0.4
59,35.9353,108.44,228.33,6,3,9,20.8,115.3,13.1
59,35.9353,95.6,228.5,6,2,10,0.0,129.6,0.0
60,35.9686,87.5,86.5,4,2,8,173.0,116.0,250.0
60,35.9686,103.5,86.5,4,2,8,173.8,116.8,250.8
60,35.9686,183.5,86.5,4,2,8,172.0,115.5,246.0
60,35.9686,210.5,86.5,38,2,76,172.1,115.2,249.3
60,35.9686,272.5,86.5,6,2,12,171.3,114.0,250.7
60,35.9686,280.5,86.5,6,2,12,164.0,116.3,252.0
60,35.9686,288.5,86.5,6,2,12,171.8,114.1,250.8
60,35.9686,262.13,146.93,6,4,15,173.1,116.6,248.6
60,35.9686,244.5,162.81,10,6,52,170.1,115.8,248.7
60,35.9686,173.5,188.5,4,2,8,175.5,115.0,246.5
60,35.9686,219.1,200.6,24,2,40,153.0,146.0,210.3
60,35.9686,310.11,217.93,22,18,178,115.5,152.7,162.2
60,35.9686,108.69,222.17,15,9,58,58.2,134.3,85.9
60,35.9686,12.29,221.9,13,6,48,76.3,135.1,133.0
60,35.9686,94.35,221.59,4,6,17,42.9,126.2,89.9
60,35.9686,288.04,222.06,13,7,49,40.4,133.4,72.6
60,35.9686,247.06,224.11,12,10,64,44.4,128.3,60.3
60,35.9686,267.17,222.16,28,6,122,51.1,129.8,106.1
60,35.9686,168.5,222.83,6,4,12,59.4,138.1,89.4
60,35.9686,166.68,228.36,10,3,22,156.9,140.4,89.0
61,36.002,87.5,86.5,4,2,8,173.0,116.0,250.0
61,36.002,103.5,86.5,4,2,8,173.8,116.8,250.8
61,36.002,183.5,86.5,4,2,8,172.0,115.5,246.0
61,36.002,210.5,86.5,38,2,76,172.1,115.2,249.3
61,36.002,272.5,86.5,6,2,12,171.3,114.0,250.7
61,36.002,280.5,86.5,6,2,12,164.0,116.3,252.0
61,36.002,288.5,86.5,6,2,12,171.8,114.1,250.8
61,36.002,262.13,146.93,6,4,15,173.1,116.6,248.6
61,36.002,244.5,162.81,10,6,52,170.1,115.8,248.7
61,36.002,173.5,188.5,4,2,8,175.5,115.0,246.5
61,36.002,301.66,203.04,38,4,90,151.3,147.4,210.0
61,36.002,307.19,219.92,29,18,248,120.8,155.1,161.9
61,36.002,1.29,223.65,4,6,17,81.1,131.9,135.9
61,36.002,78.18,223.47,5,5,17,59.2,142.3,98.8
61,36.002,87.04,224.41,9,7,27,53.5,134.1,82.3
61,36.002,96.35,224.62,10,7,34,55.1,133.1,89.6
61,36.002,104.85,224.22,7,7,27,63.6,137.0,102.3
61,36.002,164.62,226.76,12,8,37,112.6,131.8,93.2
61,36.002,317.83,226.67,4,2,6,158.5,221.2,128.5
61,36.002,231.67,228.78,7,2,9,49.1,132.8,44.9
62,36.0354,87.5,86.5,4,2,8,173.0,116.0,250.0
62,36.0354,103.5,86.5,4,2,8,173.8,116.8,250.8
62,36.0354,183.5,86.5,4,2,8,172.0,115.5,246.0
62,36.0354,210.5,86.5,38,2,76,172.1,115.2,249.3
62,36.0354,272.5,86.5,6,2,12,171.3,114.0,250.7
62,36.0354,280.5,86.5,6,2,12,164.0,116.3,252.0
62,36.0354,288.5,86.5,6,2,12,171.8,114.1,250.8
62,36.0354,262.13,146.93,6,4,15,173.1,116.6,248.6
62,36.0354,244.5,162.81,10,6,52,170.1,115.8,248.7
62,36.0354,173.5,188.5,4,2,8,175.5,115.0,246.5
62,36.0354,278.5,193.5,2,4,8,175.5,114.5,246.0
62,36.0354,303.5,206.5,32,2,64,150.2,147.8,209.1
62,36.0354,278.0,208.5,3,2,6,164.7,147.0,199.3
62,36.0354,301.33,222.25,41,15,296,128.3,161.2,173.7
62,36.0354,25.11,222.93,22,12,118,110.8,155.5,165.1
62,36.0354,30.62,223.25,3,4,8,110.8,147.0,169.4
62,36.0354,6.28,227.05,13,6,57,63.9,132.6,138.8
62,36.0354,95.0,227.1,6,6,21,71.9,138.7,110.0
62,36.0354,270.6,227.19,11,6,43,41.8,130.7,70.1
62,36.0354,275.83,224.83,3,3,6,87.2,136.5,134.0
62,36.0354,202.71,227.43,2,5,7,54.7,131.4,95.0
62,36.0354,222.05,227.37,6,5,19,57.4,132.8,97.3
62,36.0354,228.93,227.07,5,5,15,55.1,133.1,96.6
62,36.0354,233.0,225.83,3,3,6,65.7,137.7,112.0
62,36.0354,237.44,225.67,4,3,9,61.1,130.1,96.9
62,36.0354,245.8,225.6,6,3,10,43.7,133.1,75.7
62,36.0354,254.26,227.52,15,5,42,18.7,119.5,59.9
62,36.0354,262.0,226.25,4,3,8,53.6,143.9,107.1
62,36.0354,318.57,226.29,2,4,7,109.4,175.7,89.3
62,36.0354,85.14,228.07,6,4,14,44.6,131.6,71.7
63,36.0687,87.5,86.5,4,2,8,173.0,116.0,250.0
63,36.0687,103.5,86.5,4,2,8,173.8,116.8,250.8
63,36.0687,183.5,86.5,4,2,8,172.0,115.5,246.0
63,36.0687,210.5,86.5,38,2,76,172.1,115.2,249.3
63,36.0687,273.5,86.5,4,2,8,171.1,114.1,254.1
63,36.0687,280.5,86.5,6,2,12,164.0,116.3,252.0
63,36.0687,288.5,86.5,6,2,12,171.8,114.1,250.8
63,36.0687,262.13,146.93,6,4,15,173.1,116.6,248.6
63,36.0687,244.5,162.81,10,6,52,170.1,115.8,248.7
63,36.0687,173.5,188.5,4,2,8,175.5,115.0,246.5
63,36.0687,277.5,192.5,4,2,8,174.2,113.8,251.8
63,36.0687,303.48,206.77,32,4,73,151.8,147.3,210.6
63,36.0687,5.17,207.08,11,2,12,154.0,145.6,210.8
63,36.0687,106.0,207.0,11,1,11,155.3,145.2,213.8
63,36.0687,278.0,208.5,3,2,6,164.7,146.3,207.3
63,36.0687,3.62,227.25,9,6,32,81.2,136.4,150.6
63,36.0687,90.08,226.25,10,6,24,97.5,140.2,135.5
63,36.0687,243.5,227.47,41,5,115,53.6,132.2,110.1
63,36.0687,217.57,228.0,3,4,7,79.7,135.1,130.4
63,36.0687,220.78,226.89,4,3,9,75.0,135.7,140.3
63,36.0687,286.79,227.57,5,4,14,49.7,122.4,88.1
63,36.0687,77.55,228.18,5,3,11,53.7,135.8,83.7
63,36.0687,268.0,228.25,4,3,8,48.5,136.8,68.2
63,36.0687,121.17,228.83,5,2,6,51.0,145.2,93.3
64,36.1021,87.5,86.5,4,2,8,173.0,116.0,250.0
64,36.1021,103.5,86.5,4,2,8,173.8,116.8,250.8
64,36.1021,183.5,86.5,4,2,8,172.0,115.5,246.0
64,36.1021,210.5,86.5,38,2,76,172.1,115.2,249.3
64,36.1021,273.5,86.5,4,2,8,171.1,114.1,254.1
64,36.1021,280.5,86.5,6,2,12,164.0,116.3,252.0
64,36.1021,288.5,86.5,6,2,12,171.8,114.1,250.8
64,36.1021,262.13,146.93,6,4,15,173.1,116.6,248.6
64,36.1021,244.5,162.81,10,6,52,170.1,115.8,248.7
64,36.1021,173.5,188.5,4,2,8,175.6,115.1,246.6
64,36.1021,303.08,206.76,32,4,71,152.1,147.2,211.4
64,36.1021,278.0,208.5,3,2,6,164.7,146.3,207.3
64,36.1021,269.05,226.65,7,6,20,59.2,139.9,113.1
64,36.1021,52.12,226.75,3,4,8,81.4,141.5,120.5
64,36.1021,78.0,227.53,6,5,17,80.7,141.8,111.9
64,36.1021,241.84,227.32,34,5,92,57.8,130.7,104.6
64,36.1021,48.64,227.64,4,4,11,76.5,139.6,108.6
64,36.1021,215.85,227.54,18,4,52,76.3,135.1,147.3
64,36.1021,276.35,227.41,6,4,17,53.9,122.1,95.6
65,36.1355,87.5,86.5,4,2,8,173.0,116.0,250.0
65,36.1355,103.5,86.5,4,2,8,173.8,116.8,250.8
65,36.1355,183.5,86.5,4,2,8,172.0,115.5,246.0
65,36.1355,210.5,86.5,38,2,76,172.1,115.2,249.3
65,36.1355,273.5,86.5,4,2,8,171.1,114.1,254.1
65,36.1355,280.5,86.5,6,2,12,164.0,116.3,252.0
65,36.1355,289.07,86.43,8,2,14,171.8,114.4,249.9
65,36.1355,262.13,146.93,6,4,15,173.1,116.6,248.6
65,36.1355,244.5,162.81,10,6,52,170.1,115.8,248.7
65,36.1355,173.5,188.5,4,2,8,175.6,115.1,246.6
65,36.1355,302.19,206.8,32,4,70,151.5,147.2,211.0
65,36.1355,278.0,208.5,3,2,6,164.7,146.3,207.3
65,36.1355,58.83,224.33,8,2,12,160.5,189.7,180.7
65,36.1355,77.69,226.54,6,6,26,89.7,133.1,146.9
65,36.1355,242.31,225.56,6,4,16,72.6,136.4,108.9
65,36.1355,194.53,226.8,4,5,15,78.6,133.1,154.9
65,36.1355,201.55,227.64,4,4,11,76.4,138.5,125.7
65,36.1355,211.98,227.46,15,4,50,75.3,127.1,149.5
65,36.1355,225.07,228.04,11,4,27,41.3,127.9,97.3
65,36.1355,232.9,227.5,4,4,10,54.2,133.4,78.0
65,36.1355,237.2,226.9,4,3,10,56.3,133.1,72.6
65,36.1355,274.09,227.73,6,4,11,67.0,137.3,91.4
65,36.1355,301.17,226.33,5,2,6,83.7,145.7,123.5
65,36.1355,318.1,227.8,4,4,10,79.7,142.1,121.1
65,36.1355,66.6,228.3,5,3,10,70.4,138.6,103.2
65,36.1355,308.5,228.0,2,3,6,40.8,122.5,94.2
65,36.1355,312.67,227.17,5,2,6,69.2,143.0,122.0
66,36.1688,87.5,86.5,4,2,8,173.0,116.0,250.0
66,36.1688,103.5,86.5,4,2,8,173.8,116.8,250.8
66,36.1688,183.5,86.5,4,2,8,172.0,115.5,246.0
66,36.1688,210.5,86.5,38,2,76,172.1,115.2,249.3
66,36.1688,273.5,86.5,4,2,8,171.1,114.1,254.1
66,36.1688,280.5,86.5,6,2,12,164.0,116.3,252.0
66,36.1688,288.5,86.5,6,2,12,171.8,114.1,250.8
66,36.1688,262.13,146.93,6,4,15,173.1,116.6,248.6
66,36.1688,244.5,162.81,10,6,52,170.1,115.8,248.7
66,36.1688,275.75,182.25,4,3,8,178.8,121.9,253.8
66,36.1688,277.0,187.71,3,4,7,209.4,154.9,248.9
66,36.1688,173.5,188.5,4,2,8,175.6,115.1,246.6
66,36.1688,302.82,207.38,32,4,74,150.0,147.5,208.7
66,36.1688,5.0,207.25,12,2,16,151.8,146.7,210.4
66,36.1688,278.0,208.5,3,2,6,164.7,146.3,207.3
66,36.1688,79.62,225.42,10,8,52,96.7,134.7,160.4
66,36.1688,70.19,226.5,5,6,16,71.4,133.0,150.0
66,36.1688,250.67,227.0,6,6,18,70.4,139.4,106.2
66,36.1688,34.25,226.42,7,3,12,80.2,140.4,141.2
66,36.1688,42.35,227.0,8,5,20,58.5,134.4,102.2
66,36.1688,189.47,227.32,9,5,19,78.3,139.2,146.3
66,36.1688,236.39,227.21,13,5,38,45.3,135.8,100.5
66,36.1688,312.19,226.9,9,5,21,77.7,140.9,123.1
66,36.1688,59.82,228.0,4,4,11,67.7,143.7,92.1
66,36.1688,198.43,227.71,2,4,7,72.3,121.9,126.9
66,36.1688,203.38,227.42,7,4,24,68.1,125.2,160.1
66,36.1688,217.37,227.57,21,4,67,56.2,130.4,108.0
66,36.1688,50.12,228.12,3,3,8,49.8,139.0,89.5
67,36.2022,87.5,86.5,4,2,8,173.0,116.0,250.0
67,36.2022,103.5,86.5,4,2,8,173.8,116.8,250.8
67,36.2022,183.5,86.5,4,2,8,172.0,115.5,246.0
67,36.2022,210.5,86.5,38,2,76,172.1,115.2,249.3
67,36.2022,273.5,86.5,4,2,8,171.1,114.1,254.1
67,36.2022,280.5,86.5,6,2,12,164.0,116.3,252.0
67,36.2022,288.5,86.5,6,2,12,171.8,114.1,250.8
67,36.2022,261.73,137.73,4,4,11,173.5,117.2,246.2
67,36.2022,173.5,188.5,4,2,8,175.6,115.1,246.6
67,36.2022,278.5,197.5,2,4,8,187.5,112.5,247.0
67,36.2022,25.3,204.78,21,2,27,153.3,145.8,212.5
67,36.2022,143.98,204.7,36,4,66,152.9,146.7,210.4
67,36.2022,311.41,204.59,13,2,22,154.1,145.8,214.4
67,36.2022,244.5,223.6,4,4,10,81.3,139.6,151.2
67,36.2022,302.0,222.0,9,1,9,167.3,207.2,233.6
67,36.2022,307.0,225.46,14,8,65,76.3,141.9,130.7
67,36.2022,229.12,226.28,12,7,57,42.6,134.2,70.2
67,36.2022,28.43,226.8,17,6,56,50.4,137.2,76.1
67,36.2022,181.18,226.29,6,6,17,62.7,132.9,121.9
67,36.2022,204.45,226.42,34,6,155,59.7,130.1,107.3
67,36.2022,41.9,226.65,6,5,20,54.0,132.8,84.9
67,36.2022,50.94,226.82,5,5,17,45.9,129.6,88.6
67,36.2022,284.86,227.21,4,5,14,18.6,134.7,14.3
67,36.2022,86.42,227.92,4,4,12,42.6,139.2,68.4
68,36.2356,87.5,86.5,4,2,8,173.0,116.0,250.0
68,36.2356,103.5,86.5,4,2,8,173.8,116.8,250.8
68,36.2356,183.5,86.5,4,2,8,172.0,115.5,246.0
68,36.2356,210.5,86.5,38,2,76,172.1,115.2,249.3
68,36.2356,273.5,86.5,4,2,8,171.1,114.1,254.1
68,36.2356,280.5,86.5,6,2,12,164.0,116.3,252.0
68,36.2356,288.5,86.5,6,2,12,171.8,114.1,250.8
68,36.2356,258.5,132.5,2,10,20,175.2,114.8,251.7
68,36.2356,278.5,137.5,2,8,16,164.0,118.2,247.2
68,36.2356,276.5,143.5,2,4,8,165.0,118.0,247.5
68,36.2356,278.83,151.17,4,10,24,169.3,116.7,246.7
68,36.2356,173.5,188.5,4,2,8,175.6,115.1,246.6
68,36.2356,10.7,217.47,35,15,178,141.7,175.3,187.4
68,36.2356,60.42,221.03,23,11,109,87.0,134.6,146.4
68,36.2356,315.07,217.86,7,3,14,162.3,221.1,203.0
68,36.2356,37.14,218.71,4,3,7,158.0,211.9,224.4
68,36.2356,180.57,218.29,5,2,7,165.7,221.0,222.0
68,36.2356,294.69,220.81,7,8,26,105.2,165.1,157.0
68,36.2356,224.12,223.9,26,10,115,57.3,135.6,76.0
68,36.2356,280.33,219.67,6,3,12,100.1,145.1,157.6
68,36.2356,14.71,220.86,4,3,7,66.9,137.0,129.6
68,36.2356,23.57,222.95,9,7,21,48.9,133.3,84.9
68,36.2356,173.52,222.96,8,7,27,83.1,140.1,123.4
68,36.2356,195.14,223.33,33,8,154,52.3,128.8,96.4
68,36.2356,301.65,222.4,5,6,20,53.2,131.6,95.4
68,36.2356,315.4,222.96,7,7,25,69.8,138.6,107.1
68,36.2356,32.46,223.62,7,6,24,53.2,134.7,79.0
68,36.2356,97.59,223.91,7,6,22,71.6,141.8,95.5
68,36.2356,40.88,223.88,4,5,16,50.0,133.6,75.6
68,36.2356,13.2,224.5,6,3,10,44.8,135.7,73.3
68,36.2356,88.54,224.54,6,4,13,50.1,140.0,74.4
68,36.2356,294.21,228.21,7,4,14,8.0,97.7,1.0
69,36.2689,87.5,86.5,4,2,8,173.0,116.0,250.0
69,36.2689,103.5,86.5,4,2,8,173.8,116.8,250.8
69,36.2689,183.5,86.5,4,2,8,172.0,115.5,246.0
69,36.2689,210.5,86.5,38,2,76,172.1,115.2,249.3
69,36.2689,273.5,86.5,4,2,8,171.1,114.1,254.1
69,36.2689,280.5,86.5,6,2,12,164.0,116.3,252.0
69,36.2689,288.5,86.5,6,2,12,171.8,114.1,250.8
69,36.2689,258.47,124.26,2,10,19,175.4,114.6,253.3
69,36.2689,278.5,131.5,2,4,8,163.5,118.0,248.0
69,36.2689,278.87,143.0,4,10,23,169.5,116.5,247.3
69,36.2689,277.0,173.71,3,4,7,209.4,154.9,248.9
69,36.2689,173.5,188.5,4,2,8,175.6,115.1,246.6
69,36.2689,16.5,200.29,36,3,68,148.0,149.1,205.7
69,36.2689,52.14,199.94,31,3,35,147.0,149.5,205.6
69,36.2689,74.5,200.29,10,2,14,146.9,150.0,206.3
69,36.2689,9.97,214.91,30,14,148,148.2,178.0,196.3
69,36.2689,308.87,215.73,9,3,15,163.8,217.3,209.1
69,36.2689,174.29,216.14,6,2,7,170.4,226.7,233.3
69,36.2689,287.32,219.78,9,8,37,92.7,156.1,134.3
69,36.2689,19.9,218.1,5,3,10,78.9,136.8,128.0
69,36.2689,163.13,219.26,8,7,23,72.8,128.0,139.3
69,36.2689,227.27,219.55,3,6,11,64.5,142.2,106.8
69,36.2689,277.41,220.06,5,7,17,58.4,125.9,101.1
69,36.2689,316.67,217.17,5,2,6,155.2,184.0,232.3
69,36.2689,174.45,220.73,2,6,11,74.1,128.5,125.8
69,36.2689,190.17,221.34,28,9,134,50.5,127.2,94.8
69,36.2689,211.59,220.85,12,6,54,37.7,133.9,61.6
69,36.2689,243.86,220.64,3,6,14,53.1,130.4,84.1
69,36.2689,291.25,221.0,2,6,8,45.8,131.5,86.0
69,36.2689,297.11,225.37,17,12,93,15.2,108.6,22.0
69,36.2689,308.12,220.33,6,6,24,67.8,135.2,113.0
69,36.2689,16.06,221.56,7,5,18,38.6,131.3,71.8
69,36.2689,25.85,221.7,7,6,20,47.1,132.9,67.0
69,36.2689,34.47,221.47,5,6,19,49.1,132.5,78.9
69,36.2689,171.71,221.43,2,5,7,76.4,138.6,111.0
69,36.2689,224.0,221.85,4,6,13,53.7,137.1,80.5
69,36.2689,315.24,220.43,7,5,21,68.4,128.9,133.2
69,36.2689,64.29,227.54,9,4,24,159.4,131.3,85.4
69,36.2689,287.71,228.14,3,3,7,10.9,110.0,7.4
70,36.3023,87.5,86.5,4,2,8,173.0,116.0,250.0
70,36.3023,103.5,86.5,4,2,8,173.8,116.8,250.8
70,36.3023,183.5,86.5,4,2,8,172.0,115.5,246.0
70,36.3023,210.5,86.5,38,2,76,172.1,115.2,249.3
70,36.3023,272.5,86.5,6,2,12,171.3,114.0,250.7
70,36.3023,280.5,86.5,6,2,12,164.0,116.3,252.0
70,36.3023,288.5,86.5,6,2,12,171.8,114.1,250.8
70,36.3023,258.5,117.5,2,8,16,175.1,114.3,254.2
70,36.3023,278.5,119.5,2,4,8,170.5,116.0,249.5
70,36.3023,278.87,137.0,4,10,23,170.2,116.0,247.6
70,36.3023,248.5,137.5,2,4,8,154.5,120.5,249.5
70,36.3023,173.5,188.5,4,2,8,175.6,115.1,246.6
70,36.3023,102.93,198.2,34,3,60,147.4,148.7,205.7
70,36.3023,4.94,198.56,10,2,18,150.7,152.5,206.3
70,36.3023,81.0,198.25,6,2,8,148.0,150.5,206.5
70,36.3023,156.5,205.0,2,3,6,43.3,101.7,101.7
70,36.3023,8.29,214.06,26,14,162,128.5,175.3,173.9
70,36.3023,301.38,213.54,7,4,13,163.2,221.2,203.6
70,36.3023,316.78,214.28,6,5,18,162.4,194.8,203.9
70,36.3023,283.5,214.0,6,1,6,173.3,217.7,236.7
70,36.3023,111.5,218.09,7,7,22,80.6,140.0,114.6
70,36.3023,218.43,218.65,6,7,23,58.2,139.7,91.6
70,36.3023,308.11,217.96,7,7,27,83.6,139.2,148.4
70,36.3023,18.27,219.27,5,6,15,39.6,129.7,70.3
70,36.3023,204.57,218.85,12,6,54,39.5,134.2,62.9
70,36.3023,236.87,218.67,5,6,15,54.7,133.9,81.3
70,36.3023,281.06,218.94,9,6,33,65.2,132.8,91.7
70,36.3023,287.89,217.84,5,6,19,58.1,131.1,101.2
70,36.3023,299.21,224.79,21,14,141,23.6,112.7,24.3
70,36.3023,28.48,219.48,7,5,21,47.9,133.8,69.8
70,36.3023,245.67,218.87,5,5,15,53.3,130.4,87.1
70,36.3023,164.5,220.0,2,3,6,78.0,144.3,108.7
70,36.3023,232.44,223.78,4,4,9,50.4,129.1,51.7
70,36.3023,64.02,226.92,16,6,64,136.9,127.0,108.9
71,36.3357,87.5,86.5,4,2,8,173.0,116.0,250.0
71,36.3357,103.5,86.5,4,2,8,173.8,116.8,250.8
71,36.3357,183.5,86.5,4,2,8,172.0,115.5,246.0
71,36.3357,210.5,86.5,38,2,76,172.1,115.2,249.3
71,36.3357,272.5,86.5,6,2,12,171.3,114.0,250.7
71,36.3357,280.5,86.5,6,2,12,164.0,116.3,252.0
71,36.3357,288.5,86.5,6,2,12,171.8,114.1,250.8
71,36.3357,258.5,117.5,2,8,16,175.1,114.3,254.2
71,36.3357,278.5,119.5,2,4,8,170.5,116.0,249.5
71,36.3357,278.87,137.0,4,10,23,170.2,116.0,247.6
71,36.3357,248.5,137.5,2,4,8,154.5,120.5,249.5
71,36.3357,273.67,164.0,4,3,6,130.2,82.0,172.7
71,36.3357,237.44,208.5,6,5,16,164.2,191.9,210.4
71,36.3357,7.1,209.03,16,3,31,168.9,208.3,210.7
71,36.3357,312.33,210.94,17,8,48,155.1,179.0,199.9
71,36.3357,41.98,213.75,24,10,128,83.0,137.4,138.4
71,36.3357,297.12,209.88,5,3,8,160.5,209.1,200.0
71,36.3357,7.7,213.1,5,3,10,71.7,138.8,119.0
71,36.3357,27.52,215.14,5,7,21,80.2,135.5,119.4
71,36.3357,112.57,213.71,2,4,7,91.9,139.0,143.6
71,36.3357,206.91,215.06,9,7,34,53.7,139.1,87.9
71,36.3357,290.05,214.86,5,7,22,73.4,132.5,116.4
71,36.3357,311.83,213.5,3,4,6,104.0,138.3,152.2
71,36.3357,3.33,214.33,3,3,6,53.8,134.0,98.2
71,36.3357,78.33,213.67,3,3,6,95.7,142.3,160.0
71,36.3357,192.93,215.93,13,6,57,37.3,133.4,60.5
71,36.3357,215.73,216.23,8,6,22,50.4,128.5,70.4
71,36.3357,274.17,215.69,12,6,54,59.8,142.3,89.5
71,36.3357,293.64,214.36,4,4,11,84.6,139.3,139.7
71,36.3357,16.8,216.07,5,5,15,51.1,132.3,76.9
71,36.3357,6.83,217.17,5,3,12,36.5,132.5,62.3
71,36.3357,259.8,217.1,4,3,10,48.5,133.5,55.5
71,36.3357,296.5,217.2,4,3,10,59.7,139.9,68.9
71,36.3357,312.29,217.0,3,3,7,49.0,137.9,64.3
71,36.3357,125.0,217.5,3,2,6,51.3,135.5,78.7
71,36.3357,306.21,224.82,23,13,168,9.3,106.4,6.1
71,36.3357,203.22,221.0,5,3,9,37.1,130.2,40.4
71,36.3357,232.88,222.62,3,4,8,58.5,138.9,54.0
71,36.3357,64.29,226.48,16,6,65,114.6,112.4,97.8
71,36.3357,293.5,226.0,2,3,6,20.5,134.7,15.5
71,36.3357,233.88,228.31,11,3,16,59.6,134.4,58.0
72,36.369,87.5,86.5,4,2,8,173.0,116.0,250.0
72,36.369,103.5,86.5,4,2,8,173.8,116.8,250.8
72,36.369,183.5,86.5,4,2,8,172.0,115.5,246.0
72,36.369,210.5,86.5,38,2,76,172.1,115.2,249.3
72,36.369,272.5,86.5,6,2,12,171.3,114.0,250.7
72,36.369,280.5,86.5,6,2,12,164.0,116.3,252.0
72,36.369,288.5,86.5,6,2,12,171.8,114.1,250.8
72,36.369,258.5,117.5,2,8,16,175.1,114.3,254.2
72,36.369,278.5,119.5,2,4,8,170.5,116.0,249.5
72,36.369,278.87,137.0,4,10,23,170.2,116.0,247.6
72,36.369,248.5,137.5,2,4,8,154.5,120.5,249.5
72,36.369,277.0,161.71,3,4,7,208.3,153.7,250.7
72,36.369,167.93,186.57,16,2,28,177.0,121.0,246.0
72,36.369,165.41,195.3,20,9,113,139.1,117.1,138.1
72,36.369,18.5,194.0,6,1,6,143.3,149.3,203.0
72,36.369,40.0,194.0,17,1,17,144.8,150.0,199.0
72,36.369,142.2,194.6,15,2,25,150.8,152.6,207.1
72,36.369,250.5,194.0,10,1,10,144.0,150.0,201.0
72,36.369,312.46,209.9,14,12,69,146.2,177.8,189.3
72,36.369,1.33,209.33,4,4,9,168.8,194.4,225.6
72,36.369,8.29,208.52,11,3,21,172.1,196.7,202.1
72,36.369,293.0,209.0,5,3,15,156.1,208.9,217.4
72,36.369,35.31,213.2,10,9,51,75.9,131.9,129.5
72,36.369,45.68,213.21,8,8,28,79.3,132.9,135.4
72,36.369,303.0,211.0,4,3,8,157.0,185.8,206.0
72,36.369,8.44,212.11,4,3,9,70.4,137.1,118.8
72,36.369,97.53,213.79,5,7,19,79.8,138.1,118.7
72,36.369,110.31,214.57,8,7,35,68.1,136.8,106.6
72,36.369,211.13,214.13,12,7,38,52.2,133.6,83.5
72,36.369,318.07,214.07,4,6,15,77.3,135.9,121.3
72,36.369,14.16,215.05,5,6,19,53.0,133.9,78.1
72,36.369,24.44,214.44,5,6,16,71.3,137.8,118.4
72,36.369,190.16,214.95,13,6,58,36.9,133.3,60.2
72,36.369,203.06,215.12,5,6,16,52.4,139.1,77.0
72,36.369,289.64,214.43,11,6,42,67.7,138.7,110.0
72,36.369,3.94,215.41,5,5,17,39.8,131.9,72.1
72,36.369,232.34,215.28,9,7,29,57.2,138.9,79.1
72,36.369,273.4,214.67,4,5,15,56.9,140.9,87.2
72,36.369,233.83,221.0,4,5,12,53.7,127.4,69.7
72,36.369,64.66,224.31,16,9,77,123.8,127.2,105.3
72,36.369,308.12,225.14,25,10,170,11.2,106.9,5.8
72,36.369,295.43,225.71,2,4,7,12.9,128.3,7.6
72,36.369,234.56,228.14,21,4,50,60.9,127.5,72.4
72,36.369,248.71,228.71,6,2,7,46.4,134.3,54.9
73,36.4024,87.5,86.5,4,2,8,173.0,116.0,250.0
73,36.4024,103.5,86.5,4,2,8,173.8,116.8,250.8
73,36.4024,183.5,86.5,4,2,8,172.0,115.5,246.0
73,36.4024,210.5,86.5,38,2,76,172.1,115.2,249.3
73,36.4024,272.5,86.5,6,2,12,171.3,114.0,250.7
73,36.4024,280.5,86.5,6,2,12,164.0,116.3,252.0
73,36.4024,288.5,86.5,6,2,12,171.8,114.1,250.8
73,36.4024,258.5,117.5,2,8,16,175.1,114.3,254.2
73,36.4024,278.5,119.5,2,4,8,170.5,116.0,249.5
73,36.4024,278.87,137.0,4,10,23,170.2,116.0,247.6
73,36.4024,248.5,137.5,2,4,8,154.5,120.5,249.5
73,36.4024,255.71,180.57,4,2,7,176.0,115.0,247.6
73,36.4024,310.08,217.06,25,28,347,61.8,133.5,76.8
73,36.4024,100.88,205.24,9,6,25,137.8,158.1,192.6
73,36.4024,2.2,205.6,5,3,10,159.0,219.0,208.6
73,36.4024,282.84,208.53,12,10,45,117.5,175.2,159.8
73,36.4024,100.88,211.75,5,7,16,66.2,138.1,96.2
73,36.4024,178.9,211.76,16,7,68,37.0,134.9,59.3
73,36.4024,275.33,211.67,6,7,21,56.7,133.1,95.0
73,36.4024,13.61,211.22,4,5,18,71.9,139.7,108.4
73,36.4024,22.56,211.76,8,6,25,63.6,134.8,112.2
73,36.4024,191.69,211.85,4,6,13,51.8,139.4,76.3
73,36.4024,207.07,212.11,14,9,57,43.0,126.0,67.6
73,36.4024,297.14,212.14,5,6,14,63.2,136.8,94.9
73,36.4024,3.25,212.5,6,5,16,47.6,133.7,85.9
73,36.4024,138.3,211.3,5,4,10,81.3,142.8,118.0
73,36.4024,257.83,216.33,4,2,6,45.0,131.7,29.0
73,36.4024,266.1,216.9,5,3,10,36.8,132.5,44.3
73,36.4024,250.5,218.5,2,4,6,157.2,243.2,146.8
73,36.4024,231.8,220.07,7,5,15,70.9,133.3,59.1
73,36.4024,64.21,222.9,16,8,71,115.7,124.6,104.0
73,36.4024,270.25,220.75,3,5,12,15.9,108.0,11.6
73,36.4024,234.64,227.54,10,5,28,58.2,122.4,74.1
73,36.4024,217.33,227.83,2,4,6,162.3,232.0,124.7
73,36.4024,220.8,227.9,5,4,10,90.3,163.2,96.7
73,36.4024,227.27,227.64,5,4,11,47.4,128.7,49.2
73,36.4024,259.2,228.27,8,3,15,54.3,135.4,55.3
73,36.4024,241.78,228.44,5,2,9,52.6,137.0,69.0
73,36.4024,247.71,228.71,6,2,7,47.0,134.0,55.3
74,36.4358,87.5,86.5,4,2,8,173.0,116.0,250.0
74,36.4358,103.5,86.5,4,2,8,173.8,116.8,250.8
74,36.4358,183.5,86.5,4,2,8,172.0,115.5,246.0
74,36.4358,210.5,86.5,38,2,76,172.1,115.2,249.3
74,36.4358,272.5,86.5,6,2,12,171.3,114.0,250.7
74,36.4358,280.5,86.5,6,2,12,164.0,116.3,252.0
74,36.4358,288.5,86.5,6,2,12,171.8,114.1,250.8
74,36.4358,258.5,121.5,2,8,16,174.6,114.6,254.8
74,36.4358,278.5,129.5,2,4,8,163.5,118.0,248.0
74,36.4358,278.5,139.5,2,8,16,168.0,117.0,247.8
74,36.4358,309.99,207.93,22,16,188,122.8,155.6,177.4
74,36.4358,34.0,205.27,5,4,11,108.5,139.4,173.9
74,36.4358,101.62,204.75,4,3,8,135.2,146.5,199.6
74,36.4358,27.75,209.16,9,10,55,84.1,131.9,136.5
74,36.4358,276.57,208.66,12,10,44,118.0,172.3,158.3
74,36.4358,293.94,206.44,9,4,16,164.8,198.9,207.1
74,36.4358,2.14,206.71,3,3,7,156.3,212.6,221.0
74,36.4358,260.0,206.5,3,2,6,166.7,216.7,223.7
74,36.4358,103.18,210.12,3,8,17,82.1,138.9,130.2
74,36.4358,247.67,210.67,7,8,30,71.1,137.8,105.7
74,36.4358,15.1,210.3,6,7,20,79.0,141.1,128.2
74,36.4358,49.14,208.71,3,3,7,84.4,130.6,143.6
74,36.4358,80.13,210.0,4,6,15,82.7,140.9,119.5
74,36.4358,171.98,211.63,12,7,60,38.0,135.0,60.7
74,36.4358,256.44,211.2,11,7,25,61.4,134.2,88.8
74,36.4358,270.56,214.95,10,15,55,39.3,116.9,46.9
74,36.4358,184.81,211.88,5,6,16,52.6,140.2,77.7
74,36.4358,198.39,210.79,16,5,38,56.9,140.6,94.1
74,36.4358,92.76,212.12,7,5,17,55.2,134.2,84.1
74,36.4358,51.38,212.88,4,4,8,49.5,137.9,80.2
74,36.4358,256.57,216.29,4,3,7,162.3,245.0,141.3
74,36.4358,231.42,218.33,8,6,24,64.5,130.2,50.1
74,36.4358,312.63,224.56,17,13,129,8.8,111.3,5.9
74,36.4358,63.63,222.94,16,8,81,123.6,128.9,109.0
74,36.4358,232.06,227.47,41,6,124,70.2,138.1,71.5
74,36.4358,212.38,227.38,3,5,8,57.1,127.6,50.5
74,36.4358,163.29,226.86,6,2,7,46.9,143.9,46.9
74,36.4358,259.71,228.05,8,4,21,59.4,127.0,62.0
74,36.4358,267.89,227.67,5,4,9,40.2,136.3,46.0
75,36.4691,87.5,86.5,4,2,8,173.0,116.0,250.0
75,36.4691,103.5,86.5,4,2,8,173.8,116.8,250.8
75,36.4691,183.5,86.5,4,2,8,172.0,115.5,246.0
75,36.4691,210.5,86.5,38,2,76,172.1,115.2,249.3
75,36.4691,273.5,86.5,4,2,8,171.2,114.2,254.1
75,36.4691,280.5,86.5,6,2,12,164.0,116.3,252.0
75,36.4691,288.5,86.5,6,2,12,171.8,114.1,250.8
75,36.4691,258.5,134.5,2,10,20,175.1,114.5,251.2
75,36.4691,277.3,135.3,4,8,20,173.2,115.2,250.4
75,36.4691,278.5,141.5,2,4,8,173.0,115.0,247.0
75,36.4691,250.5,155.5,2,4,8,162.5,118.0,255.0
75,36.4691,274.5,156.0,2,3,6,178.8,120.2,255.0
75,36.4691,278.67,157.83,2,4,6,173.8,116.2,252.2
75,36.4691,155.5,184.5,4,2,8,171.4,114.4,253.4
75,36.4691,166.49,188.64,24,11,141,145.6,122.5,152.9
75,36.4691,155.92,189.25,5,4,12,144.0,118.2,166.1
75,36.4691,52.26,192.53,10,2,19,152.7,145.4,213.6
75,36.4691,125.09,193.59,26,4,54,153.6,148.5,209.3
75,36.4691,147.76,192.53,9,2,17,153.4,145.4,209.4
75,36.4691,193.6,192.6,9,2,15,154.0,145.4,211.2
75,36.4691,203.27,192.87,8,4,15,151.6,146.0,209.5
75,36.4691,276.5,193.0,6,1,6,153.0,145.0,211.0
75,36.4691,230.5,194.0,14,1,14,144.0,150.0,201.0
75,36.4691,265.71,194.86,6,2,7,142.0,151.0,199.3
75,36.4691,311.5,194.5,16,2,32,145.0,149.2,199.4
75,36.4691,227.75,210.93,43,22,378,113.7,159.1,156.6
75,36.4691,303.1,211.17,38,14,299,126.8,155.3,184.1
75,36.4691,93.76,210.12,5,8,17,115.5,144.6,174.4
75,36.4691,203.07,212.15,11,11,61,88.2,137.7,123.5
75,36.4691,18.54,212.58,10,10,57,78.9,132.0,133.7
75,36.4691,195.07,208.43,8,2,14,155.2,174.6,187.5
75,36.4691,267.27,211.81,26,10,97,113.6,163.3,156.1
75,36.4691,69.33,214.29,6,7,24,70.7,136.1,104.3
75,36.4691,161.77,214.69,12,7,65,38.6,134.5,62.0
75,36.4691,194.04,214.96,8,7,23,48.9,128.3,70.1
75,36.4691,6.38,215.08,6,6,24,58.1,130.9,105.4
75,36.4691,185.43,214.29,7,6,21,42.7,130.7,71.9
75,36.4691,83.69,215.44,5,5,16,55.1,133.1,83.8
75,36.4691,174.71,215.64,4,4,14,49.7,138.0,64.1
75,36.4691,41.0,216.29,3,3,7,39.4,131.7,66.3
75,36.4691,235.0,216.14,3,3,7,46.4,136.1,52.6
75,36.4691,280.5,216.0,2,3,6,60.0,142.7,90.3
75,36.4691,275.22,222.1,13,12,58,18.9,104.4,16.0
75,36.4691,64.11,223.54,16,8,79,120.3,119.1,98.4
75,36.4691,317.19,225.72,6,8,32,10.7,109.6,12.0
75,36.4691,271.29,226.14,3,3,7,77.1,150.7,73.7
75,36.4691,312.33,227.78,4,4,9,13.4,133.4,8.6
75,36.4691,235.25,227.88,5,3,8,40.2,131.6,73.8
75,36.4691,224.5,228.67,4,2,6,54.3,124.3,43.3
76,36.5025,87.5,86.5,4,2,8,173.0,116.0,250.0
76,36.5025,103.5,86.5,4,2,8,173.8,116.8,250.8
76,36.5025,183.5,86.5,4,2,8,172.0,115.5,246.0
76,36.5025,210.5,86.5,38,2,76,172.1,115.2,249.3
76,36.5025,273.5,86.5,4,2,8,171.2,114.2,254.1
76,36.5025,280.5,86.5,6,2,12,164.0,116.3,252.0
76,36.5025,288.5,86.5,6,2,12,171.8,114.1,250.8
76,36.5025,256.0,139.73,4,4,11,179.5,119.5,252.6
76,36.5025,166.77,187.73,18,8,111,143.5,115.5,138.9
76,36.5025,176.0,184.83,3,3,6,181.8,136.3,248.7
76,36.5025,155.62,189.25,4,4,8,146.6,104.5,183.0
76,36.5025,164.12,196.29,15,3,24,144.8,149.4,204.8
76,36.5025,179.0,195.0,11,1,11,156.0,145.0,212.0
76,36.5025,262.71,196.86,6,2,7,146.7,149.6,206.1
76,36.5025,312.5,196.5,14,2,28,145.9,149.7,203.4
76,36.5025,221.52,212.79,38,21,378,117.8,156.3,157.9
76,36.5025,21.21,213.77,27,12,150,88.1,134.9,146.5
76,36.5025,83.37,210.42,7,5,19,148.6,165.1,204.2
76,36.5025,191.0,210.0,7,1,7,150.7,177.1,188.6
76,36.5025,197.36,214.82,12,10,56,79.2,132.8,114.8
76,36.5025,75.27,217.31,7,6,26,50.8,136.8,84.5
76,36.5025,155.07,216.91,13,6,57,37.4,133.4,60.5
76,36.5025,179.43,216.22,8,6,23,48.1,132.4,77.5
76,36.5025,187.52,217.13,8,6,23,51.8,130.9,72.5
76,36.5025,251.92,215.83,5,5,12,66.9,140.5,92.2
76,36.5025,273.73,215.73,5,4,11,90.5,137.5,144.5
76,36.5025,167.81,217.56,5,5,16,53.2,140.1,75.1
76,36.5025,257.7,215.2,8,2,10,69.1,133.9,131.1
76,36.5025,108.43,217.64,5,4,14,76.8,133.6,113.6
76,36.5025,283.3,217.9,4,4,10,50.9,137.4,84.1
76,36.5025,34.25,218.38,4,3,8,47.2,137.1,77.1
76,36.5025,64.16,223.32,16,13,98,110.4,120.7,92.1
76,36.5025,276.4,224.17,17,12,103,20.7,110.0,15.3
76,36.5025,241.67,220.17,2,4,6,63.5,134.3,41.0
76,36.5025,318.2,227.1,3,5,10,8.7,132.6,11.1
76,36.5025,269.5,228.0,2,3,6,73.0,148.5,70.3
77,36.5359,87.5,86.5,4,2,8,173.0,116.0,250.0
77,36.5359,103.5,86.5,4,2,8,173.8,116.8,250.8
77,36.5359,183.5,86.5,4,2,8,172.0,115.5,246.0
77,36.5359,210.5,86.5,38,2,76,172.1,115.2,249.3
77,36.5359,273.5,86.5,4,2,8,171.2,114.2,254.1
77,36.5359,280.5,86.5,6,2,12,164.0,116.3,252.0
77,36.5359,288.5,86.5,6,2,12,171.8,114.1,250.8
77,36.5359,273.67,152.0,4,3,6,129.7,82.2,171.3
77,36.5359,244.5,162.81,10,6,52,170.1,115.8,248.7
77,36.5359,167.26,186.38,19,10,102,143.5,105.2,143.4
77,36.5359,155.88,187.75,4,4,8,145.2,90.6,193.0
77,36.5359,309.03,199.85,21,3,39,153.6,149.7,207.7
77,36.5359,292.31,200.15,11,2,13,144.7,149.7,200.2
77,36.5359,258.5,214.5,10,2,20,163.9,185.6,196.3
77,36.5359,1.11,219.68,4,7,19,62.6,129.4,111.5
77,36.5359,160.0,217.17,3,3,6,66.7,142.3,125.3
77,36.5359,246.23,217.92,6,5,13,68.8,136.7,120.4
77,36.5359,143.43,220.13,13,7,60,39.3,134.7,60.9
77,36.5359,167.14,219.21,9,7,29,51.3,132.6,86.4
77,36.5359,240.11,219.89,5,6,18,71.3,137.7,97.1
77,36.5359,75.23,220.23,6,5,13,68.5,144.3,106.2
77,36.5359,156.25,220.81,5,6,16,52.4,140.3,73.6
77,36.5359,250.83,219.67,2,5,6,56.3,138.8,79.2
77,36.5359,260.5,219.3,6,4,10,78.7,144.3,107.7
77,36.5359,64.05,222.52,16,8,73,123.6,115.3,110.9
77,36.5359,97.36,220.91,4,3,11,70.4,131.0,88.6
78,36.5692,87.5,86.5,4,2,8,173.0,116.0,250.0
78,36.5692,103.5,86.5,4,2,8,173.8,116.8,250.8
78,36.5692,183.5,86.5,4,2,8,172.0,115.5,246.0
78,36.5692,210.5,86.5,38,2,76,172.1,115.2,249.3
78,36.5692,273.5,86.5,4,2,8,171.2,114.2,254.1
78,36.5692,280.5,86.5,6,2,12,164.0,116.3,252.0
78,36.5692,288.5,86.5,6,2,12,171.8,114.1,250.8
78,36.5692,273.67,152.0,4,3,6,129.7,82.2,171.3
78,36.5692,244.5,162.81,10,6,52,170.1,115.8,248.7
78,36.5692,167.24,186.05,19,9,102,148.7,108.4,147.1
78,36.5692,155.6,188.2,4,5,10,154.0,99.1,204.2
78,36.5692,236.5,201.0,6,1,6,154.7,145.0,214.0
78,36.5692,15.51,217.66,12,12,53,87.6,130.8,147.5
78,36.5692,6.2,220.3,7,10,46,85.2,131.3,145.9
78,36.5692,0.71,218.71,3,4,7,96.1,138.9,171.6
78,36.5692,21.67,218.33,4,3,9,80.4,132.3,150.0
78,36.5692,233.84,219.95,7,6,19,90.2,149.3,139.8
78,36.5692,243.33,219.0,5,3,9,84.1,143.2,121.2
78,36.5692,159.44,221.84,8,5,25,46.9,132.3,78.0
78,36.5692,169.87,222.8,5,6,15,42.4,129.7,64.1
78,36.5692,149.9,223.2,5,3,10,46.4,137.9,62.8
78,36.5692,219.78,223.44,6,3,9,54.7,137.4,62.2
78,36.5692,240.17,224.58,5,4,12,52.2,121.7,38.8
79,36.6026,87.5,86.5,4,2,8,173.0,116.0,250.0
79,36.6026,103.5,86.5,4,2,8,173.8,116.8,250.8
79,36.6026,183.5,86.5,4,2,8,172.0,115.5,246.0
79,36.6026,210.5,86.5,38,2,76,172.1,115.2,249.3
79,36.6026,273.5,86.5,4,2,8,171.2,114.2,254.1
79,36.6026,280.5,86.5,6,2,12,164.0,116.3,252.0
79,36.6026,288.5,86.5,6,2,12,171.8,114.2,250.2
79,36.6026,244.5,162.81,10,6,52,170.1,115.8,248.7
79,36.6026,167.43,185.24,19,9,98,147.4,108.4,140.6
79,36.6026,304.44,204.42,32,4,64,150.3,147.9,208.4
79,36.6026,200.39,220.26,41,17,307,137.6,165.3,181.9
79,36.6026,283.19,222.66,43,14,348,110.5,155.4,154.7
79,36.6026,6.83,221.91,12,12,75,87.6,132.5,144.5
79,36.6026,176.5,220.69,7,5,16,88.8,130.1,138.8
79,36.6026,168.17,224.97,11,9,36,64.1,137.5,98.2
79,36.6026,314.36,224.29,10,7,45,98.4,136.3,157.6
79,36.6026,126.11,225.81,11,7,57,37.4,132.8,63.4
79,36.6026,149.61,225.22,7,7,23,49.8,135.4,78.9
79,36.6026,236.0,225.44,9,8,27,71.1,132.1,64.4
79,36.6026,139.26,225.42,6,6,19,49.1,140.5,79.6
79,36.6026,158.22,225.83,5,6,18,48.4,132.2,79.6
79,36.6026,179.65,226.19,16,6,54,42.9,135.3,67.1
79,36.6026,231.71,223.86,3,3,7,73.9,134.7,111.7
79,36.6026,48.05,226.11,5,5,19,61.2,137.6,85.9
79,36.6026,305.67,225.17,2,4,6,88.2,141.8,151.8
79,36.6026,68.75,226.5,5,3,8,72.0,139.8,89.8
80,36.636,87.5,86.5,4,2,8,173.0,116.0,250.0
80,36.636,103.5,86.5,4,2,8,173.8,116.8,250.8
80,36.636,183.5,86.5,4,2,8,172.0,115.5,246.0
80,36.636,210.5,86.5,38,2,76,172.1,115.2,249.3
80,36.636,273.5,86.5,4,2,8,171.2,114.2,254.1
80,36.636,280.5,86.5,6,2,12,164.0,116.3,252.0
80,36.636,288.5,86.5,6,2,12,171.8,114.1,250.8
80,36.636,258.58,149.75,6,4,12,153.4,116.2,187.7
80,36.636,244.5,162.81,10,6,52,170.1,115.8,248.7
80,36.636,167.43,185.24,19,9,98,147.4,108.4,140.6
80,36.636,303.5,206.53,32,3,64,150.4,147.2,208.5
80,36.636,278.0,208.5,3,2,6,164.7,147.0,199.3
80,36.636,2.83,222.2,9,11,35,99.1,132.3,162.7
80,36.636,279.0,223.8,38,12,251,122.6,157.9,177.6
80,36.636,209.33,222.67,7,3,12,87.6,135.3,103.1
80,36.636,315.42,225.56,9,8,59,90.6,135.2,153.6
80,36.636,162.15,226.54,7,7,26,61.0,137.0,96.6
80,36.636,255.43,224.71,4,4,7,133.4,201.7,95.7
80,36.636,4.86,224.71,3,3,7,69.7,125.4,126.7
80,36.636,231.69,226.5,10,6,32,79.7,135.7,78.3
80,36.636,307.5,226.0,4,6,14,106.1,141.6,176.2
80,36.636,119.34,227.3,12,5,47,37.0,137.0,64.6
80,36.636,142.52,226.74,9,5,27,48.5,132.7,85.2
80,36.636,152.27,227.67,7,5,15,42.9,132.2,69.5
80,36.636,40.6,228.27,7,3,15,57.1,134.9,93.4
80,36.636,132.5,228.25,4,3,8,45.8,139.5,67.9
80,36.636,252.5,228.67,4,2,6,94.8,160.5,75.2
81,36.6693,87.5,86.5,4,2,8,173.0,116.0,250.0
81,36.6693,103.5,86.5,4,2,8,173.8,116.8,250.8
81,36.6693,183.5,86.5,4,2,8,172.0,115.5,246.0
81,36.6693,210.5,86.5,38,2,76,172.1,115.2,249.3
81,36.6693,273.5,86.5,4,2,8,171.2,114.2,254.1
81,36.6693,280.5,86.5,6,2,12,164.0,116.3,252.0
81,36.6693,288.5,86.5,6,2,12,171.8,114.1,250.8
81,36.6693,257.5,144.5,4,2,8,159.0,118.0,254.5
81,36.6693,277.0,148.71,3,4,7,209.4,154.6,250.7
81,36.6693,257.0,148.89,4,4,9,147.6,106.1,198.3
81,36.6693,244.5,162.81,10,6,52,170.1,115.8,248.7
81,36.6693,167.33,183.21,19,9,97,147.4,108.8,139.7
81,36.6693,302.14,207.06,32,4,84,150.2,147.3,208.5
81,36.6693,5.0,207.53,12,3,19,151.5,147.7,208.5
81,36.6693,108.0,207.0,7,1,7,155.7,145.4,214.9
81,36.6693,278.0,208.5,3,2,6,164.7,146.3,207.3
81,36.6693,182.08,223.26,44,13,296,127.8,159.5,171.2
81,36.6693,275.41,224.11,41,11,186,139.1,167.7,196.7
81,36.6693,49.55,221.27,5,4,11,157.4,187.5,198.1
81,36.6693,200.43,223.71,3,5,7,81.3,139.7,86.6
81,36.6693,306.17,226.3,30,8,118,92.8,130.7,135.9
81,36.6693,227.39,226.54,9,7,28,89.2,141.3,84.5
81,36.6693,151.3,227.2,7,6,20,66.5,138.8,103.0
81,36.6693,157.17,224.33,4,2,6,99.7,134.3,154.7
81,36.6693,14.39,227.33,8,5,18,78.7,136.4,130.3
81,36.6693,174.4,227.4,4,5,10,66.4,133.3,120.2
81,36.6693,221.23,226.46,4,5,13,99.4,157.3,102.3
81,36.6693,109.07,227.81,10,4,27,30.9,137.8,62.9
81,36.6693,131.3,227.6,8,4,20,48.2,129.3,91.5
81,36.6693,141.0,227.25,3,4,8,62.6,136.9,97.1
81,36.6693,250.25,227.5,3,4,8,85.9,143.1,57.5
81,36.6693,28.91,228.36,6,3,11,60.3,130.7,108.5
81,36.6693,120.67,228.33,3,3,6,53.7,145.0,87.0
82,36.7027,87.5,86.5,4,2,8,173.0,116.0,250.0
82,36.7027,103.5,86.5,4,2,8,173.8,116.8,250.8
82,36.7027,183.5,86.5,4,2,8,172.0,115.5,246.0
82,36.7027,210.5,86.5,38,2,76,172.1,115.2,249.3
82,36.7027,273.5,86.5,4,2,8,171.2,114.2,254.1
82,36.7027,280.5,86.5,6,2,12,164.0,116.3,252.0
82,36.7027,288.5,86.5,6,2,12,171.8,114.1,250.8
82,36.7027,257.5,142.5,4,2,8,161.5,117.5,254.5
82,36.7027,277.0,146.71,3,4,7,209.4,154.6,250.7
82,36.7027,244.5,162.81,10,6,52,170.1,115.8,248.7
82,36.7027,167.06,180.91,18,9,93,144.9,106.8,138.1
82,36.7027,319.0,195.5,1,8,8,175.0,120.2,245.0
82,36.7027,302.14,206.64,30,3,66,151.1,147.2,209.5
82,36.7027,4.92,207.15,11,2,13,153.0,146.5,210.8
82,36.7027,277.71,208.43,4,2,7,164.9,146.1,206.6
82,36.7027,70.82,223.06,45,16,435,121.5,141.1,165.2
82,36.7027,174.03,222.93,42,14,259,126.6,158.5,165.0
82,36.7027,277.26,225.06,33,10,160,131.8,164.2,191.5
82,36.7027,308.27,225.38,24,10,138,96.5,131.4,157.2
82,36.7027,220.24,225.0,6,5,17,85.9,144.8,74.5
82,36.7027,216.36,226.82,4,6,11,73.2,129.5,60.8
82,36.7027,144.12,227.56,6,5,16,59.8,139.8,86.6
82,36.7027,167.0,227.0,7,5,19,78.9,142.1,138.4
82,36.7027,187.5,226.5,4,4,8,64.5,130.1,43.1
82,36.7027,245.17,226.92,4,5,12,75.8,136.2,53.9
82,36.7027,101.56,227.84,12,4,32,34.3,139.8,65.9
82,36.7027,124.3,227.6,8,4,20,48.4,129.2,90.7
82,36.7027,134.5,227.5,2,4,8,59.5,136.0,90.5
82,36.7027,22.38,228.46,7,3,13,66.1,136.5,114.1
82,36.7027,114.0,228.43,4,3,7,55.4,146.0,88.9
82,36.7027,277.5,228.0,2,3,6,88.0,128.0,136.0
83,36.7361,87.5,86.5,4,2,8,173.0,116.0,250.0
83,36.7361,103.5,86.5,4,2,8,173.8,116.8,250.8
83,36.7361,183.5,86.5,4,2,8,172.0,115.5,246.0
83,36.7361,210.5,86.5,38,2,76,172.1,115.2,249.3
83,36.7361,273.5,86.5,4,2,8,171.2,114.2,254.1
83,36.7361,280.5,86.5,6,2,12,164.0,116.3,252.0
83,36.7361,288.5,86.5,6,2,12,171.8,114.1,250.8
83,36.7361,267.92,141.26,19,9,77,144.3,92.5,139.3
83,36.7361,257.5,138.5,4,2,8,164.5,117.0,252.0
83,36.7361,257.38,143.38,4,4,8,156.0,109.1,206.4
83,36.7361,244.5,162.81,10,6,52,170.1,115.8,248.7
83,36.7361,166.8,177.44,17,8,90,145.7,104.7,139.7
83,36.7361,153.58,179.83,4,5,12,184.3,127.0,250.1
83,36.7361,160.5,183.5,2,4,8,174.8,120.2,245.8
83,36.7361,310.43,195.71,2,8,14,127.6,136.9,239.0
83,36.7361,303.38,206.61,32,3,69,151.5,146.8,209.2
83,36.7361,278.0,208.5,3,2,6,164.7,146.3,207.3
83,36.7361,304.7,225.13,35,10,185,93.8,133.0,148.3
83,36.7361,273.67,225.51,14,8,67,136.2,167.5,192.3
83,36.7361,105.71,227.41,7,5,17,57.6,142.5,106.9
83,36.7361,133.81,227.56,6,5,16,58.6,139.6,98.0
83,36.7361,206.0,225.83,3,3,6,83.3,135.0,144.3
83,36.7361,114.35,227.53,8,4,17,43.6,127.1,85.4
83,36.7361,123.5,227.5,2,4,8,58.2,137.2,89.8
83,36.7361,144.45,228.3,10,4,20,46.5,140.8,75.0
83,36.7361,157.5,227.5,2,4,8,67.9,135.6,126.1
83,36.7361,209.33,227.67,3,4,9,62.3,129.9,132.1
83,36.7361,216.33,227.17,3,4,6,67.5,133.8,141.2
83,36.7361,30.23,228.15,6,3,13,69.7,140.0,107.5
84,36.7694,87.5,86.5,4,2,8,173.0,116.0,250.0
84,36.7694,103.5,86.5,4,2,8,173.8,116.8,250.8
84,36.7694,183.5,86.5,4,2,8,172.0,115.5,246.0
84,36.7694,210.5,86.5,38,2,76,172.1,115.2,249.3
84,36.7694,273.5,86.5,4,2,8,171.2,114.2,254.1
84,36.7694,280.5,86.5,6,2,12,164.0,116.3,252.0
84,36.7694,288.5,86.5,6,2,12,171.8,114.1,250.8
84,36.7694,266.78,139.48,16,8,83,136.9,91.7,127.1
84,36.7694,244.5,162.81,10,6,52,170.1,115.8,248.7
84,36.7694,166.9,175.27,19,8,93,145.1,106.6,142.4
84,36.7694,155.56,177.11,4,4,9,154.2,99.1,199.4
84,36.7694,159.5,180.5,4,2,8,175.9,118.9,250.9
84,36.7694,306.22,194.09,8,8,23,127.4,139.6,240.5
84,36.7694,317.22,193.56,5,2,9,157.4,223.8,254.9
84,36.7694,303.32,206.61,32,3,59,151.3,146.4,209.1
84,36.7694,278.0,208.5,3,2,6,164.7,146.3,207.3
84,36.7694,301.92,225.12,41,11,237,92.0,132.9,151.5
84,36.7694,196.67,224.17,5,2,6,171.5,203.5,216.2
84,36.7694,187.2,227.32,8,5,25,80.2,133.9,150.0
84,36.7694,84.68,227.77,11,4,31,34.7,139.5,66.3
84,36.7694,107.42,227.47,9,4,19,45.2,128.7,89.5
84,36.7694,116.5,227.5,2,4,8,65.0,137.5,97.5
84,36.7694,138.21,227.89,10,4,28,46.5,140.2,75.8
84,36.7694,125.9,228.3,5,3,10,55.0,139.2,87.5
84,36.7694,150.27,228.0,5,3,11,63.2,139.9,109.7
85,36.8028,87.5,86.5,4,2,8,173.0,116.0,250.0
85,36.8028,103.5,86.5,4,2,8,173.8,116.8,250.8
85,36.8028,183.5,86.5,4,2,8,172.0,115.5,246.0
85,36.8028,210.5,86.5,38,2,76,172.1,115.2,249.3
85,36.8028,273.5,86.5,4,2,8,171.2,114.2,254.1
85,36.8028,280.5,86.5,6,2,12,164.0,116.3,252.0
85,36.8028,288.5,86.5,6,2,12,171.8,114.1,250.8
85,36.8028,266.76,137.39,16,8,83,136.8,92.3,128.1
85,36.8028,261.22,142.56,5,2,9,170.8,117.4,245.6
85,36.8028,244.5,162.81,10,6,52,170.1,115.8,248.7
85,36.8028,167.35,173.25,19,9,96,147.1,107.7,139.4
85,36.8028,155.62,174.88,4,3,8,149.2,94.2,193.1
85,36.8028,159.67,178.67,4,3,9,173.8,119.4,247.4
85,36.8028,306.1,187.8,4,4,10,172.0,115.2,246.4
85,36.8028,314.67,191.88,12,7,58,161.4,202.6,244.9
85,36.8028,300.33,192.5,10,2,18,133.9,139.0,243.6
85,36.8028,296.5,197.5,2,4,8,123.9,138.4,239.4
85,36.8028,66.83,201.83,8,4,24,162.4,123.4,252.7
85,36.8028,317.5,202.5,4,2,8,133.1,132.6,217.1
85,36.8028,303.5,206.92,31,4,60,151.3,146.7,207.7
85,36.8028,278.0,208.5,3,2,6,164.7,146.3,207.3
85,36.8028,11.9,221.21,29,14,216,162.5,179.6,209.2
85,36.8028,119.83,227.39,6,6,18,61.3,140.3,98.1
85,36.8028,313.74,226.96,13,6,50,46.4,121.1,84.2
85,36.8028,130.46,227.68,10,5,28,57.5,140.3,94.0
85,36.8028,204.71,227.33,9,5,24,63.6,128.9,131.5
85,36.8028,99.89,227.44,8,4,18,45.3,128.1,91.5
85,36.8028,109.5,227.5,2,4,8,58.0,137.5,90.2
85,36.8028,196.12,227.24,6,4,17,79.2,140.2,150.2
85,36.8028,211.5,227.0,2,3,6,64.0,136.7,145.7
86,36.8362,87.5,86.5,4,2,8,173.0,116.0,250.0
86,36.8362,103.5,86.5,4,2,8,173.8,116.8,250.8
86,36.8362,183.5,86.5,4,2,8,172.0,115.5,246.0
86,36.8362,210.5,86.5,38,2,76,172.1,115.2,249.3
86,36.8362,273.5,86.5,4,2,8,171.2,114.2,254.1
86,36.8362,280.5,86.5,6,2,12,164.0,116.3,252.0
86,36.8362,288.5,86.5,6,2,12,171.8,114.1,250.8
86,36.8362,266.45,133.43,14,8,80,140.1,93.4,124.7
86,36.8362,257.12,135.38,3,4,8,135.1,88.6,174.5
86,36.8362,277.0,135.71,3,4,7,209.4,154.1,252.7
86,36.8362,260.21,139.93,6,6,28,171.8,116.8,245.3
86,36.8362,244.5,162.81,10,6,52,170.1,115.8,248.7
86,36.8362,167.39,169.63,20,8,102,147.8,107.4,146.8
86,36.8362,155.78,171.44,4,4,9,148.6,93.6,192.1
86,36.8362,310.34,191.25,23,11,146,169.5,215.7,242.3
86,36.8362,292.14,187.37,10,4,35,175.0,114.5,246.9
86,36.8362,287.4,194.43,9,8,30,128.5,138.3,241.3
86,36.8362,307.5,202.5,4,2,8,132.9,131.4,217.9
86,36.8362,316.5,202.5,6,2,12,101.6,135.6,219.2
86,36.8362,304.35,206.7,32,3,54,145.6,146.9,209.5
86,36.8362,278.0,208.5,3,2,6,164.7,146.3,207.3
86,36.8362,7.65,221.05,21,10,122,167.0,185.8,214.5
86,36.8362,300.78,224.37,44,12,328,105.0,135.5,171.2
86,36.8362,269.91,226.36,10,6,33,98.5,141.0,161.2
86,36.8362,65.69,227.66,12,5,32,38.3,137.9,68.9
86,36.8362,82.0,226.29,3,3,7,45.1,139.6,117.0
86,36.8362,108.29,227.5,5,5,14,51.4,137.4,87.6
86,36.8362,185.93,227.0,13,5,28,68.4,131.9,132.6
86,36.8362,196.18,226.73,5,4,11,59.9,137.1,116.2
86,36.8362,200.33,226.83,2,4,6,64.8,131.2,146.5
86,36.8362,89.41,227.59,8,4,17,38.2,132.8,76.9
86,36.8362,98.57,227.71,2,4,7,43.3,131.9,91.0
86,36.8362,120.21,227.89,10,4,28,46.3,140.3,75.6
86,36.8362,252.19,227.67,9,4,21,92.0,135.9,162.6
86,36.8362,261.91,227.64,3,4,11,96.4,131.9,177.6
86,36.8362,5.5,228.21,8,3,14,58.4,134.5,91.5
86,36.8362,78.62,228.12,4,3,8,61.9,145.4,94.1
87,36.8695,87.5,86.5,4,2,8,173.0,116.0,250.0
87,36.8695,103.5,86.5,4,2,8,173.8,116.8,250.8
87,36.8695,183.5,86.5,4,2,8,172.0,115.5,246.0
87,36.8695,210.5,86.5,38,2,76,172.1,115.2,249.3
87,36.8695,273.5,86.5,4,2,8,171.2,114.2,254.1
87,36.8695,280.5,86.5,6,2,12,164.0,116.3,252.0
87,36.8695,288.5,86.5,6,2,12,171.8,114.1,250.8
87,36.8695,266.45,131.43,14,8,80,140.1,93.4,124.7
87,36.8695,257.12,133.38,3,4,8,134.6,89.1,172.5
87,36.8695,277.0,133.71,3,4,7,209.4,154.1,252.7
87,36.8695,259.77,138.68,8,6,44,172.2,116.5,245.2
87,36.8695,244.5,162.81,10,6,52,170.1,115.8,248.7
87,36.8695,167.22,167.61,21,8,104,148.5,107.9,148.6
87,36.8695,155.78,169.44,4,4,9,147.2,92.7,189.1
87,36.8695,160.14,172.71,3,3,7,173.1,120.4,245.3
87,36.8695,292.92,185.26,12,4,38,175.2,114.5,249.3
87,36.8695,306.61,190.97,32,11,204,169.8,215.6,243.4
87,36.8695,282.53,192.47,10,2,19,133.9,139.8,244.0
87,36.8695,278.5,197.5,2,4,8,124.9,139.4,238.9
87,36.8695,77.5,198.5,4,2,8,173.5,116.0,246.5
87,36.8695,300.27,202.55,6,2,11,132.5,131.3,217.1
87,36.8695,313.5,202.5,12,2,24,98.8,136.1,219.0
87,36.8695,297.77,206.56,35,2,61,145.3,146.4,210.3
87,36.8695,278.0,208.5,3,2,6,164.7,146.3,207.3
87,36.8695,200.29,225.75,19,8,76,119.0,157.5,184.1
87,36.8695,101.59,227.06,6,6,17,54.9,138.0,94.3
87,36.8695,59.17,227.57,12,5,40,47.0,133.7,66.5
87,36.8695,73.26,227.37,7,5,19,60.0,142.9,107.4
87,36.8695,135.29,227.06,6,5,17,76.2,141.2,133.5
87,36.8695,178.93,227.0,13,5,28,68.4,131.8,132.6
87,36.8695,83.07,227.36,6,4,14,30.4,130.3,71.2
87,36.8695,91.57,227.71,2,4,7,41.7,128.6,89.1
87,36.8695,112.62,227.92,10,4,26,43.9,138.5,73.4
87,36.8695,188.62,227.12,5,3,8,49.0,130.0,107.5
87,36.8695,193.5,227.5,2,4,6,59.7,129.2,140.3
88,36.9029,87.5,86.5,4,2,8,173.0,116.0,250.0
88,36.9029,103.5,86.5,4,2,8,173.8,116.8,250.8
88,36.9029,183.5,86.5,4,2,8,172.0,115.5,246.0
88,36.9029,210.5,86.5,38,2,76,172.1,115.2,249.3
88,36.9029,273.5,86.5,4,2,8,171.2,114.2,254.1
88,36.9029,280.5,86.5,6,2,12,164.0,116.3,252.0
88,36.9029,288.5,86.5,6,2,12,171.8,114.1,250.8
88,36.9029,255.29,126.57,4,2,7,169.1,117.0,245.0
88,36.9029,267.83,129.59,19,8,88,144.2,97.5,137.0
88,36.9029,257.12,131.38,3,4,8,135.0,88.5,176.4
88,36.9029,260.5,136.5,6,6,36,172.1,116.6,245.3
88,36.9029,244.5,162.81,10,6,52,170.1,115.8,248.7
88,36.9029,167.08,165.5,21,8,102,147.1,105.8,146.8
88,36.9029,155.78,167.44,4,4,9,147.2,92.7,189.1
88,36.9029,160.14,170.71,3,3,7,173.3,120.6,245.4
88,36.9029,288.5,184.5,6,2,12,171.7,115.0,250.0
88,36.9029,77.5,196.5,4,2,8,173.5,116.0,246.5
88,36.9029,311.47,202.47,12,9,47,116.1,140.1,227.8
88,36.9029,283.5,200.5,8,2,16,131.0,141.8,234.2
88,36.9029,293.5,202.5,4,2,8,132.9,131.4,217.9
88,36.9029,301.5,202.5,4,2,8,107.9,136.4,221.4
88,36.9029,3.81,223.27,10,12,64,140.6,158.7,196.1
88,36.9029,94.3,227.1,7,6,20,57.4,140.9,100.2
88,36.9029,261.3,226.74,24,6,90,87.0,139.0,142.2
88,36.9029,52.17,227.57,12,5,40,47.6,133.2,67.8
88,36.9029,67.86,226.29,3,3,7,46.1,139.9,119.9
88,36.9029,171.93,227.0,13,5,28,68.2,131.8,133.0
88,36.9029,64.44,227.89,4,4,9,67.2,145.0,101.4
88,36.9029,74.94,227.61,9,4,18,42.2,135.0,78.6
88,36.9029,84.5,227.5,2,4,8,48.8,133.8,97.8
88,36.9029,106.21,227.89,10,4,28,46.3,140.3,75.6
88,36.9029,181.62,227.12,5,3,8,50.2,130.1,109.1
88,36.9029,186.5,227.5,2,4,6,61.0,129.0,140.0
89,36.9363,87.5,86.5,4,2,8,173.0,116.0,250.0
89,36.9363,103.5,86.5,4,2,8,173.8,116.8,250.8
89,36.9363,183.5,86.5,4,2,8,172.0,115.5,246.0
89,36.9363,210.5,86.5,38,2,76,172.1,115.2,249.3
89,36.9363,273.5,86.5,4,2,8,171.2,114.2,254.1
89,36.9363,280.5,86.5,6,2,12,164.0,116.3,252.0
89,36.9363,288.5,86.5,6,2,12,171.8,114.1,250.8
89,36.9363,267.8,127.55,19,8,92,147.2,100.2,142.4
89,36.9363,260.28,134.45,6,6,29,172.7,116.3,245.2
89,36.9363,167.14,163.43,19,9,102,146.3,105.1,146.8
89,36.9363,244.5,162.81,10,6,52,170.1,115.8,248.7
89,36.9363,155.7,165.2,4,4,10,152.6,97.9,197.8
89,36.9363,160.14,168.71,3,3,7,173.3,120.6,245.4
89,36.9363,308.96,186.08,6,6,26,160.6,119.3,251.2
89,36.9363,291.87,190.98,33,11,201,169.5,215.0,244.0
89,36.9363,65.57,202.14,23,16,141,138.0,120.2,162.5
89,36.9363,77.5,194.5,4,2,8,174.0,116.5,247.0
89,36.9363,309.57,196.5,4,6,14,116.4,140.5,240.6
89,36.9363,75.6,202.1,4,4,10,178.1,151.4,219.5
89,36.9363,298.5,202.5,10,2,20,96.2,135.7,218.1
89,36.9363,308.5,205.0,6,1,6,158.3,147.0,227.3
89,36.9363,4.9,207.2,12,3,20,150.8,147.1,207.3
89,36.9363,34.84,207.07,43,3,68,152.1,148.0,208.1
89,36.9363,293.6,206.56,15,2,25,139.6,147.4,212.2
89,36.9363,278.0,208.5,3,2,6,164.7,146.3,207.3
89,36.9363,165.5,224.0,6,1,6,161.2,214.8,223.2
89,36.9363,45.03,227.49,11,5,37,48.6,131.9,70.2
89,36.9363,60.86,226.29,3,3,7,46.1,140.3,119.0
89,36.9363,57.3,227.9,4,4,10,65.4,144.9,99.5
89,36.9363,68.36,227.71,6,4,14,52.6,143.9,102.0
89,36.9363,87.15,227.77,5,4,13,50.6,136.5,85.4
89,36.9363,98.67,227.85,10,4,27,51.9,141.8,83.6
89,36.9363,172.4,227.24,8,4,25,73.0,133.4,131.0
89,36.9363,179.5,227.5,2,4,6,55.8,123.5,137.5
89,36.9363,243.27,227.82,13,4,22,80.0,133.7,131.1
89,36.9363,286.45,228.18,6,4,11,66.5,127.0,141.5
89,36.9363,77.22,228.33,5,3,9,43.0,135.6,81.6
90,36.9696,87.5,86.5,4,2,8,173.0,116.0,250.0
90,36.9696,103.5,86.5,4,2,8,173.8,116.8,250.8
90,36.9696,183.5,86.5,4,2,8,172.0,115.5,246.0
90,36.9696,210.5,86.5,38,2,76,172.1,115.2,249.3
90,36.9696,273.5,86.5,4,2,8,171.2,114.2,254.1
90,36.9696,280.5,86.5,6,2,12,164.0,116.3,252.0
90,36.9696,288.5,86.5,6,2,12,171.8,114.1,250.8
90,36.9696,267.4,124.68,19,11,99,146.4,98.1,140.6
90,36.9696,257.14,126.0,3,3,7,133.9,84.1,176.9
90,36.9696,167.34,160.15,19,9,106,144.9,104.8,146.2
90,36.9696,244.5,162.81,10,6,52,170.1,115.8,248.7
90,36.9696,155.5,162.12,4,4,8,156.5,101.1,206.9
90,36.9696,299.86,193.55,4,14,29,120.8,136.4,244.0
90,36.9696,63.83,196.41,17,8,82,143.1,105.3,152.9
90,36.9696,289.55,202.24,16,4,33,116.6,134.0,225.0
90,36.9696,316.08,204.38,8,2,13,135.2,143.9,221.8
90,36.9696,20.22,207.46,41,4,78,151.2,148.0,205.9
90,36.9696,0.5,208.0,2,3,6,151.0,149.7,204.3
90,36.9696,18.82,223.83,41,14,387,121.0,152.1,171.1
90,36.9696,161.71,226.75,12,5,24,64.3,135.1,128.1
90,36.9696,241.33,226.33,3,3,6,103.8,138.5,162.8
90,36.9696,51.0,226.5,3,2,6,46.7,138.7,120.7
90,36.9696,58.17,227.61,9,4,18,42.7,134.7,78.0
90,36.9696,77.14,227.79,5,4,14,53.7,138.8,86.6
90,36.9696,88.67,227.85,10,4,27,51.5,141.6,83.1
90,36.9696,152.78,228.0,4,4,9,62.0,132.3,123.0
90,36.9696,47.25,228.12,4,3,8,60.4,144.1,99.5
90,36.9696,67.5,228.0,2,3,6,43.2,130.3,90.7
91,37.003,87.5,86.5,4,2,8,173.0,116.0,250.0
91,37.003,103.5,86.5,4,2,8,173.8,116.8,250.8
91,37.003,183.5,86.5,4,2,8,172.0,115.5,246.0
91,37.003,210.5,86.5,38,2,76,172.1,115.2,249.3
91,37.003,273.5,86.5,4,2,8,171.2,114.2,254.1
91,37.003,280.5,86.5,6,2,12,164.0,116.3,252.0
91,37.003,288.5,86.5,6,2,12,171.8,114.1,250.8
91,37.003,267.15,121.44,17,11,107,153.3,110.9,163.7
91,37.003,278.5,121.75,2,5,8,184.0,130.4,250.1
91,37.003,273.5,126.5,4,2,8,179.0,113.5,247.0
91,37.003,167.13,157.92,19,9,106,145.6,105.5,145.0
91,37.003,244.5,162.81,10,6,52,170.1,115.8,248.7
91,37.003,292.17,189.17,5,4,12,149.5,137.2,248.6
91,37.003,77.83,191.83,4,4,12,171.4,117.8,247.1
91,37.003,64.3,195.17,17,8,87,143.7,111.3,139.8
91,37.003,292.55,196.73,2,6,11,116.5,142.4,241.6
91,37.003,76.52,197.93,10,4,27,175.6,126.3,252.0
91,37.003,289.5,200.5,4,2,8,122.4,139.9,242.4
91,37.003,281.19,202.56,12,4,27,120.1,136.5,227.1
91,37.003,306.75,203.94,26,4,36,140.7,143.8,229.9
91,37.003,19.73,207.25,40,3,55,151.1,147.0,207.0
91,37.003,15.36,223.53,35,14,340,126.0,157.4,172.5
91,37.003,43.38,227.31,4,5,13,47.5,137.3,104.2
91,37.003,147.5,227.0,12,5,28,69.9,132.0,136.3
91,37.003,70.15,227.77,5,4,13,50.5,136.5,86.7
91,37.003,81.32,228.18,9,4,22,46.6,141.6,77.8
91,37.003,93.78,227.89,3,4,9,55.6,136.9,97.3
91,37.003,224.45,227.84,12,4,31,76.5,135.2,132.1
91,37.003,51.25,228.25,5,3,12,41.2,139.3,90.2
91,37.003,60.43,228.0,4,3,7,43.0,143.6,94.9
92,37.0364,87.5,86.5,4,2,8,173.0,116.0,250.0
92,37.0364,103.5,86.5,4,2,8,173.8,116.8,250.8
92,37.0364,183.5,86.5,4,2,8,172.0,115.5,246.0
92,37.0364,210.5,86.5,38,2,76,172.1,115.2,249.3
92,37.0364,272.5,86.5,6,2,12,171.4,114.1,250.7
92,37.0364,280.5,86.5,6,2,12,164.0,116.3,252.0
92,37.0364,288.5,86.5,6,2,12,171.8,114.1,250.8
92,37.0364,265.5,112.5,4,2,8,173.0,115.0,253.0
92,37.0364,266.85,120.26,19,10,112,152.9,112.4,161.0
92,37.0364,278.33,121.17,2,4,6,186.0,132.7,253.2
92,37.0364,273.17,125.83,4,4,12,182.4,112.4,249.4
92,37.0364,167.3,154.96,19,9,98,149.6,109.8,148.2
92,37.0364,244.5,162.81,10,6,52,170.1,115.8,248.7
92,37.0364,76.5,185.5,2,4,8,173.5,116.5,245.5
92,37.0364,56.5,187.5,2,4,8,188.6,111.6,249.0
92,37.0364,282.2,193.07,5,13,45,133.3,137.6,244.2
92,37.0364,63.71,191.67,17,8,84,134.1,103.1,134.2
92,37.0364,75.78,193.22,4,4,9,181.8,148.8,219.4
92,37.0364,236.77,195.69,4,7,13,127.1,141.6,237.8
92,37.0364,274.92,201.42,6,4,12,76.0,120.8,200.4
92,37.0364,300.0,205.0,9,1,9,145.8,146.3,227.7
92,37.0364,55.0,208.5,15,2,30,146.6,148.3,204.6
92,37.0364,72.5,208.5,18,2,36,149.0,148.7,204.4
92,37.0364,10.36,223.1,28,14,251,134.5,166.1,174.7
92,37.0364,100.87,226.93,5,6,15,62.9,140.9,107.3
92,37.0364,229.97,226.69,10,6,35,94.7,137.1,150.1
92,37.0364,32.88,226.12,3,3,8,49.2,142.2,118.2
92,37.0364,39.39,227.56,8,4,18,46.6,130.2,91.4
92,37.0364,49.14,227.57,3,4,7,54.1,139.4,92.6
92,37.0364,58.06,227.83,7,4,18,49.3,138.3,94.3
92,37.0364,70.32,228.08,11,4,25,44.9,141.2,80.2
92,37.0364,145.78,227.0,5,3,9,56.1,134.7,119.8
92,37.0364,82.62,228.12,4,3,8,55.9,137.4,102.5
92,37.0364,314.5,228.67,4,2,6,69.5,139.2,103.3
93,37.0697,87.5,86.5,4,2,8,173.0,116.0,250.0
93,37.0697,103.5,86.5,4,2,8,173.8,116.8,250.8
93,37.0697,183.5,86.5,4,2,8,172.0,115.5,246.0
93,37.0697,210.5,86.5,38,2,76,172.1,115.2,249.3
93,37.0697,273.5,86.5,4,2,8,171.2,114.2,254.1
93,37.0697,280.5,86.5,6,2,12,164.0,116.3,252.0
93,37.0697,288.5,86.5,6,2,12,171.8,114.1,250.8
93,37.0697,266.5,112.5,6,2,12,173.0,115.0,251.0
93,37.0697,266.85,120.26,19,10,112,152.9,112.4,161.0
93,37.0697,278.33,121.17,2,4,6,186.0,132.7,253.2
93,37.0697,273.17,125.83,4,4,12,182.4,112.4,249.4
93,37.0697,167.77,153.05,20,9,98,147.7,108.5,146.8
93,37.0697,156.14,154.0,3,3,7,131.3,78.7,166.9
93,37.0697,244.5,162.81,10,6,52,170.1,115.8,248.7
93,37.0697,242.5,180.5,6,6,36,179.0,114.0,245.0
93,37.0697,76.5,183.5,2,4,8,173.5,116.5,245.5
93,37.0697,56.5,185.5,2,4,8,188.6,111.6,249.0
93,37.0697,64.1,189.47,17,8,78,134.2,102.5,130.7
93,37.0697,75.78,191.22,4,4,9,181.8,148.8,219.4
93,37.0697,235.75,191.92,8,3,12,156.0,137.6,246.8
93,37.0697,228.62,197.62,3,4,8,127.6,137.8,238.5
93,37.0697,60.5,198.5,6,2,12,172.5,115.8,247.5
93,37.0697,292.08,204.38,8,2,13,135.8,144.6,222.5
93,37.0697,300.08,204.58,7,2,12,137.3,145.3,223.3
93,37.0697,315.5,206.5,8,2,16,144.2,148.2,210.9
93,37.0697,7.6,222.93,22,14,162,133.8,170.4,169.5
93,37.0697,23.86,227.43,7,5,14,50.6,141.1,107.6
93,37.0697,32.61,227.67,8,4,18,46.1,128.7,90.8
93,37.0697,42.0,227.25,3,4,8,66.1,138.2,103.2
93,37.0697,63.04,228.17,10,4,24,42.9,140.4,78.1
93,37.0697,75.9,227.8,3,4,10,56.5,136.9,103.7
93,37.0697,138.78,227.0,5,3,9,55.2,134.3,116.6
93,37.0697,51.08,228.15,5,3,13,41.8,140.6,91.8
93,37.0697,317.0,228.5,3,2,6,64.8,133.5,97.5
94,37.1031,87.5,86.5,4,2,8,173.0,116.0,250.0
94,37.1031,103.5,86.5,4,2,8,173.8,116.8,250.8
94,37.1031,183.5,86.5,4,2,8,172.0,115.5,246.0
94,37.1031,210.5,86.5,38,2,76,172.1,115.2,249.3
94,37.1031,273.5,86.5,4,2,8,171.2,114.2,254.1
94,37.1031,280.5,86.5,6,2,12,164.0,116.3,252.0
94,37.1031,288.5,86.5,6,2,12,171.8,114.1,250.8
94,37.1031,265.63,117.08,20,12,113,147.2,106.2,139.4
94,37.1031,268.5,144.5,4,2,8,191.0,135.8,251.1
94,37.1031,167.55,149.34,19,8,100,148.1,107.4,148.9
94,37.1031,156.14,151.0,3,3,7,131.3,78.6,168.7
94,37.1031,244.5,162.81,10,6,52,170.1,115.8,248.7
94,37.1031,76.5,179.5,2,4,8,173.5,116.5,245.5
94,37.1031,241.5,179.5,8,4,32,179.0,114.0,245.0
94,37.1031,64.32,185.89,17,8,81,130.7,96.8,135.3
94,37.1031,75.43,188.0,3,4,7,187.1,149.6,232.4
94,37.1031,234.83,189.17,5,2,6,172.7,138.0,248.3
94,37.1031,224.6,192.2,6,3,10,133.1,140.7,240.4
94,37.1031,218.62,197.62,3,4,8,125.0,139.9,238.8
94,37.1031,283.63,204.63,12,2,19,142.6,147.3,225.7
94,37.1031,311.72,206.45,16,2,29,144.8,148.0,211.4
94,37.1031,109.19,207.81,10,3,21,150.9,148.5,209.0
94,37.1031,5.08,221.43,14,6,51,177.4,199.4,216.1
94,37.1031,90.67,225.5,2,4,6,81.7,145.7,133.7
94,37.1031,2.04,227.08,6,5,25,57.5,134.3,85.4
94,37.1031,13.86,227.86,4,4,7,56.3,143.7,106.1
94,37.1031,22.39,227.44,8,4,18,43.6,129.9,91.6
94,37.1031,40.62,227.88,3,4,8,58.4,144.6,95.0
94,37.1031,52.85,228.07,11,4,27,46.3,141.9,82.7
94,37.1031,66.11,228.22,4,3,9,57.0,137.9,103.6
94,37.1031,307.17,228.67,4,2,6,65.0,147.7,125.0
95,37.1365,87.5,86.5,4,2,8,173.0,116.0,250.0
95,37.1365,103.5,86.5,4,2,8,173.8,116.8,250.8
95,37.1365,183.5,86.5,4,2,8,172.0,115.5,246.0
95,37.1365,210.5,86.5,38,2,76,172.1,115.2,249.3
95,37.1365,273.5,86.5,4,2,8,171.2,114.2,254.1
95,37.1365,280.5,86.5,6,2,12,164.0,116.3,252.0
95,37.1365,289.07,86.43,8,2,14,171.8,114.4,249.9
95,37.1365,267.35,118.96,20,18,201,151.8,132.8,205.9
95,37.1365,167.34,147.4,19,8,96,147.9,106.3,147.8
95,37.1365,156.0,148.83,3,3,6,132.7,80.0,169.7
95,37.1365,244.5,162.81,10,6,52,170.1,115.8,248.7
95,37.1365,243.5,180.5,4,6,24,179.4,114.4,245.4
95,37.1365,64.3,183.94,17,8,81,134.4,99.2,140.2
95,37.1365,228.5,184.5,6,2,12,170.7,115.3,249.3
95,37.1365,75.71,186.29,4,4,7,187.9,146.0,235.1
95,37.1365,53.5,187.0,2,3,6,189.2,134.0,251.3
95,37.1365,56.5,189.5,2,4,8,173.0,115.5,247.0
95,37.1365,215.17,192.67,9,4,18,131.1,139.4,240.8
95,37.1365,307.98,206.48,24,2,46,147.9,146.7,212.9
95,37.1365,3.14,222.14,8,3,21,181.8,210.2,220.3
95,37.1365,217.48,225.97,12,6,33,93.4,137.5,163.4
95,37.1365,6.19,227.25,7,5,16,52.8,143.0,110.2
95,37.1365,15.75,227.65,8,4,20,52.1,131.4,97.0
95,37.1365,46.12,228.12,10,4,25,46.8,141.2,81.6
95,37.1365,121.64,227.36,5,4,11,56.1,133.5,112.5
95,37.1365,25.33,227.83,6,3,12,56.6,133.8,105.7
95,37.1365,34.23,228.15,5,3,13,42.9,141.1,88.8
95,37.1365,58.62,228.12,4,3,8,55.9,137.4,102.5
96,37.1698,87.5,86.5,4,2,8,173.0,116.0,250.0
96,37.1698,103.5,86.5,4,2,8,173.8,116.8,250.8
96,37.1698,183.5,86.5,4,2,8,172.0,115.5,246.0
96,37.1698,210.5,86.5,38,2,76,172.1,115.2,249.3
96,37.1698,273.5,86.5,4,2,8,171.2,114.2,254.1
96,37.1698,280.5,86.5,6,2,12,164.0,116.3,252.0
96,37.1698,288.5,86.5,6,2,12,171.8,114.1,250.8
96,37.1698,269.5,111.1,5,3,10,176.4,117.7,245.6
96,37.1698,269.12,121.6,13,18,127,188.6,137.5,212.6
96,37.1698,262.57,124.17,11,13,40,121.9,56.0,163.5
96,37.1698,167.53,143.89,19,9,95,147.8,106.9,147.4
96,37.1698,156.0,145.43,3,4,7,139.6,85.6,180.9
96,37.1698,244.5,162.81,10,6,52,170.1,115.8,248.7
96,37.1698,63.93,180.58,17,9,83,139.0,104.2,145.5
96,37.1698,248.5,177.5,2,4,8,186.0,112.0,246.0
96,37.1698,76.43,183.57,4,4,7,189.4,143.0,242.6
96,37.1698,218.5,184.5,6,2,12,168.6,115.6,249.6
96,37.1698,225.67,191.3,44,15,236,165.9,204.8,244.9
96,37.1698,221.5,202.5,4,2,8,132.5,131.5,216.5
96,37.1698,236.04,202.46,14,2,26,101.8,132.5,221.0
96,37.1698,303.54,206.51,32,2,63,149.1,147.1,211.5
96,37.1698,280.0,207.0,7,1,7,159.9,145.6,208.1
96,37.1698,52.7,225.4,5,4,10,85.0,143.8,146.3
96,37.1698,4.16,227.47,9,4,19,46.6,130.7,91.4
96,37.1698,13.5,227.5,2,4,8,59.2,137.0,91.2
96,37.1698,35.24,228.04,10,4,25,49.9,143.5,86.7
96,37.1698,205.47,227.8,5,4,15,78.3,133.3,119.9
96,37.1698,23.0,228.0,5,3,15,49.1,142.0,96.8
96,37.1698,48.0,228.0,5,3,15,60.7,141.8,108.3
96,37.1698,56.5,228.5,5,3,8,66.9,143.1,103.6
96,37.1698,193.37,227.89,9,3,19,69.9,132.3,115.9
96,37.1698,280.62,227.62,5,3,8,83.1,132.6,136.6
97,37.2032,87.5,86.5,4,2,8,173.0,116.0,250.0
97,37.2032,103.5,86.5,4,2,8,173.8,116.8,250.8
97,37.2032,183.5,86.5,4,2,8,172.0,115.5,246.0
97,37.2032,210.5,86.5,38,2,76,172.1,115.2,249.3
97,37.2032,273.5,86.5,4,2,8,171.2,114.2,254.1
97,37.2032,280.5,86.5,6,2,12,164.0,116.3,252.0
97,37.2032,288.5,86.5,6,2,12,171.8,114.1,250.8
97,37.2032,269.05,126.06,27,18,226,171.6,116.6,209.8
97,37.2032,280.0,123.0,3,5,8,182.5,132.4,249.0
97,37.2032,166.86,141.68,17,9,91,146.1,104.6,142.0
97,37.2032,156.0,143.25,3,4,8,140.4,86.8,177.1
97,37.2032,244.5,162.81,10,6,52,170.1,115.8,248.7
97,37.2032,61.77,181.64,17,14,120,152.0,108.1,183.2
97,37.2032,76.0,181.0,3,5,7,189.4,144.9,240.4
97,37.2032,211.5,184.5,4,2,8,168.5,115.5,251.5
97,37.2032,221.87,190.9,32,11,205,170.2,215.3,244.5
97,37.2032,195.86,192.28,8,12,36,148.4,129.1,241.6
97,37.2032,238.27,199.36,3,5,11,107.1,142.9,238.1
97,37.2032,228.76,202.48,15,2,29,106.1,132.4,221.8
97,37.2032,304.79,206.73,31,3,67,150.9,146.8,210.2
97,37.2032,108.53,207.67,10,2,15,149.0,148.6,207.3
97,37.2032,280.0,207.0,7,1,7,159.9,145.6,208.1
97,37.2032,287.17,208.67,4,2,6,146.5,145.2,194.2
97,37.2032,198.45,226.95,7,6,20,95.2,145.4,136.6
97,37.2032,41.74,227.26,7,5,19,66.1,141.9,116.9
97,37.2032,54.43,226.29,2,4,7,68.4,144.7,143.7
97,37.2032,27.85,228.08,10,4,26,49.5,143.2,87.2
97,37.2032,92.2,227.7,3,4,10,75.2,131.2,129.2
97,37.2032,15.81,228.06,6,3,16,47.7,144.0,83.4
97,37.2032,272.83,228.17,3,3,6,75.0,137.2,96.3
97,37.2032,307.67,228.17,4,3,6,28.7,128.3,56.5
97,37.2032,51.5,228.67,4,2,6,56.0,143.5,91.5
97,37.2032,282.5,228.67,4,2,6,69.8,139.7,101.8
98,37.2366,87.5,86.5,4,2,8,173.0,116.0,250.0
98,37.2366,103.5,86.5,4,2,8,173.8,116.8,250.8
98,37.2366,183.5,86.5,4,2,8,172.0,115.5,246.0
98,37.2366,210.5,86.5,38,2,76,172.1,115.2,249.3
98,37.2366,273.5,86.5,4,2,8,171.2,114.2,254.1
98,37.2366,280.5,86.5,6,2,12,164.0,116.3,252.0
98,37.2366,288.5,86.5,6,2,12,171.8,114.1,250.8
98,37.2366,267.69,129.22,19,22,199,201.2,149.4,220.7
98,37.2366,259.44,130.69,8,17,36,123.6,49.2,160.3
98,37.2366,167.13,138.98,19,9,93,146.6,106.9,142.2
98,37.2366,156.14,140.0,3,3,7,133.7,80.1,168.3
98,37.2366,244.5,162.81,10,6,52,170.1,115.8,248.7
98,37.2366,63.2,176.82,17,18,123,148.2,106.3,175.1
98,37.2366,76.5,169.5,2,4,8,173.8,116.8,245.8
98,37.2366,56.5,171.5,2,4,8,187.1,113.6,246.1
98,37.2366,75.78,177.33,4,4,9,185.2,145.0,228.6
98,37.2366,200.5,184.5,6,2,12,170.7,115.3,249.3
98,37.2366,209.47,191.12,42,11,219,168.1,209.6,245.4
98,37.2366,230.57,193.79,2,8,14,123.7,138.7,236.3
98,37.2366,228.2,199.6,3,4,10,109.4,142.6,238.2
98,37.2366,218.76,202.48,15,2,29,106.1,132.4,221.8
98,37.2366,228.86,204.43,5,2,7,147.6,147.4,227.9
98,37.2366,303.78,206.91,32,4,77,150.9,147.2,209.1
98,37.2366,109.83,207.33,4,2,6,151.7,147.0,211.0
98,37.2366,280.0,207.0,7,1,7,159.9,145.6,208.1
98,37.2366,48.67,226.33,7,6,18,73.3,138.7,126.6
98,37.2366,188.74,226.79,6,6,19,101.6,148.5,145.9
98,37.2366,34.83,226.0,3,3,6,79.5,143.0,134.8
98,37.2366,307.2,227.49,26,5,71,44.0,123.0,78.1
98,37.2366,31.36,227.91,4,4,11,60.9,141.1,110.6
98,37.2366,5.67,228.5,4,3,6,44.8,143.2,94.7
98,37.2366,18.0,228.23,9,3,22,49.6,142.3,86.3
98,37.2366,39.86,228.43,4,3,7,66.6,142.6,106.3
99,37.2699,87.5,86.5,4,2,8,173.0,116.0,250.0
99,37.2699,103.5,86.5,4,2,8,173.8,116.8,250.8
99,37.2699,183.5,86.5,4,2,8,172.0,115.5,246.0
99,37.2699,210.5,86.5,38,2,76,172.1,115.2,249.3
99,37.2699,273.5,86.5,4,2,8,171.2,114.2,254.1
99,37.2699,280.5,86.5,6,2,12,164.0,116.3,252.0
99,37.2699,288.5,86.5,6,2,12,171.8,114.1,250.8
99,37.2699,271.0,120.91,5,4,11,178.1,120.8,243.9
99,37.2699,267.57,132.8,14,24,215,201.1,148.8,218.2
99,37.2699,275.5,122.5,4,2,8,178.8,112.8,251.2
99,37.2699,259.97,133.59,5,17,34,131.8,47.3,166.1
99,37.2699,256.83,128.17,3,3,6,120.0,75.7,152.8
99,37.2699,279.17,129.0,3,3,6,212.3,161.7,254.2
99,37.2699,167.92,136.61,20,10,106,145.0,105.8,146.8
99,37.2699,156.0,137.83,3,3,6,131.7,78.0,165.7
99,37.2699,244.5,162.81,10,6,52,170.1,115.8,248.7
99,37.2699,63.15,174.58,17,18,127,150.3,107.7,177.8
99,37.2699,76.5,167.5,2,4,8,173.8,116.8,245.8
99,37.2699,56.57,169.29,2,4,7,188.1,113.1,246.4
99,37.2699,315.96,170.79,8,6,24,135.2,136.5,246.3
99,37.2699,75.78,175.33,4,4,9,185.2,145.0,228.6
99,37.2699,194.5,184.5,6,2,12,167.8,115.8,249.5
99,37.2699,203.94,191.08,35,11,204,169.8,215.5,245.0
99,37.2699,178.12,194.12,8,8,25,127.8,138.5,240.3
99,37.2699,221.7,198.9,4,6,20,113.3,140.5,238.1
99,37.2699,197.5,202.5,4,2,8,132.5,131.5,216.5
99,37.2699,212.04,202.46,14,2,26,100.8,132.1,220.6
99,37.2699,303.11,206.96,32,4,81,150.7,147.3,208.6
99,37.2699,280.0,207.0,7,1,7,159.9,145.6,208.1
99,37.2699,26.29,226.52,8,6,21,72.3,140.2,126.0
99,37.2699,41.84,226.32,7,6,19,72.9,138.1,127.2
99,37.2699,181.67,226.67,6,6,18,105.6,147.9,150.8
99,37.2699,53.0,227.0,5,5,13,61.6,132.5,106.5
99,37.2699,0.5,228.0,2,3,6,43.8,145.2,87.2
99,37.2699,10.92,228.16,10,3,25,48.0,143.0,84.9
99,37.2699,32.5,228.5,5,3,8,65.9,142.1,103.4
99,37.2699,279.08,228.15,7,3,13,60.5,131.8,98.8
99,37.2699,317.64,228.09,4,3,11,29.2,130.2,48.2
100,37.3033,87.5,86.5,4,2,8,173.0,116.0,250.0
100,37.3033,103.5,86.5,4,2,8,173.8,116.8,250.8
100,37.3033,183.5,86.5,4,2,8,172.0,115.5,246.0
100,37.3033,210.5,86.5,38,2,76,172.1,115.2,249.3
100,37.3033,273.5,86.5,4,2,8,171.2,114.2,254.1
100,37.3033,280.5,86.5,6,2,12,164.0,116.3,252.0
100,37.3033,288.5,86.5,6,2,12,171.8,114.1,250.8
100,37.3033,277.31,129.31,8,6,26,175.0,123.7,249.3
100,37.3033,167.47,133.15,19,9,97,147.4,107.4,148.1
100,37.3033,156.14,134.57,3,4,7,133.9,80.1,169.1
100,37.3033,244.5,162.81,10,6,52,170.1,115.8,248.7
100,37.3033,70.5,163.5,2,4,8,171.2,116.2,246.2
100,37.3033,76.5,163.5,2,4,8,173.8,116.8,245.8
100,37.3033,64.03,169.81,17,8,86,136.4,101.2,143.8
100,37.3033,307.3,171.7,8,4,20,116.8,136.4,240.4
100,37.3033,75.5,172.0,3,4,6,189.2,149.7,232.8
100,37.3033,183.5,184.5,4,2,8,167.5,116.0,248.5
100,37.3033,194.1,190.93,31,11,205,170.7,216.8,245.5
100,37.3033,169.0,192.69,8,4,16,131.6,139.1,240.7
100,37.3033,212.5,193.5,2,4,8,125.0,142.0,236.5
100,37.3033,203.26,201.64,18,7,39,107.7,135.1,226.5
100,37.3033,211.17,204.33,4,2,6,143.8,148.2,227.8
100,37.3033,229.0,204.0,11,1,11,134.8,147.5,230.4
100,37.3033,303.19,206.68,32,3,62,151.9,146.7,210.5
100,37.3033,280.0,207.0,7,1,7,159.9,145.6,208.1
100,37.3033,30.44,226.32,8,6,25,86.3,140.0,146.0
100,37.3033,36.38,225.75,3,4,8,84.0,136.6,138.1
100,37.3033,12.2,228.0,4,4,10,60.2,139.2,107.4
100,37.3033,16.17,226.67,4,2,6,77.5,146.0,128.0
100,37.3033,22.47,227.53,5,4,15,71.1,141.1,129.0
100,37.3033,159.39,227.89,7,4,18,61.8,129.3,94.6
100,37.3033,269.14,227.14,4,3,7,66.6,140.4,103.0
100,37.3033,1.64,228.27,5,3,11,56.2,146.0,85.4
100,37.3033,170.0,228.0,5,3,9,76.7,128.2,113.1
100,37.3033,263.75,228.0,5,3,8,85.1,144.2,115.1
100,37.3033,253.5,228.67,4,2,6,70.7,134.2,123.7
101,37.3367,87.5,86.5,4,2,8,173.0,116.0,250.0
101,37.3367,103.5,86.5,4,2,8,173.8,116.8,250.8
101,37.3367,183.5,86.5,4,2,8,172.0,115.5,246.0
101,37.3367,210.5,86.5,38,2,76,172.1,115.2,249.3
101,37.3367,273.5,86.5,4,2,8,171.2,114.2,254.1
101,37.3367,280.5,86.5,6,2,12,164.0,116.3,252.0
101,37.3367,288.5,86.5,6,2,12,171.8,114.1,250.8
101,37.3367,166.18,130.68,15,8,71,132.1,90.2,122.5
101,37.3367,259.14,130.05,11,6,43,190.8,113.3,247.8
101,37.3367,278.5,131.5,2,4,8,189.0,111.0,245.0
101,37.3367,156.0,132.43,3,4,7,139.7,85.9,178.3
101,37.3367,252.75,145.0,3,4,8,192.0,132.2,250.1
101,37.3367,244.5,162.81,10,6,52,170.1,115.8,248.7
101,37.3367,56.5,163.5,2,4,8,182.9,110.9,255.0
101,37.3367,315.5,163.5,8,4,32,177.0,114.1,249.0
101,37.3367,63.16,167.91,20,8,98,142.0,105.6,148.2
101,37.3367,305.81,166.76,8,6,21,165.3,126.2,248.7
101,37.3367,75.33,169.33,3,4,6,189.8,153.3,225.2
101,37.3367,301.6,171.3,4,4,10,118.8,140.4,242.2
101,37.3367,176.5,184.5,6,2,12,167.0,116.3,246.0
101,37.3367,187.05,191.07,32,11,191,171.2,219.9,245.3
101,37.3367,160.89,193.85,10,8,27,128.3,140.9,240.4
101,37.3367,203.85,198.65,4,7,20,115.9,140.8,238.7
101,37.3367,179.29,202.57,4,2,7,133.4,131.6,216.6
101,37.3367,194.04,202.46,14,2,26,103.0,132.7,221.3
101,37.3367,226.5,204.5,6,2,8,132.1,146.9,229.4
101,37.3367,77.04,207.08,45,4,83,151.4,147.1,209.7
101,37.3367,233.17,206.33,4,2,6,137.3,149.0,209.7
101,37.3367,302.81,206.81,32,4,74,151.4,147.3,209.1
101,37.3367,280.0,207.0,7,1,7,159.9,145.6,208.1
101,37.3367,29.33,225.56,3,4,9,89.0,139.0,142.1
101,37.3367,169.0,225.3,7,4,20,150.6,173.1,208.2
101,37.3367,23.19,226.81,8,5,16,68.9,138.8,120.2
101,37.3367,291.42,227.21,8,5,24,92.8,142.3,151.8
101,37.3367,11.44,227.78,4,4,9,67.0,143.9,104.4
101,37.3367,162.5,228.0,6,3,12,75.8,134.0,110.7
101,37.3367,4.5,228.67,4,2,6,48.5,139.3,84.8
102,37.37,87.5,86.5,4,2,8,173.0,116.0,250.0
102,37.37,103.5,86.5,4,2,8,173.8,116.8,250.8
102,37.37,183.5,86.5,4,2,8,172.0,115.5,246.0
102,37.37,210.5,86.5,38,2,76,172.1,115.2,249.3
102,37.37,273.5,86.5,4,2,8,171.2,114.2,254.1
102,37.37,280.5,86.5,6,2,12,164.0,116.3,252.0
102,37.37,288.5,86.5,6,2,12,171.8,114.1,250.8
102,37.37,166.96,128.89,17,9,91,146.1,106.7,142.9
102,37.37,259.5,130.1,11,6,48,175.8,117.5,247.4
102,37.37,276.5,130.5,2,6,12,176.3,115.3,249.7
102,37.37,156.0,130.43,3,4,7,139.7,85.9,179.3
102,37.37,283.5,140.5,4,2,8,176.0,115.0,245.0
102,37.37,279.57,152.71,4,3,7,191.7,146.4,237.1
102,37.37,56.5,161.5,2,4,8,183.5,111.5,254.1
102,37.37,244.5,162.81,10,6,52,170.1,115.8,248.7
102,37.37,62.73,165.79,21,9,98,144.4,106.9,151.0
102,37.37,312.06,163.39,10,4,36,176.2,114.2,249.4
102,37.37,75.83,167.5,3,4,6,189.8,150.7,232.5
102,37.37,299.47,170.28,10,6,32,128.4,140.5,246.1
102,37.37,168.64,184.45,6,2,11,169.0,116.0,247.5
102,37.37,177.86,191.03,43,11,226,168.1,209.7,245.3
102,37.37,198.6,192.3,2,6,10,132.2,137.6,235.1
102,37.37,196.07,199.29,4,6,14,110.4,142.9,238.8
102,37.37,186.5,202.5,14,2,28,104.5,132.8,222.0
102,37.37,197.17,204.33,4,2,6,144.3,147.3,230.0
102,37.37,303.55,206.74,32,3,65,152.1,147.4,210.2
102,37.37,280.0,207.0,7,1,7,159.9,145.6,208.1
102,37.37,14.05,226.3,7,6,20,83.0,134.4,148.4
102,37.37,7.68,227.63,6,5,19,62.1,142.1,102.8
102,37.37,143.97,227.5,10,5,32,74.7,132.0,131.1
103,37.4034,87.5,86.5,4,2,8,173.0,116.0,250.0
103,37.4034,103.5,86.5,4,2,8,173.8,116.8,250.8
103,37.4034,183.5,86.5,4,2,8,172.0,115.5,246.0
103,37.4034,210.5,86.5,38,2,76,172.1,115.2,249.3
103,37.4034,273.5,86.5,4,2,8,171.2,114.2,254.1
103,37.4034,280.5,86.5,6,2,12,164.0,116.3,252.0
103,37.4034,288.5,86.5,6,2,12,171.8,114.1,250.8
103,37.4034,166.0,125.24,18,8,82,141.5,97.0,133.3
103,37.4034,156.67,126.33,3,3,6,138.5,85.5,179.7
103,37.4034,169.09,136.62,16,8,68,176.5,114.6,247.2
103,37.4034,273.5,136.5,4,2,8,174.0,115.0,246.0
103,37.4034,280.5,144.5,2,6,12,177.7,114.0,247.0
103,37.4034,285.09,154.88,8,6,34,177.3,114.1,247.1
103,37.4034,276.21,159.64,6,8,28,176.1,113.5,254.0
103,37.4034,63.25,162.72,21,8,89,138.5,103.3,149.1
103,37.4034,306.5,163.0,6,4,16,173.9,114.7,249.2
103,37.4034,291.36,169.86,10,6,22,127.5,143.6,242.2
103,37.4034,313.82,168.55,7,2,11,155.8,218.3,245.2
103,37.4034,318.0,177.55,4,4,11,129.6,142.4,241.4
103,37.4034,314.91,185.72,10,8,32,128.8,132.6,241.4
103,37.4034,169.05,191.01,33,11,205,171.7,216.9,245.5
103,37.4034,145.07,192.43,8,2,14,133.0,138.7,241.9
103,37.4034,236.5,196.0,2,5,10,173.0,116.0,245.0
103,37.4034,140.62,197.62,3,4,8,125.9,137.6,236.2
103,37.4034,186.07,199.0,4,6,15,110.5,142.2,238.7
103,37.4034,176.26,202.48,14,2,27,104.4,132.4,221.8
103,37.4034,186.86,204.43,5,2,7,144.4,148.6,229.9
103,37.4034,208.45,204.27,9,2,11,133.4,145.6,231.3
103,37.4034,295.91,207.1,44,4,99,153.3,147.1,209.1
103,37.4034,312.99,226.18,14,8,79,112.5,152.1,180.1
103,37.4034,12.2,225.7,3,4,10,86.6,141.0,137.0
103,37.4034,151.94,225.28,7,4,18,149.9,173.2,207.7
103,37.4034,5.67,226.94,7,5,18,68.4,140.4,120.6
103,37.4034,219.14,227.19,8,4,21,75.7,133.5,128.1
103,37.4034,145.55,228.09,6,3,11,70.7,131.9,105.9
103,37.4034,243.46,228.15,6,3,13,59.9,131.1,99.8
104,37.4368,87.5,86.5,4,2,8,173.0,116.0,250.0
104,37.4368,103.5,86.5,4,2,8,173.8,116.8,250.8
104,37.4368,183.5,86.5,4,2,8,172.0,115.5,246.0
104,37.4368,210.5,86.5,38,2,76,172.1,115.2,249.3
104,37.4368,273.5,86.5,4,2,8,171.2,114.2,254.1
104,37.4368,280.5,86.5,6,2,12,164.0,116.3,252.0
104,37.4368,288.5,86.5,6,2,12,171.8,114.1,250.8
104,37.4368,166.02,124.62,24,9,96,144.4,102.2,146.3
104,37.4368,163.17,132.06,8,8,36,173.7,115.1,252.8
104,37.4368,275.95,138.1,10,8,39,172.4,115.0,252.6
104,37.4368,256.5,140.5,6,2,12,180.2,113.2,251.3
104,37.4368,248.5,151.5,2,8,16,164.9,116.9,252.5
104,37.4368,279.09,155.82,4,4,11,175.3,116.0,248.5
104,37.4368,56.5,157.5,2,4,8,184.4,110.4,254.1
104,37.4368,63.34,161.52,21,9,96,144.0,106.8,153.2
104,37.4368,276.5,164.5,2,6,12,170.7,116.3,245.0
104,37.4368,300.39,163.32,12,4,38,175.9,114.3,249.0
104,37.4368,289.52,166.7,8,6,23,167.7,125.3,248.8
104,37.4368,242.0,171.5,6,8,32,169.2,116.6,246.2
104,37.4368,312.23,168.95,15,3,22,156.1,214.6,249.5
104,37.4368,286.56,171.22,2,5,9,130.0,143.1,243.4
104,37.4368,315.31,177.62,4,4,13,124.3,143.8,240.2
104,37.4368,312.92,185.9,14,8,39,122.4,133.2,240.5
104,37.4368,154.64,184.45,6,2,11,169.0,116.0,247.5
104,37.4368,163.44,191.11,41,11,217,168.7,211.2,245.6
104,37.4368,232.5,196.0,2,5,10,173.0,116.0,245.0
104,37.4368,181.88,199.06,4,6,17,111.2,142.8,239.2
104,37.4368,172.5,202.5,14,2,28,104.7,133.1,222.1
104,37.4368,182.86,204.43,5,2,7,145.6,147.3,230.3
104,37.4368,296.15,207.13,44,4,100,153.4,147.1,209.3
104,37.4368,8.57,225.71,2,4,7,88.4,137.7,145.4
104,37.4368,147.94,225.28,7,4,18,149.9,173.2,207.7
104,37.4368,1.93,226.86,5,5,14,66.9,140.2,118.1
104,37.4368,14.21,226.79,5,5,19,72.9,135.5,123.9
104,37.4368,153.43,227.86,7,4,14,81.3,140.9,141.3
104,37.4368,141.5,228.0,6,3,12,74.2,132.2,107.3
104,37.4368,257.15,228.0,6,3,13,60.6,136.0,107.6
105,37.4701,87.5,86.5,4,2,8,173.0,116.0,250.0
105,37.4701,103.5,86.5,4,2,8,173.8,116.8,250.8
105,37.4701,183.5,86.5,4,2,8,172.0,115.5,246.0
105,37.4701,210.5,86.5,38,2,76,172.1,115.2,249.3
105,37.4701,273.5,86.5,4,2,8,171.2,114.2,254.1
105,37.4701,280.5,86.5,6,2,12,164.0,116.3,252.0
105,37.4701,288.5,86.5,6,2,12,171.8,114.1,250.8
105,37.4701,165.81,120.69,21,10,105,151.5,110.9,154.1
105,37.4701,169.5,126.5,4,2,8,166.4,118.4,254.5
105,37.4701,284.24,149.82,6,10,33,172.2,115.5,247.3
105,37.4701,70.5,151.5,2,4,8,171.2,116.2,246.2
105,37.4701,76.5,151.5,2,4,8,173.8,116.8,245.8
105,37.4701,56.5,153.5,2,4,8,182.0,111.0,255.0
105,37.4701,63.15,157.95,21,8,100,145.2,107.8,152.0
105,37.4701,286.5,157.5,2,4,8,181.5,112.5,251.5
105,37.4701,75.56,160.44,4,4,9,186.7,143.3,236.1
105,37.4701,235.5,163.5,8,4,32,170.5,116.4,248.0
105,37.4701,294.06,163.39,10,4,36,176.2,114.2,249.4
105,37.4701,281.75,168.97,11,10,40,147.2,132.1,245.9
105,37.4701,311.32,168.45,19,4,40,155.4,210.4,247.1
105,37.4701,232.5,171.5,2,4,8,166.0,117.0,247.0
105,37.4701,308.64,177.57,6,4,14,124.1,143.2,238.8
105,37.4701,277.83,178.33,4,2,6,168.3,116.0,246.0
105,37.4701,308.81,186.7,20,9,54,118.8,133.4,239.2
105,37.4701,146.1,184.4,6,2,10,168.0,116.0,248.2
105,37.4701,155.81,191.02,34,11,207,170.2,215.7,245.3
105,37.4701,130.12,194.12,8,8,25,127.8,138.5,240.6
105,37.4701,173.82,198.5,4,8,22,116.8,139.6,237.8
105,37.4701,226.5,196.0,2,5,10,173.0,116.0,245.0
105,37.4701,149.29,202.57,4,2,7,133.4,131.6,216.6
105,37.4701,163.78,202.48,15,2,27,103.5,132.4,221.0
105,37.4701,191.5,204.0,12,1,12,133.8,147.9,230.2
105,37.4701,250.83,208.17,11,3,18,147.3,149.8,200.9
105,37.4701,263.29,211.57,4,4,7,100.6,121.6,135.9
105,37.4701,138.51,226.67,18,6,45,118.4,154.9,172.1
105,37.4701,261.89,226.98,11,6,44,89.4,132.8,161.0
105,37.4701,4.4,227.0,4,5,15,66.6,136.1,115.4
106,37.5035,87.5,86.5,4,2,8,173.0,116.0,250.0
106,37.5035,103.5,86.5,4,2,8,173.8,116.8,250.8
106,37.5035,183.5,86.5,4,2,8,172.0,115.5,246.0
106,37.5035,210.5,86.5,38,2,76,172.1,115.2,249.3
106,37.5035,272.5,86.5,6,2,12,171.4,114.1,250.7
106,37.5035,280.5,86.5,6,2,12,164.0,116.3,252.0
106,37.5035,288.5,86.5,6,2,12,171.8,114.1,250.8
106,37.5035,165.81,120.69,21,10,105,151.5,110.9,154.1
106,37.5035,169.5,126.5,4,2,8,166.4,118.4,254.5
106,37.5035,77.3,150.9,4,6,20,177.4,115.0,248.6
106,37.5035,284.5,150.5,6,6,20,170.5,116.3,245.9
106,37.5035,56.5,151.5,2,4,8,182.9,110.9,255.0
106,37.5035,63.35,155.85,20,9,102,149.9,106.6,148.3
106,37.5035,227.5,163.5,4,4,16,175.0,114.8,251.0
106,37.5035,291.07,163.36,8,4,28,176.2,114.2,249.8
106,37.5035,305.98,167.95,20,5,43,156.8,193.1,248.3
106,37.5035,306.53,186.62,24,8,55,115.7,136.1,236.8
106,37.5035,140.1,184.4,6,2,10,168.1,116.1,248.3
106,37.5035,266.68,192.09,22,16,170,151.2,111.6,162.3
106,37.5035,149.9,191.05,34,11,208,171.5,215.9,245.8
106,37.5035,124.88,192.71,8,4,17,132.0,138.4,241.5
106,37.5035,168.5,194.5,2,6,12,129.8,137.5,238.5
106,37.5035,166.5,199.5,2,4,8,110.4,143.9,240.4
106,37.5035,275.5,198.5,4,2,8,178.2,121.2,249.1
106,37.5035,143.5,202.5,4,2,8,131.4,132.9,218.4
106,37.5035,157.72,202.52,16,2,29,106.4,135.1,224.5
106,37.5035,168.5,204.5,6,2,8,141.9,147.6,232.4
106,37.5035,209.44,206.11,8,2,9,136.4,149.2,213.3
106,37.5035,240.83,208.17,11,3,18,147.3,149.8,200.9
106,37.5035,253.29,211.57,4,4,7,99.6,121.1,136.3
106,37.5035,309.54,223.45,24,5,74,168.3,194.6,214.8
106,37.5035,286.13,226.33,6,5,15,93.7,135.8,155.5
106,37.5035,126.12,227.69,6,4,16,79.0,133.6,120.2
106,37.5035,138.83,228.08,6,4,12,74.2,139.2,132.8
106,37.5035,209.89,227.78,3,4,9,70.9,135.1,121.7
106,37.5035,224.08,228.12,12,4,26,76.7,137.2,108.8
106,37.5035,304.08,227.39,26,4,76,81.8,122.4,155.7
106,37.5035,318.5,228.0,2,3,6,84.3,135.3,152.3
107,37.5369,87.5,86.5,4,2,8,173.0,116.0,250.0
107,37.5369,103.5,86.5,4,2,8,173.8,116.8,250.8
107,37.5369,183.5,86.5,4,2,8,172.0,115.5,246.0
107,37.5369,210.5,86.5,38,2,76,172.1,115.2,249.3
107,37.5369,272.5,86.5,6,2,12,171.4,114.1,250.7
107,37.5369,280.5,86.5,6,2,12,164.0,116.3,252.0
107,37.5369,288.5,86.5,6,2,12,171.8,114.1,250.8
107,37.5369,165.54,119.84,18,10,96,148.9,107.4,147.9
107,37.5369,169.5,126.5,4,2,8,169.1,117.6,247.1
107,37.5369,56.5,147.5,2,4,8,180.8,112.8,254.5
107,37.5369,76.79,148.0,6,4,14,178.3,115.1,249.6
107,37.5369,211.5,146.5,4,2,8,173.0,116.0,245.0
107,37.5369,63.01,152.55,21,9,104,149.4,107.1,150.3
107,37.5369,307.0,167.0,10,3,12,164.1,153.9,250.4
107,37.5369,299.04,168.85,16,3,26,154.8,215.8,247.8
107,37.5369,316.48,177.06,7,6,31,169.2,225.2,251.7
107,37.5369,299.31,177.62,4,4,13,124.3,143.8,240.2
107,37.5369,299.27,186.52,20,8,52,119.6,133.1,238.8
107,37.5369,132.64,184.45,6,2,11,169.0,116.0,247.5
107,37.5369,143.11,190.99,34,11,205,171.1,216.7,245.4
107,37.5369,117.52,191.04,10,7,27,149.3,128.6,243.6
107,37.5369,313.5,188.5,4,2,8,119.8,146.2,244.2
107,37.5369,160.75,195.0,2,6,8,120.4,144.1,234.4
107,37.5369,150.5,202.5,14,2,28,106.3,133.0,222.3
107,37.5369,267.38,202.62,8,3,16,167.1,127.2,248.8
107,37.5369,231.64,206.86,12,2,14,152.2,144.9,208.5
107,37.5369,309.47,224.14,24,9,94,147.5,175.7,194.0
107,37.5369,119.64,227.64,6,4,14,69.9,131.1,112.6
107,37.5369,129.22,228.11,5,3,9,81.1,141.4,133.4
107,37.5369,202.71,228.14,3,3,7,67.4,136.6,117.0
107,37.5369,218.83,227.83,10,3,18,82.1,141.1,114.6
108,37.5702,87.5,86.5,4,2,8,173.0,116.0,250.0
108,37.5702,103.5,86.5,4,2,8,173.8,116.8,250.8
108,37.5702,183.5,86.5,4,2,8,172.0,115.5,246.0
108,37.5702,210.5,86.5,38,2,76,172.1,115.2,249.3
108,37.5702,272.5,86.5,6,2,12,171.4,114.1,250.7
108,37.5702,280.5,86.5,6,2,12,164.0,116.3,252.0
108,37.5702,288.5,86.5,6,2,12,171.8,114.1,250.8
108,37.5702,165.62,117.04,21,10,114,142.3,104.8,139.5
108,37.5702,56.5,145.5,2,4,8,182.1,111.1,253.5
108,37.5702,76.79,146.0,6,4,14,177.7,115.7,249.0
108,37.5702,63.28,150.36,21,9,98,148.9,106.4,147.4
108,37.5702,201.5,146.5,4,2,8,173.0,116.0,245.0
108,37.5702,255.5,149.0,8,1,8,177.9,126.6,248.4
108,37.5702,237.3,168.9,4,6,20,173.0,115.6,245.8
108,37.5702,316.5,166.6,6,2,10,148.1,154.1,236.1
108,37.5702,299.06,168.56,20,4,34,158.4,199.7,252.4
108,37.5702,202.5,173.5,2,4,8,168.9,118.4,248.9
108,37.5702,315.27,176.98,10,7,51,171.5,224.4,250.1
108,37.5702,296.64,177.57,6,4,14,124.1,143.2,238.8
108,37.5702,296.42,186.63,19,9,52,121.0,132.8,239.2
108,37.5702,131.17,184.33,4,2,6,165.8,117.2,249.5
108,37.5702,140.37,190.99,32,11,201,171.5,217.9,245.5
108,37.5702,114.69,191.77,8,8,26,138.0,132.9,242.6
108,37.5702,311.5,188.5,4,2,8,124.0,144.5,244.0
108,37.5702,158.5,194.5,2,6,12,123.8,140.1,239.8
108,37.5702,111.17,197.83,4,4,12,123.6,138.9,239.2
108,37.5702,156.5,199.5,2,4,8,109.9,144.9,240.9
108,37.5702,147.78,202.48,15,2,27,106.1,132.6,221.9
108,37.5702,177.67,204.17,5,2,6,134.3,147.3,227.2
108,37.5702,195.5,206.5,4,2,8,149.5,148.0,209.0
108,37.5702,297.93,225.17,39,10,162,126.5,160.8,178.8
108,37.5702,279.17,224.33,4,2,6,162.8,185.2,203.2
108,37.5702,221.67,226.56,5,4,9,93.8,141.7,122.8
108,37.5702,311.18,227.06,5,5,17,89.1,141.8,118.9
108,37.5702,203.35,227.7,10,3,20,84.8,138.4,137.0
109,37.6036,87.5,86.5,4,2,8,173.0,116.0,250.0
109,37.6036,103.5,86.5,4,2,8,173.8,116.8,250.8
109,37.6036,183.5,86.5,4,2,8,172.0,115.5,246.0
109,37.6036,210.5,86.5,38,2,76,172.1,115.2,249.3
109,37.6036,272.5,86.5,6,2,12,171.4,114.1,250.7
109,37.6036,280.5,86.5,6,2,12,164.0,116.3,252.0
109,37.6036,288.5,86.5,6,2,12,171.8,114.1,250.8
109,37.6036,168.02,119.74,25,18,246,149.4,128.7,199.7
109,37.6036,63.23,147.35,21,8,94,149.2,106.9,145.1
109,37.6036,195.5,146.5,4,2,8,173.0,116.0,245.0
109,37.6036,58.61,155.43,8,6,28,173.8,115.0,247.9
109,37.6036,318.0,166.5,4,4,8,153.1,169.8,241.9
109,37.6036,230.5,168.5,2,6,12,173.0,115.3,246.3
109,37.6036,296.36,168.16,23,5,45,157.1,194.0,252.4
109,37.6036,313.17,166.67,4,2,6,151.2,152.5,237.8
109,37.6036,196.5,173.5,2,4,8,168.9,118.4,248.9
109,37.6036,313.93,177.39,13,8,76,174.1,225.4,250.7
109,37.6036,293.5,177.0,4,3,8,122.9,142.4,236.9
109,37.6036,135.31,190.93,31,11,208,170.2,215.4,244.7
109,37.6036,116.1,187.8,4,4,10,172.0,115.4,245.6
109,37.6036,222.5,187.5,2,4,8,172.5,112.5,252.0
109,37.6036,317.5,186.5,4,2,8,117.1,145.1,235.6
109,37.6036,308.9,188.6,6,2,10,124.6,143.2,242.2
109,37.6036,111.07,192.43,8,2,14,124.2,141.1,242.4
109,37.6036,106.5,197.0,3,6,10,127.4,135.6,235.8
109,37.6036,152.07,199.0,4,6,15,114.8,141.5,238.6
109,37.6036,142.26,202.48,14,2,27,106.1,132.8,222.4
109,37.6036,152.5,204.5,6,2,8,145.6,148.4,230.1
109,37.6036,177.5,204.0,6,1,6,132.8,146.8,226.7
109,37.6036,314.6,207.67,12,4,30,152.6,148.3,208.1
109,37.6036,120.91,228.18,6,3,11,79.2,142.8,129.2
109,37.6036,128.25,228.12,4,3,8,74.6,135.0,131.1
110,37.637,87.5,86.5,4,2,8,173.0,116.0,250.0
110,37.637,103.5,86.5,4,2,8,173.8,116.8,250.8
110,37.637,183.5,86.5,4,2,8,172.0,115.5,246.0
110,37.637,210.5,86.5,38,2,76,172.1,115.2,249.3
110,37.637,272.5,86.5,6,2,12,171.4,114.1,250.7
110,37.637,280.5,86.5,6,2,12,164.0,116.3,252.0
110,37.637,288.5,86.5,6,2,12,171.8,114.1,250.8
110,37.637,168.05,121.01,24,20,189,180.9,130.3,195.0
110,37.637,177.88,121.24,8,13,34,127.0,62.5,184.9
110,37.637,76.5,140.5,6,6,20,176.8,115.5,248.0
110,37.637,63.04,145.04,21,10,97,153.1,106.1,146.0
110,37.637,195.5,146.5,4,2,8,173.0,116.0,245.0
110,37.637,273.54,164.29,26,38,218,125.6,39.5,159.4
110,37.637,58.55,153.31,8,6,29,173.7,115.0,247.8
110,37.637,252.12,177.22,28,39,225,130.5,36.8,165.8
110,37.637,316.07,166.93,10,5,28,164.1,189.7,248.8
110,37.637,230.5,168.5,2,6,12,173.0,115.3,246.3
110,37.637,290.78,167.6,19,5,50,162.4,182.5,249.0
110,37.637,196.5,173.5,2,4,8,168.9,118.4,248.9
110,37.637,312.02,177.1,16,7,83,175.0,225.1,249.4
110,37.637,285.17,181.17,4,4,12,105.4,137.4,230.4
110,37.637,122.1,184.4,6,2,10,168.1,116.1,248.3
110,37.637,129.51,191.15,42,12,226,167.2,208.7,245.4
110,37.637,222.5,187.5,2,4,8,172.5,112.5,252.0
110,37.637,297.27,187.91,16,4,33,115.6,135.4,234.6
110,37.637,313.87,186.73,11,2,15,123.7,141.7,236.2
110,37.637,150.6,192.5,2,6,10,129.1,136.9,235.3
110,37.637,148.5,199.5,2,4,8,115.8,141.2,239.8
110,37.637,139.03,202.47,16,2,30,107.1,133.0,222.0
110,37.637,150.33,204.44,6,2,9,140.6,147.3,231.7
110,37.637,170.44,204.89,8,2,9,142.8,147.0,226.6
110,37.637,188.1,206.2,8,2,10,144.6,149.0,210.8
110,37.637,209.25,207.88,4,3,8,144.5,147.6,215.1
110,37.637,217.0,207.0,7,1,7,154.0,146.1,211.9
110,37.637,201.0,225.3,3,6,10,111.7,117.5,194.5
110,37.637,317.56,226.44,4,6,16,94.0,144.9,124.4
110,37.637,108.33,227.75,5,4,12,72.5,131.8,114.2
110,37.637,206.06,227.94,9,4,16,57.2,133.0,105.9
110,37.637,306.75,227.62,3,4,8,75.4,142.9,87.9
110,37.637,117.5,227.9,6,3,10,82.6,143.3,133.0
110,37.637,300.47,227.94,8,3,17,74.7,135.3,121.5
111,37.6703,87.5,86.5,4,2,8,173.0,116.0,250.0
111,37.6703,103.5,86.5,4,2,8,173.8,116.8,250.8
111,37.6703,183.5,86.5,4,2,8,172.0,115.5,246.0
111,37.6703,210.5,86.5,38,2,76,172.1,115.2,249.3
111,37.6703,273.5,86.5,4,2,8,171.2,114.2,254.1
111,37.6703,280.5,86.5,6,2,12,164.0,116.3,252.0
111,37.6703,288.5,86.5,6,2,12,171.8,114.1,250.8
111,37.6703,175.33,128.49,8,22,119,229.2,188.1,245.0
111,37.6703,181.25,124.35,8,16,40,147.3,76.0,205.0
111,37.6703,155.5,120.5,4,2,8,173.2,116.2,253.5
111,37.6703,164.14,124.93,19,16,121,137.0,88.1,129.6
111,37.6703,162.5,132.5,6,2,12,174.8,114.2,248.5
111,37.6703,168.44,134.67,2,6,9,186.6,119.1,247.2
111,37.6703,76.59,136.12,6,5,17,178.2,115.1,249.6
111,37.6703,63.27,140.86,21,9,100,147.5,106.7,144.7
111,37.6703,163.5,139.5,4,4,16,179.0,114.0,245.0
111,37.6703,244.67,146.17,2,5,6,194.3,126.0,251.2
111,37.6703,59.1,148.9,8,6,40,173.8,115.3,247.2
111,37.6703,195.5,146.5,4,2,8,173.0,116.0,245.0
111,37.6703,313.57,166.97,14,5,40,164.6,194.3,249.7
111,37.6703,230.5,168.5,2,6,12,173.0,115.3,246.3
111,37.6703,295.08,167.08,10,3,13,165.6,157.5,251.2
111,37.6703,196.5,173.5,2,4,8,168.9,118.4,248.9
111,37.6703,309.54,177.37,20,7,100,174.0,224.4,248.9
111,37.6703,116.1,184.4,6,2,10,168.1,116.1,248.3
111,37.6703,123.31,191.11,42,12,231,166.4,207.5,245.1
111,37.6703,313.76,186.34,14,3,29,113.1,139.8,233.4
111,37.6703,222.5,187.5,2,4,8,172.5,112.5,252.0
111,37.6703,289.58,187.54,12,4,26,113.8,129.8,229.8
111,37.6703,300.9,188.6,6,2,10,122.0,144.6,242.8
111,37.6703,144.55,194.36,2,6,11,126.5,137.8,237.7
111,37.6703,142.5,199.5,2,4,8,111.9,142.9,239.9
111,37.6703,132.76,202.48,15,2,29,106.8,132.5,221.8
111,37.6703,163.77,204.85,11,2,13,142.2,146.5,225.7
111,37.6703,187.71,206.43,8,2,14,147.3,148.6,209.6
111,37.6703,265.24,206.53,9,2,17,156.0,145.2,212.4
111,37.6703,199.36,226.72,9,8,25,82.8,129.2,129.7
111,37.6703,185.6,227.4,3,5,10,75.0,138.2,124.2
111,37.6703,306.86,228.0,3,4,7,61.1,135.9,120.9
111,37.6703,111.5,228.4,6,3,10,73.6,139.4,111.5
111,37.6703,118.7,228.5,6,3,10,70.4,137.3,126.1
112,37.7037,87.5,86.5,4,2,8,173.0,116.0,250.0
112,37.7037,103.5,86.5,4,2,8,173.8,116.8,250.8
112,37.7037,183.5,86.5,4,2,8,172.0,115.5,246.0
112,37.7037,210.5,86.5,38,2,76,172.1,115.2,249.3
112,37.7037,273.5,86.5,4,2,8,171.2,114.2,254.1
112,37.7037,280.5,86.5,6,2,12,164.0,116.3,252.0
112,37.7037,288.5,86.5,6,2,12,171.8,114.1,250.8
112,37.7037,170.59,127.86,29,23,258,186.3,139.4,190.1
112,37.7037,155.71,120.57,4,2,7,173.9,116.3,247.0
112,37.7037,182.12,127.57,6,17,42,143.3,72.0,198.7
112,37.7037,77.3,134.9,4,6,20,177.1,115.2,248.8
112,37.7037,164.11,134.44,6,2,9,177.8,115.3,246.2
112,37.7037,168.83,136.17,4,5,12,186.0,117.6,246.8
112,37.7037,63.27,139.66,21,9,99,152.5,107.0,150.2
112,37.7037,163.83,141.17,4,4,12,179.1,114.1,245.1
112,37.7037,244.33,144.17,2,4,6,195.2,125.7,249.5
112,37.7037,59.17,148.06,8,8,36,173.4,115.0,246.8
112,37.7037,195.5,146.5,4,2,8,173.0,116.0,245.0
112,37.7037,312.12,166.85,18,6,52,161.6,190.7,248.8
112,37.7037,230.5,168.5,2,6,12,173.0,115.3,246.3
112,37.7037,293.45,167.0,9,3,11,166.7,153.8,251.2
112,37.7037,196.5,173.5,2,4,8,168.9,118.4,248.9
112,37.7037,308.49,177.3,20,7,104,174.3,224.4,249.8
112,37.7037,115.5,184.5,4,2,8,167.5,116.0,248.5
112,37.7037,123.27,191.03,41,11,219,168.6,210.3,245.9
112,37.7037,313.16,186.35,15,3,31,113.2,140.2,232.9
112,37.7037,222.5,187.5,2,4,8,172.5,112.5,252.0
112,37.7037,289.52,187.64,12,4,25,113.7,133.0,231.5
112,37.7037,299.5,188.5,4,2,8,119.8,146.2,244.2
112,37.7037,142.1,198.1,4,9,20,115.3,141.8,238.2
112,37.7037,96.5,197.0,3,6,10,127.7,135.9,235.5
112,37.7037,132.04,202.46,14,2,26,103.8,132.1,221.8
112,37.7037,163.36,204.86,12,2,14,142.2,146.4,225.8
112,37.7037,242.43,208.07,23,4,46,149.7,148.8,207.3
112,37.7037,309.91,223.46,26,11,142,146.9,174.7,201.2
112,37.7037,277.95,225.93,35,8,131,110.8,147.7,172.9
112,37.7037,184.62,227.88,3,4,8,72.2,137.5,120.9
112,37.7037,295.27,227.93,6,4,15,80.1,138.9,130.0
112,37.7037,110.64,228.27,6,3,11,77.7,139.5,117.8
112,37.7037,118.0,228.44,5,3,9,71.2,136.8,126.9
113,37.7371,87.5,86.5,4,2,8,173.0,116.0,250.0
113,37.7371,103.5,86.5,4,2,8,173.8,116.8,250.8
113,37.7371,183.5,86.5,4,2,8,172.0,115.5,246.0
113,37.7371,210.5,86.5,38,2,76,172.1,115.2,249.3
113,37.7371,273.5,86.5,4,2,8,171.2,114.2,254.1
113,37.7371,280.5,86.5,6,2,12,164.0,116.3,252.0
113,37.7371,288.5,86.5,6,2,12,171.8,114.1,250.8
113,37.7371,156.9,121.3,6,4,20,172.9,114.9,252.8
113,37.7371,173.87,130.45,27,25,269,192.4,150.4,195.4
113,37.7371,184.36,126.0,4,5,11,133.7,71.1,192.8
113,37.7371,262.77,131.18,16,10,78,168.9,115.1,244.1
113,37.7371,186.24,134.71,3,12,21,126.5,51.1,168.0
113,37.7371,77.3,132.9,4,6,20,177.1,115.5,248.4
113,37.7371,63.4,137.57,21,9,95,151.5,106.7,148.1
113,37.7371,169.78,134.56,5,2,9,172.2,115.9,246.0
113,37.7371,175.48,138.95,5,10,21,131.6,50.2,173.1
113,37.7371,166.5,138.5,6,2,12,177.3,114.7,247.3
113,37.7371,172.43,140.14,2,5,7,187.3,119.7,248.1
113,37.7371,167.5,145.5,4,4,16,179.1,114.1,245.1
113,37.7371,195.5,146.5,4,2,8,173.0,116.0,245.0
113,37.7371,311.72,167.03,20,5,58,158.5,188.2,249.4
113,37.7371,230.5,168.5,2,6,12,173.0,115.3,246.3
113,37.7371,196.5,173.5,2,4,8,168.9,118.4,248.9
113,37.7371,305.83,177.22,22,7,103,172.5,224.6,249.3
113,37.7371,112.1,184.4,6,2,10,168.1,116.1,248.3
113,37.7371,119.71,191.03,42,11,224,167.7,208.8,245.4
113,37.7371,222.5,187.5,2,4,8,172.5,112.5,252.0
113,37.7371,287.18,187.86,11,4,22,112.9,131.4,223.1
113,37.7371,310.9,186.6,18,2,30,119.1,139.6,236.7
113,37.7371,297.5,188.5,4,2,8,123.5,145.0,244.0
113,37.7371,140.55,194.36,2,6,11,126.5,137.8,237.7
113,37.7371,138.5,199.5,2,4,8,111.9,142.9,239.9
113,37.7371,128.76,202.48,15,2,29,106.5,132.6,222.0
113,37.7371,139.83,204.33,5,2,6,142.0,148.5,229.0
113,37.7371,161.0,205.0,9,1,9,143.7,147.1,226.9
113,37.7371,186.0,206.5,5,2,10,148.3,149.3,211.1
113,37.7371,181.83,208.67,4,2,6,152.0,153.7,204.0
113,37.7371,259.02,208.48,28,2,54,147.6,147.6,204.3
113,37.7371,98.71,227.35,6,5,17,61.9,130.8,111.7
113,37.7371,181.62,227.88,3,4,8,72.0,137.4,120.6
113,37.7371,107.25,228.08,6,3,12,83.9,142.3,125.7
113,37.7371,189.5,228.0,6,3,12,99.0,144.2,155.7
113,37.7371,213.14,228.0,5,3,14,68.1,131.4,105.9
113,37.7371,303.17,228.17,3,3,6,75.2,133.7,116.5
114,37.7704,87.5,86.5,4,2,8,173.0,116.0,250.0
114,37.7704,103.5,86.5,4,2,8,173.8,116.8,250.8
114,37.7704,183.5,86.5,4,2,8,172.0,115.5,246.0
114,37.7704,210.5,86.5,38,2,76,172.1,115.2,249.3
114,37.7704,273.5,86.5,4,2,8,171.2,114.2,254.1
114,37.7704,280.5,86.5,6,2,12,164.0,116.3,252.0
114,37.7704,288.5,86.5,6,2,12,171.8,114.1,250.8
114,37.7704,181.5,120.5,4,2,8,173.0,115.5,247.0
114,37.7704,176.61,134.43,35,28,437,189.6,128.0,187.0
114,37.7704,63.31,135.25,21,10,96,151.2,107.4,146.3
114,37.7704,76.9,131.3,6,4,20,176.5,115.3,248.2
114,37.7704,259.0,136.5,3,2,6,155.3,62.3,179.3
114,37.7704,56.43,141.71,2,4,7,173.0,115.6,245.9
114,37.7704,165.17,147.17,4,4,12,179.2,114.2,245.2
114,37.7704,195.5,146.5,4,2,8,173.0,116.0,245.0
114,37.7704,308.77,167.31,18,5,48,160.1,196.6,250.6
114,37.7704,230.5,168.5,2,6,12,173.0,115.3,246.3
114,37.7704,196.5,173.5,2,4,8,168.9,118.4,248.9
114,37.7704,304.26,177.05,26,7,102,170.7,223.9,248.2
114,37.7704,109.5,184.33,8,2,12,168.3,116.5,246.8
114,37.7704,115.62,191.31,43,15,229,165.1,206.1,245.4
114,37.7704,222.5,187.5,2,4,8,174.1,114.1,253.4
114,37.7704,309.55,186.64,21,2,33,122.8,139.4,237.2
114,37.7704,291.64,188.43,8,2,14,120.1,142.3,237.4
114,37.7704,136.05,198.1,4,9,20,118.2,140.8,237.4
114,37.7704,126.04,202.46,14,2,26,105.9,132.8,221.7
114,37.7704,158.17,204.83,10,2,12,142.1,146.4,225.4
114,37.7704,185.4,206.35,14,2,20,143.6,147.5,213.7
114,37.7704,303.73,207.26,38,4,77,151.9,147.4,209.4
114,37.7704,275.24,208.52,13,2,25,150.4,149.7,201.4
114,37.7704,95.21,227.11,7,5,19,77.2,136.9,131.3
114,37.7704,292.29,226.43,4,3,7,103.1,144.7,106.7
114,37.7704,298.71,225.86,3,3,7,118.1,162.3,167.4
114,37.7704,178.75,227.88,3,4,8,72.2,139.0,121.9
114,37.7704,104.08,228.15,7,3,13,84.1,143.3,126.5
115,37.8038,87.5,86.5,4,2,8,173.0,116.0,250.0
115,37.8038,103.5,86.5,4,2,8,173.8,116.8,250.8
115,37.8038,183.5,86.5,4,2,8,172.0,115.5,246.0
115,37.8038,210.5,86.5,38,2,76,172.1,115.2,249.3
115,37.8038,273.5,86.5,4,2,8,171.2,114.2,254.1
115,37.8038,280.5,86.5,6,2,12,164.0,116.3,252.0
115,37.8038,289.07,86.43,8,2,14,171.8,114.4,249.9
115,37.8038,76.5,128.5,2,6,12,175.2,115.6,246.9
115,37.8038,63.45,133.01,21,11,98,151.8,107.7,148.6
115,37.8038,185.27,139.62,21,27,319,203.5,135.8,208.6
115,37.8038,166.45,137.44,18,12,125,153.1,114.5,141.5
115,37.8038,58.61,141.43,8,6,28,173.7,115.5,246.1
115,37.8038,169.12,147.28,10,6,40,173.0,115.2,248.0
115,37.8038,263.95,162.5,10,6,44,175.3,114.5,248.0
115,37.8038,306.44,167.41,18,5,41,160.6,194.6,249.4
115,37.8038,230.5,168.5,2,6,12,173.0,115.3,246.3
115,37.8038,281.38,167.98,22,5,52,157.1,193.3,249.7
115,37.8038,196.5,173.5,2,4,8,168.9,118.4,248.9
115,37.8038,254.27,174.55,6,2,11,142.8,135.3,249.8
115,37.8038,302.85,177.17,28,7,108,170.4,223.0,248.0
115,37.8038,275.22,179.33,4,4,9,130.9,146.8,242.4
115,37.8038,271.64,184.0,6,4,14,117.6,140.4,243.1
115,37.8038,105.5,184.5,4,2,8,169.6,115.1,247.6
115,37.8038,113.29,191.12,42,11,228,167.6,208.4,245.6
115,37.8038,222.5,187.5,2,4,8,172.5,112.5,252.0
115,37.8038,281.58,187.62,12,4,26,111.7,130.7,231.0
115,37.8038,306.21,186.59,17,2,29,119.9,139.6,236.5
115,37.8038,317.83,186.67,4,2,6,132.3,139.7,242.7
115,37.8038,292.9,188.6,6,2,10,124.0,143.8,242.8
115,37.8038,134.57,193.5,2,8,14,127.6,137.8,236.1
115,37.8038,132.5,199.5,2,4,8,111.9,142.9,239.9
115,37.8038,122.76,202.48,15,2,29,106.8,132.5,221.8
115,37.8038,155.3,204.8,8,2,10,141.8,146.4,225.4
115,37.8038,183.96,206.44,16,2,25,144.8,147.3,214.8
115,37.8038,304.46,223.46,37,11,183,144.4,173.4,196.2
115,37.8038,278.64,223.39,9,4,28,155.8,192.2,202.2
115,37.8038,92.1,227.55,6,5,20,72.3,139.4,122.5
115,37.8038,175.67,227.67,3,4,9,71.7,139.1,123.6
115,37.8038,292.71,227.0,4,4,7,89.0,139.6,121.7
115,37.8038,207.0,228.12,7,3,17,75.9,134.6,108.6
115,37.8038,275.64,228.29,6,3,14,57.7,114.8,60.2
116,37.8372,87.5,86.5,4,2,8,173.0,116.0,250.0
116,37.8372,103.5,86.5,4,2,8,173.8,116.8,250.8
116,37.8372,183.5,86.5,4,2,8,172.0,115.5,246.0
116,37.8372,210.5,86.5,38,2,76,172.1,115.2,249.3
116,37.8372,273.5,86.5,4,2,8,171.2,114.2,254.1
116,37.8372,280.5,86.5,6,2,12,164.0,116.3,252.0
116,37.8372,289.07,86.43,8,2,14,171.8,114.4,249.9
116,37.8372,76.5,127.5,2,4,8,175.4,115.4,245.4
116,37.8372,62.13,132.11,18,8,84,158.3,108.8,148.9
116,37.8372,70.36,131.45,4,6,11,107.3,96.9,149.5
116,37.8372,186.91,141.86,21,25,307,195.3,117.3,199.7
116,37.8372,57.87,139.26,6,6,23,174.4,115.7,247.4
116,37.8372,166.04,142.09,20,12,137,151.8,112.7,140.3
116,37.8372,169.5,150.5,4,2,8,161.0,119.5,247.0
116,37.8372,263.27,162.35,12,6,52,175.2,114.8,247.2
116,37.8372,280.61,167.89,21,6,57,156.6,191.6,249.6
116,37.8372,306.37,167.58,13,5,38,161.1,201.9,251.8
116,37.8372,230.5,168.5,2,6,12,173.0,115.3,246.3
116,37.8372,196.5,173.5,2,4,8,168.9,118.4,248.9
116,37.8372,252.07,174.13,6,4,15,144.2,133.3,247.2
116,37.8372,300.57,177.27,22,7,102,172.5,224.4,249.6
116,37.8372,317.07,175.93,6,4,15,152.7,207.7,242.2
116,37.8372,274.17,178.33,3,3,6,140.8,143.8,242.7
116,37.8372,276.7,186.14,19,8,43,115.0,134.0,235.3
116,37.8372,104.1,184.4,6,2,10,168.1,116.1,248.3
116,37.8372,111.52,191.1,42,12,234,166.6,207.0,245.3
116,37.8372,222.5,187.5,2,4,8,172.5,112.5,252.0
116,37.8372,305.71,186.58,18,2,31,120.0,139.6,236.6
116,37.8372,317.83,186.67,4,2,6,132.3,139.7,242.7
116,37.8372,291.5,188.5,4,2,8,119.8,146.2,244.2
116,37.8372,124.36,201.61,16,7,36,107.7,135.4,226.4
116,37.8372,132.43,204.43,6,2,7,138.0,148.3,231.9
116,37.8372,152.45,204.91,10,2,11,143.3,146.9,226.7
116,37.8372,183.96,206.44,16,2,25,144.8,147.3,214.8
116,37.8372,306.36,226.96,17,5,47,79.1,129.9,143.1
116,37.8372,173.09,227.45,5,4,11,67.8,138.6,125.5
116,37.8372,244.87,226.93,7,4,15,82.7,140.3,160.9
116,37.8372,103.0,228.0,3,3,7,89.3,136.6,140.6
117,37.8705,87.5,86.5,4,2,8,173.0,116.0,250.0
117,37.8705,103.5,86.5,4,2,8,173.8,116.8,250.8
117,37.8705,183.5,86.5,4,2,8,172.0,115.5,246.0
117,37.8705,210.5,86.5,38,2,76,172.1,115.2,249.3
117,37.8705,273.5,86.5,4,2,8,171.2,114.2,254.1
117,37.8705,280.5,86.5,6,2,12,164.0,116.3,252.0
117,37.8705,288.5,86.5,6,2,12,171.8,114.1,250.8
117,37.8705,65.95,121.59,12,4,44,167.2,116.8,249.3
117,37.8705,63.08,129.09,21,7,95,143.4,105.3,145.7
117,37.8705,59.1,136.9,8,6,40,173.8,115.3,247.2
117,37.8705,165.28,155.56,24,10,149,153.1,114.1,149.6
117,37.8705,154.42,157.42,6,4,12,164.5,112.4,192.8
117,37.8705,178.0,158.17,3,3,6,192.7,160.5,245.5
117,37.8705,260.33,162.33,10,6,48,175.0,114.6,247.9
117,37.8705,170.1,165.64,12,4,42,172.8,115.0,249.1
117,37.8705,302.65,167.4,18,5,43,160.5,195.4,249.0
117,37.8705,277.47,168.32,22,5,47,156.2,199.4,249.8
117,37.8705,250.0,174.5,5,2,10,144.2,134.2,249.7
117,37.8705,300.93,176.98,32,7,122,169.3,222.1,247.8
117,37.8705,271.44,179.44,4,4,9,132.3,144.7,240.9
117,37.8705,267.64,184.0,6,4,14,118.9,139.4,243.4
117,37.8705,100.1,184.4,6,2,10,168.1,116.1,248.3
117,37.8705,107.64,191.11,42,12,228,166.2,208.7,245.1
117,37.8705,277.58,187.54,12,4,26,113.8,129.6,230.4
117,37.8705,302.21,186.59,17,2,29,119.8,139.2,236.4
117,37.8705,313.83,186.67,4,2,6,128.0,142.0,243.3
117,37.8705,288.9,188.6,6,2,10,122.0,144.6,242.8
117,37.8705,128.57,193.5,2,8,14,123.8,140.1,236.9
117,37.8705,126.5,199.5,2,4,8,111.9,142.9,239.9
117,37.8705,116.76,202.48,15,2,29,106.8,132.5,221.8
117,37.8705,147.77,204.85,11,2,13,142.2,146.5,225.7
117,37.8705,173.11,206.83,9,4,18,150.7,149.3,207.4
117,37.8705,193.3,208.2,5,3,10,142.8,148.1,215.6
117,37.8705,266.6,223.0,38,16,326,123.9,124.9,135.0
117,37.8705,301.18,222.94,37,12,191,150.9,176.1,199.9
117,37.8705,316.23,226.65,8,6,26,77.1,135.0,125.5
117,37.8705,169.09,227.45,5,4,11,67.8,138.6,125.5
117,37.8705,98.75,228.12,4,3,8,88.1,136.8,138.4
117,37.8705,306.75,227.75,4,3,8,43.4,131.2,53.0
118,37.9039,87.5,86.5,4,2,8,173.0,116.0,250.0
118,37.9039,103.5,86.5,4,2,8,173.8,116.8,250.8
118,37.9039,183.5,86.5,4,2,8,172.0,115.5,246.0
118,37.9039,210.5,86.5,38,2,76,172.1,115.2,249.3
118,37.9039,273.5,86.5,4,2,8,171.2,114.2,254.1
118,37.9039,280.5,86.5,6,2,12,164.0,116.3,252.0
118,37.9039,288.5,86.5,6,2,12,171.8,114.1,250.8
118,37.9039,66.38,120.24,12,6,34,169.4,116.9,248.1
118,37.9039,63.23,127.92,21,8,99,148.1,104.9,150.5
118,37.9039,59.17,136.06,8,8,36,173.4,115.0,246.8
118,37.9039,189.5,136.5,4,2,8,164.4,117.4,255.0
118,37.9039,203.91,152.98,8,16,55,174.2,117.5,248.1
118,37.9039,259.19,162.4,12,6,53,176.1,114.4,247.9
118,37.9039,154.08,162.92,5,5,12,163.7,110.6,202.0
118,37.9039,300.32,167.32,20,5,47,160.7,193.9,250.0
118,37.9039,276.5,167.92,21,5,52,155.8,190.4,249.0
118,37.9039,170.37,171.1,12,6,52,172.5,115.4,247.8
118,37.9039,248.0,174.0,6,4,16,142.8,136.5,247.9
118,37.9039,300.24,176.95,33,8,134,167.8,221.1,249.2
118,37.9039,266.82,183.65,8,4,17,117.6,140.9,243.4
118,37.9039,98.64,184.45,6,2,11,169.1,116.1,247.6
118,37.9039,107.23,190.97,42,10,217,167.6,209.2,245.6
118,37.9039,278.04,187.68,13,4,28,113.5,133.3,233.5
118,37.9039,302.0,186.57,17,2,30,120.2,139.9,237.7
118,37.9039,313.83,186.67,4,2,6,132.3,139.7,243.3
118,37.9039,287.5,188.5,4,2,8,121.9,145.9,244.4
118,37.9039,126.0,198.45,4,8,20,115.7,141.7,240.1
118,37.9039,80.33,197.17,2,4,6,131.0,138.3,238.7
118,37.9039,116.04,202.46,14,2,26,104.5,132.8,222.5
118,37.9039,147.36,204.86,12,2,14,142.2,146.4,225.8
118,37.9039,187.9,208.2,5,3,10,142.6,148.2,215.3
118,37.9039,265.95,222.1,39,18,352,125.7,129.5,140.6
118,37.9039,301.53,223.07,36,12,199,150.6,175.8,200.9
118,37.9039,315.5,226.31,9,6,32,81.9,136.5,129.3
118,37.9039,168.09,227.45,5,4,11,67.6,137.7,124.7
118,37.9039,290.0,228.5,3,2,6,72.5,125.8,102.5
119,37.9373,87.5,86.5,4,2,8,173.0,116.0,250.0
119,37.9373,103.5,86.5,4,2,8,173.8,116.8,250.8
119,37.9373,183.5,86.5,4,2,8,172.0,115.5,246.0
119,37.9373,210.5,86.5,38,2,76,172.1,115.2,249.3
119,37.9373,273.5,86.5,4,2,8,171.2,114.2,254.1
119,37.9373,280.5,86.5,6,2,12,164.0,116.3,252.0
119,37.9373,288.5,86.5,6,2,12,171.8,114.1,250.8
119,37.9373,66.42,117.92,12,6,36,168.5,117.3,248.4
119,37.9373,63.21,125.62,21,8,95,147.8,105.0,149.2
119,37.9373,58.61,133.43,8,6,28,173.9,115.1,247.3
119,37.9373,201.5,136.5,4,2,8,186.0,111.5,247.0
119,37.9373,171.5,146.5,4,2,8,173.9,112.9,249.4
119,37.9373,257.88,162.35,12,6,52,175.6,114.5,247.8
119,37.9373,161.3,162.9,8,4,20,177.4,114.2,251.2
119,37.9373,300.07,167.42,17,5,43,161.1,202.2,251.2
119,37.9373,275.85,168.08,23,5,53,155.9,194.5,248.8
119,37.9373,154.42,171.42,6,4,12,164.5,112.4,192.8
119,37.9373,246.38,174.0,7,4,16,146.4,133.2,246.7
119,37.9373,295.66,177.46,23,8,107,172.0,224.9,249.9
119,37.9373,314.15,175.15,10,4,13,154.5,217.7,252.7
119,37.9373,269.44,179.44,4,4,9,137.4,143.3,240.6
119,37.9373,266.0,183.67,6,4,12,116.8,141.5,244.2
119,37.9373,98.5,184.25,6,2,8,167.6,116.9,248.4
119,37.9373,104.21,191.43,44,15,242,163.9,204.7,244.7
119,37.9373,279.32,187.83,20,4,41,118.2,134.9,234.6
119,37.9373,303.14,186.57,21,2,35,120.5,140.1,238.1
119,37.9373,126.53,193.67,2,8,15,125.2,140.2,239.7
119,37.9373,124.5,199.5,2,4,8,111.9,142.9,239.9
119,37.9373,114.76,202.48,15,2,29,106.8,132.5,221.8
119,37.9373,146.93,204.87,13,2,15,142.5,146.6,226.2
119,37.9373,184.0,207.0,11,1,11,154.5,145.8,215.4
119,37.9373,303.76,222.84,36,12,184,145.6,174.4,198.8
119,37.9373,229.96,225.3,28,9,141,126.8,165.0,189.0
119,37.9373,277.32,227.48,10,5,25,82.8,138.8,137.1
119,37.9373,167.09,227.45,5,4,11,64.4,134.8,122.4
119,37.9373,96.75,228.12,4,3,8,88.1,136.8,138.4
120,37.9706,87.5,86.5,4,2,8,173.0,116.0,250.0
120,37.9706,103.5,86.5,4,2,8,173.8,116.8,250.8
120,37.9706,183.5,86.5,4,2,8,172.0,115.5,246.0
120,37.9706,210.5,86.5,38,2,76,172.1,115.2,249.3
120,37.9706,273.5,86.5,4,2,8,171.2,114.2,254.1
120,37.9706,280.5,86.5,6,2,12,164.0,116.3,252.0
120,37.9706,288.5,86.5,6,2,12,171.8,114.1,250.8
120,37.9706,66.14,113.92,10,8,37,175.8,115.6,247.8
120,37.9706,63.92,121.86,17,11,87,140.8,108.9,146.8
120,37.9706,70.5,127.5,2,4,8,180.8,112.8,247.8
120,37.9706,157.5,146.5,4,2,8,174.2,113.2,248.8
120,37.9706,214.5,149.5,2,4,8,173.0,115.0,250.0
120,37.9706,219.9,154.1,8,6,40,169.1,117.0,246.8
120,37.9706,148.5,161.93,6,6,28,171.8,116.7,248.7
120,37.9706,257.88,162.35,12,6,52,175.6,114.5,247.8
120,37.9706,300.07,167.42,17,5,43,161.1,202.2,251.2
120,37.9706,275.85,168.08,23,5,53,155.9,194.5,248.8
120,37.9706,246.38,174.0,7,4,16,146.4,133.2,246.7
120,37.9706,185.5,174.5,4,2,8,168.0,115.0,255.0
120,37.9706,295.57,177.45,23,8,108,171.9,224.8,249.9
120,37.9706,314.15,175.15,10,4,13,154.5,217.7,252.7
120,37.9706,269.44,179.44,4,4,9,137.4,143.3,240.6
120,37.9706,266.0,183.67,6,4,12,116.8,141.5,244.2
120,37.9706,96.9,184.4,6,2,10,169.0,115.8,247.8
120,37.9706,104.94,191.01,42,11,224,165.9,208.4,245.5
120,37.9706,279.32,187.83,20,4,41,118.2,134.9,234.6
120,37.9706,303.14,186.57,21,2,35,120.5,140.1,238.1
120,37.9706,124.05,198.37,4,8,19,115.9,140.9,239.8
120,37.9706,78.78,197.67,3,4,9,124.8,140.3,237.1
120,37.9706,114.04,202.46,14,2,26,103.8,132.1,221.8
120,37.9706,142.5,204.5,6,2,8,135.4,148.1,224.9
120,37.9706,263.9,220.58,37,20,356,123.4,123.7,133.6
120,37.9706,313.05,220.66,13,7,44,175.9,196.2,227.3
120,37.9706,297.65,223.74,27,11,144,136.7,167.3,184.0
120,37.9706,318.14,225.29,3,4,7,93.3,135.6,138.4
120,37.9706,167.25,227.06,7,5,16,70.2,134.6,126.2
120,37.9706,277.13,227.73,5,5,15,84.5,138.4,133.7
120,37.9706,236.04,227.3,12,4,27,73.6,134.9,150.8
120,37.9706,288.0,228.5,3,2,6,68.0,124.7,119.7
121,38.004,87.5,86.5,4,2,8,173.0,116.0,250.0
121,38.004,103.5,86.5,4,2,8,173.8,116.8,250.8
121,38.004,183.5,86.5,4,2,8,172.0,115.5,246.0
121,38.004,210.5,86.5,38,2,76,172.1,115.2,249.3
121,38.004,273.5,86.5,4,2,8,171.2,114.2,254.1
121,38.004,280.5,86.5,6,2,12,164.0,116.3,252.0
121,38.004,288.5,86.5,6,2,12,171.8,114.1,250.8
121,38.004,66.38,113.59,10,5,32,175.0,114.3,246.8
121,38.004,63.77,120.8,18,10,90,139.4,109.0,144.4
121,38.004,151.5,146.5,4,2,8,173.6,112.6,250.6
121,38.004,257.88,162.35,12,6,52,175.6,114.5,247.8
121,38.004,144.5,164.5,2,6,12,170.0,116.0,251.3
121,38.004,300.07,167.42,17,5,43,161.1,202.2,251.2
121,38.004,275.85,168.08,23,5,53,155.9,194.5,248.8
121,38.004,214.87,172.78,6,6,23,169.7,111.1,252.3
121,38.004,246.38,174.0,7,4,16,146.4,133.2,246.7
121,38.004,295.66,177.46,23,8,107,172.0,224.9,249.9
121,38.004,314.15,175.15,10,4,13,154.5,217.7,252.7
121,38.004,269.44,179.44,4,4,9,137.4,143.3,240.6
121,38.004,266.0,183.67,6,4,12,116.8,141.5,244.2
121,38.004,96.9,184.4,6,2,10,169.0,115.8,247.8
121,38.004,104.94,191.01,42,11,224,165.9,208.4,245.5
121,38.004,279.32,187.83,20,4,41,118.2,134.9,234.6
121,38.004,303.14,186.57,21,2,35,120.5,140.1,238.1
121,38.004,177.5,189.5,4,4,10,192.5,135.2,251.8
121,38.004,124.05,198.37,4,8,19,115.9,140.9,239.8
121,38.004,78.78,197.67,3,4,9,124.8,140.3,237.1
121,38.004,114.04,202.46,14,2,26,103.8,132.1,221.8
121,38.004,163.83,206.83,10,2,12,154.1,147.6,216.2
121,38.004,312.93,220.73,13,8,45,172.5,195.0,225.2
121,38.004,298.27,223.32,21,11,120,140.9,171.0,192.9
121,38.004,316.0,226.45,8,6,31,76.8,138.9,116.5
121,38.004,277.13,227.73,5,5,15,84.4,138.4,134.0
121,38.004,236.19,227.27,12,4,26,72.6,135.2,148.9
122,38.0374,87.5,86.5,4,2,8,173.0,116.0,250.0
122,38.0374,103.5,86.5,4,2,8,173.8,116.8,250.8
122,38.0374,183.5,86.5,4,2,8,172.0,115.5,246.0
122,38.0374,210.5,86.5,38,2,76,172.1,115.2,249.3
122,38.0374,273.5,86.5,4,2,8,171.2,114.2,254.1
122,38.0374,280.5,86.5,6,2,12,164.0,116.3,252.0
122,38.0374,288.5,86.5,6,2,12,171.8,114.1,250.8
122,38.0374,66.39,113.25,10,7,36,175.8,114.3,246.6
122,38.0374,63.77,120.8,18,10,90,139.4,109.0,144.4
122,38.0374,141.5,146.5,4,2,8,173.6,112.6,250.6
122,38.0374,213.5,152.5,4,2,8,168.6,115.1,254.8
122,38.0374,133.75,162.5,8,8,32,170.7,116.2,250.0
122,38.0374,257.88,162.35,12,6,52,175.6,114.5,247.8
122,38.0374,300.07,167.42,17,5,43,161.1,202.2,251.2
122,38.0374,170.5,168.5,2,6,12,173.0,116.0,245.0
122,38.0374,274.69,168.19,22,5,52,156.6,198.6,249.3
122,38.0374,246.38,174.0,7,4,16,146.4,133.2,246.7
122,38.0374,295.57,177.45,23,8,108,172.0,224.9,249.9
122,38.0374,314.15,175.15,10,4,13,154.5,217.7,252.7
122,38.0374,269.44,179.44,4,4,9,137.4,143.3,240.6
122,38.0374,207.5,181.5,16,4,64,177.1,114.1,249.1
122,38.0374,266.0,183.67,6,4,12,116.8,141.5,244.2
122,38.0374,98.1,184.4,6,2,10,168.1,116.1,248.3
122,38.0374,104.14,191.41,44,15,243,162.6,204.3,244.5
122,38.0374,279.32,187.83,20,4,41,118.2,134.9,234.6
122,38.0374,303.14,186.57,21,2,35,120.5,140.1,238.1
122,38.0374,126.57,193.5,2,8,14,123.7,139.9,238.7
122,38.0374,173.71,194.43,4,2,7,166.0,118.0,245.1
122,38.0374,124.5,199.5,2,4,8,111.9,142.9,239.9
122,38.0374,114.76,202.48,15,2,29,106.8,132.5,221.8
122,38.0374,126.29,204.29,6,2,7,142.3,149.0,227.9
122,38.0374,186.77,206.87,16,4,30,150.9,147.1,212.3
122,38.0374,167.09,227.45,5,4,11,64.4,134.8,122.4
122,38.0374,236.96,227.3,11,4,27,73.1,135.0,150.7
122,38.0374,96.75,228.12,4,3,8,88.1,136.8,138.4
122,38.0374,277.92,228.17,5,3,12,75.0,135.2,130.2
123,38.0707,87.5,86.5,4,2,8,173.0,116.0,250.0
123,38.0707,103.5,86.5,4,2,8,173.8,116.8,250.8
123,38.0707,183.5,86.5,4,2,8,172.0,115.5,246.0
123,38.0707,210.5,86.5,38,2,76,172.1,115.2,249.3
123,38.0707,272.5,86.5,6,2,12,171.4,114.1,250.7
123,38.0707,280.5,86.5,6,2,12,164.0,116.3,252.0
123,38.0707,288.5,86.5,6,2,12,171.8,114.1,250.8
123,38.0707,66.85,113.17,10,7,41,175.0,114.5,246.8
123,38.0707,63.77,120.8,18,10,90,139.4,109.0,144.4
123,38.0707,131.5,146.5,4,2,8,174.0,113.0,249.5
123,38.0707,220.5,155.5,2,4,8,169.0,116.5,246.0
123,38.0707,259.88,162.35,12,6,52,175.6,114.5,247.8
123,38.0707,302.0,167.59,17,6,46,161.5,200.1,252.3
123,38.0707,276.69,168.19,22,5,52,156.6,198.6,249.3
123,38.0707,248.57,174.21,7,4,14,150.2,130.9,247.3
123,38.0707,299.5,177.18,32,8,120,169.2,223.4,249.9
123,38.0707,271.44,179.44,4,4,9,137.4,143.3,240.6
123,38.0707,268.0,183.67,6,4,12,116.8,141.5,244.2
123,38.0707,100.1,184.4,6,2,10,168.1,116.1,248.3
123,38.0707,210.5,185.5,18,4,72,175.1,114.4,247.3
123,38.0707,106.33,191.36,44,15,241,162.6,204.1,242.5
123,38.0707,281.32,187.83,20,4,41,118.2,134.9,234.6
123,38.0707,305.39,186.56,21,2,36,121.2,140.9,238.8
123,38.0707,156.5,192.5,6,2,12,172.8,116.4,254.9
123,38.0707,164.17,201.17,8,4,24,170.1,119.6,249.7
123,38.0707,267.5,200.5,8,2,16,159.5,119.5,249.5
123,38.0707,187.26,208.48,16,2,31,149.9,149.2,207.0
123,38.0707,303.93,222.79,32,12,164,150.8,176.0,201.8
123,38.0707,226.28,226.89,13,6,47,89.9,127.9,164.7
123,38.0707,316.28,227.12,8,5,25,69.1,136.4,115.2
123,38.0707,168.71,226.71,4,3,7,72.9,137.9,136.3
123,38.0707,239.08,227.31,11,4,26,72.4,135.4,149.0
123,38.0707,98.75,228.12,4,3,8,88.1,136.8,138.4
124,38.1041,87.5,86.5,4,2,8,173.0,116.0,250.0
124,38.1041,103.5,86.5,4,2,8,173.8,116.8,250.8
124,38.1041,183.5,86.5,4,2,8,172.0,115.5,246.0
124,38.1041,210.5,86.5,38,2,76,172.1,115.2,249.3
124,38.1041,272.5,86.5,6,2,12,171.4,114.1,250.7
124,38.1041,280.5,86.5,6,2,12,164.0,116.3,252.0
124,38.1041,288.5,86.5,6,2,12,171.8,114.1,250.8
124,38.1041,66.5,110.71,6,3,14,179.1,122.0,247.4
124,38.1041,64.82,117.97,19,10,104,138.2,107.5,143.1
124,38.1041,121.5,146.5,4,2,8,174.0,113.0,249.5
124,38.1041,116.5,151.5,2,4,8,174.4,114.9,248.4
124,38.1041,212.64,152.45,6,2,11,169.3,115.5,250.5
124,38.1041,114.45,162.5,6,8,22,171.0,116.6,249.1
124,38.1041,260.5,162.5,14,6,60,176.2,114.4,247.6
124,38.1041,275.57,165.57,5,3,7,164.4,132.7,244.9
124,38.1041,302.8,167.59,23,5,51,160.1,195.2,251.2
124,38.1041,278.08,168.16,20,5,50,157.2,198.6,249.9
124,38.1041,249.64,174.43,7,3,14,144.8,134.1,247.8
124,38.1041,298.33,177.4,24,8,105,171.5,224.4,249.8
124,38.1041,316.18,175.36,7,4,11,153.9,216.2,252.8
124,38.1041,273.83,178.67,4,2,6,135.5,145.5,243.2
124,38.1041,102.1,184.4,6,2,10,168.2,116.2,248.4
124,38.1041,277.19,186.92,19,6,36,115.0,134.7,234.9
124,38.1041,212.85,188.78,14,6,46,171.4,115.9,247.3
124,38.1041,305.87,186.61,23,2,38,121.3,139.8,238.4
124,38.1041,289.22,188.56,5,2,9,124.1,144.9,244.2
124,38.1041,152.23,195.88,11,5,52,173.6,116.3,245.4
124,38.1041,135.89,206.11,8,2,9,132.2,147.9,231.4
124,38.1041,173.76,206.84,18,4,37,145.7,148.9,211.2
124,38.1041,304.5,223.0,32,12,173,148.2,175.4,200.6
124,38.1041,284.67,223.17,3,3,6,155.0,189.8,210.0
124,38.1041,281.8,227.6,6,5,15,84.1,137.5,136.7
124,38.1041,317.18,227.18,6,5,17,68.2,136.4,118.3
124,38.1041,237.0,228.11,5,3,9,49.2,128.1,125.8
124,38.1041,241.14,228.29,3,3,7,50.4,129.3,105.7
124,38.1041,292.71,228.14,3,3,7,70.1,124.6,123.7
125,38.1375,87.5,86.5,4,2,8,173.0,116.0,250.0
125,38.1375,103.5,86.5,4,2,8,173.8,116.8,250.8
125,38.1375,183.5,86.5,4,2,8,172.0,115.5,246.0
125,38.1375,210.5,86.5,38,2,76,172.1,115.2,249.3
125,38.1375,272.5,86.5,6,2,12,171.4,114.1,250.7
125,38.1375,280.5,86.5,6,2,12,164.0,116.3,252.0
125,38.1375,288.5,86.5,6,2,12,171.8,114.1,250.8
125,38.1375,67.83,109.0,3,3,6,134.7,79.2,168.0
125,38.1375,66.53,115.69,19,14,144,184.3,116.6,179.2
125,38.1375,214.5,153.5,2,4,8,169.0,116.5,246.0
125,38.1375,263.27,162.35,12,6,52,175.6,114.6,247.3
125,38.1375,303.8,167.3,19,5,44,159.2,194.0,249.6
125,38.1375,140.5,168.5,2,6,12,173.0,116.0,245.0
125,38.1375,279.92,168.08,20,5,53,157.0,196.1,250.0
125,38.1375,251.64,174.43,7,3,14,144.8,134.1,247.8
125,38.1375,300.38,177.29,23,8,108,171.4,224.1,250.2
125,38.1375,317.12,175.62,5,4,8,153.2,214.8,251.6
125,38.1375,275.44,177.89,4,4,9,134.3,145.2,239.9
125,38.1375,270.94,183.81,8,5,16,119.1,139.6,241.8
125,38.1375,104.9,184.4,6,2,10,167.9,116.1,247.1
125,38.1375,281.77,187.65,13,4,26,114.7,132.3,233.0
125,38.1375,306.91,186.61,20,2,33,119.2,139.8,237.8
125,38.1375,291.22,188.56,5,2,9,122.3,145.3,244.2
125,38.1375,92.06,192.0,10,4,18,135.9,139.6,243.7
125,38.1375,86.62,196.69,3,6,13,119.0,140.5,236.8
125,38.1375,143.15,195.38,4,5,13,174.5,126.2,251.4
125,38.1375,97.17,200.67,4,2,6,132.0,144.0,245.0
125,38.1375,152.17,204.83,10,2,12,141.8,146.2,225.2
125,38.1375,120.5,206.5,6,2,12,143.3,148.3,223.3
125,38.1375,173.33,206.67,11,2,15,151.0,147.1,215.7
125,38.1375,304.26,222.88,33,11,164,158.7,180.3,211.7
125,38.1375,284.06,225.94,10,8,33,117.9,160.2,165.5
125,38.1375,91.31,227.31,5,5,16,60.6,127.9,110.7
125,38.1375,176.0,227.44,8,4,18,77.2,139.8,131.1
125,38.1375,99.1,227.8,5,3,10,86.6,142.4,133.7
125,38.1375,280.5,228.0,2,3,6,69.8,138.2,140.5
125,38.1375,310.58,228.17,6,3,12,48.3,128.8,84.3
126,38.1708,87.5,86.5,4,2,8,173.0,116.0,250.0
126,38.1708,103.5,86.5,4,2,8,173.8,116.8,250.8
126,38.1708,183.5,86.5,4,2,8,172.0,115.5,246.0
126,38.1708,210.5,86.5,38,2,76,172.1,115.2,249.3
126,38.1708,272.5,86.5,6,2,12,171.4,114.1,250.7
126,38.1708,280.5,86.5,6,2,12,164.0,116.3,252.0
126,38.1708,288.5,86.5,6,2,12,171.8,114.1,250.8
126,38.1708,68.39,118.31,23,18,230,180.8,108.0,172.9
126,38.1708,101.5,146.5,4,2,8,174.0,113.0,249.5
126,38.1708,116.09,153.05,8,4,22,160.6,117.9,253.5
126,38.1708,265.54,163.0,14,6,46,175.9,114.3,248.2
126,38.1708,307.81,167.53,23,6,53,160.5,195.2,250.7
126,38.1708,282.82,168.29,21,5,49,156.5,199.0,250.0
126,38.1708,188.47,172.29,4,6,17,191.4,125.3,249.6
126,38.1708,254.47,174.35,7,6,17,151.6,131.5,245.6
126,38.1708,303.74,177.47,23,8,110,170.8,224.1,250.4
126,38.1708,279.18,178.0,4,4,11,126.4,145.5,237.4
126,38.1708,280.49,186.28,18,8,39,116.2,133.1,234.9
126,38.1708,309.22,186.56,15,2,27,117.4,141.5,236.8
126,38.1708,294.9,188.6,6,2,10,122.8,145.4,243.6
126,38.1708,136.5,193.5,2,4,8,120.4,140.9,237.9
126,38.1708,259.61,194.06,10,6,36,172.7,115.7,246.3
126,38.1708,89.0,197.8,4,4,10,125.5,139.5,238.1
126,38.1708,134.5,199.5,2,4,8,110.4,143.9,240.4
126,38.1708,154.5,204.58,10,2,12,139.3,145.7,226.4
126,38.1708,114.77,206.69,7,3,13,148.8,146.7,226.8
126,38.1708,307.05,223.37,30,11,164,145.8,172.5,196.5
126,38.1708,284.22,224.56,6,2,9,159.1,178.8,206.9
126,38.1708,101.27,227.27,4,5,11,81.8,135.5,133.2
126,38.1708,287.81,227.62,6,5,16,84.0,138.6,135.6
126,38.1708,179.9,227.8,6,3,10,80.2,142.4,132.0
126,38.1708,198.22,228.11,5,3,9,68.0,131.9,88.4
126,38.1708,282.83,228.17,3,3,6,66.7,140.5,136.3
127,38.2042,87.5,86.5,4,2,8,173.0,116.0,250.0
127,38.2042,103.5,86.5,4,2,8,173.8,116.8,250.8
127,38.2042,183.5,86.5,4,2,8,172.0,115.5,246.0
127,38.2042,210.5,86.5,38,2,76,172.1,115.2,249.3
127,38.2042,272.5,86.5,6,2,12,171.4,114.1,250.7
127,38.2042,280.5,86.5,6,2,12,164.0,116.3,252.0
127,38.2042,288.5,86.5,6,2,12,171.8,114.1,250.8
127,38.2042,65.5,110.5,4,2,8,172.6,115.6,246.1
127,38.2042,68.88,122.0,25,19,279,194.5,128.9,147.8
127,38.2042,91.5,146.5,4,2,8,174.0,113.0,249.5
127,38.2042,197.0,146.38,5,2,8,176.0,118.5,248.8
127,38.2042,221.71,164.71,26,40,256,128.3,33.1,158.1
127,38.2042,105.5,152.5,4,2,8,189.0,110.0,248.0
127,38.2042,200.13,178.13,26,42,223,127.9,33.0,161.7
127,38.2042,83.59,161.81,8,6,27,171.7,116.6,247.9
127,38.2042,268.86,163.05,12,6,44,176.0,114.1,248.6
127,38.2042,310.08,167.27,20,5,49,159.8,195.0,249.9
127,38.2042,286.39,168.24,20,5,46,157.0,197.8,250.7
127,38.2042,120.5,169.5,2,4,8,173.0,116.0,245.0
127,38.2042,257.65,174.0,8,4,17,141.6,134.6,245.9
127,38.2042,306.81,177.35,23,8,110,171.6,224.3,250.1
127,38.2042,114.67,179.5,2,4,6,184.7,127.7,249.5
127,38.2042,277.64,184.0,6,4,14,118.5,142.5,244.2
127,38.2042,287.46,187.69,12,4,26,113.6,131.0,232.2
127,38.2042,311.72,186.55,16,2,29,119.7,139.7,237.4
127,38.2042,297.5,188.5,4,2,8,119.8,146.2,244.2
127,38.2042,140.5,193.5,2,4,8,118.6,141.1,237.6
127,38.2042,138.5,199.5,2,4,8,111.9,142.9,239.9
127,38.2042,128.76,202.48,15,2,29,106.8,132.1,226.4
127,38.2042,160.15,204.77,10,2,13,141.2,146.2,224.9
127,38.2042,100.5,206.5,6,2,8,148.9,147.9,206.6
127,38.2042,125.43,206.5,8,2,14,135.3,147.8,223.6
127,38.2042,181.83,206.44,12,2,18,145.4,147.1,215.7
127,38.2042,106.87,208.4,7,3,15,153.5,149.7,210.9
127,38.2042,117.83,208.33,4,2,6,144.3,148.7,200.3
127,38.2042,98.68,227.16,6,5,19,64.4,131.5,114.5
127,38.2042,115.57,227.86,3,4,7,81.3,134.0,131.1
127,38.2042,181.75,227.88,3,4,8,69.0,135.9,115.4
127,38.2042,189.7,227.6,6,4,10,97.2,141.8,152.5
127,38.2042,203.0,227.67,5,4,9,77.0,142.0,106.0
127,38.2042,107.23,228.0,6,3,13,85.2,143.5,126.9
127,38.2042,213.14,228.0,5,3,14,68.0,131.4,105.8
127,38.2042,303.17,228.67,4,2,6,65.2,135.2,114.8
128,38.2376,87.5,86.5,4,2,8,173.0,116.0,250.0
128,38.2376,103.5,86.5,4,2,8,173.8,116.8,250.8
128,38.2376,183.5,86.5,4,2,8,172.0,115.5,246.0
128,38.2376,210.5,86.5,38,2,76,172.1,115.2,249.3
128,38.2376,273.5,86.5,4,2,8,171.2,114.2,254.1
128,38.2376,280.5,86.5,6,2,12,164.0,116.3,252.0
128,38.2376,288.5,86.5,6,2,12,171.8,114.1,250.8
128,38.2376,71.08,124.08,31,32,445,183.8,125.3,174.2
128,38.2376,52.83,124.0,3,3,6,193.3,139.2,248.2
128,38.2376,81.43,134.43,4,2,7,153.6,120.4,249.6
128,38.2376,80.43,145.57,2,4,7,172.3,115.3,247.1
128,38.2376,201.0,159.0,1,9,9,205.9,117.3,232.0
128,38.2376,102.5,162.5,2,6,12,176.0,114.7,252.0
128,38.2376,272.07,163.0,14,6,46,175.9,114.3,248.2
128,38.2376,312.51,167.04,17,6,45,161.2,191.6,249.8
128,38.2376,289.42,168.2,20,5,45,156.9,197.4,250.2
128,38.2376,73.57,177.0,4,14,35,172.7,115.2,249.4
128,38.2376,262.1,174.6,6,2,10,141.8,134.6,249.0
128,38.2376,309.28,177.16,20,7,100,173.4,225.2,249.6
128,38.2376,285.18,178.0,4,4,11,126.4,145.5,237.4
128,38.2376,116.1,184.4,6,2,10,168.1,116.1,248.3
128,38.2376,287.88,186.94,16,6,33,115.0,132.1,233.2
128,38.2376,125.93,190.96,34,11,206,170.7,215.9,245.3
128,38.2376,313.16,186.56,14,2,25,123.4,138.8,236.6
128,38.2376,300.9,188.6,6,2,10,122.0,144.6,242.8
128,38.2376,144.5,193.5,2,4,8,118.6,141.1,237.6
128,38.2376,142.5,199.5,2,4,8,111.9,142.9,239.9
128,38.2376,132.76,202.48,15,2,29,106.8,132.5,221.8
128,38.2376,164.17,204.83,10,2,12,141.8,146.2,225.2
128,38.2376,120.16,206.84,26,4,55,144.7,148.0,209.4
128,38.2376,195.67,207.86,24,4,49,149.5,149.5,209.1
128,38.2376,300.18,224.3,42,11,239,141.0,168.1,195.9
128,38.2376,185.62,227.88,3,4,8,72.0,137.4,120.6
128,38.2376,111.5,228.4,6,3,10,73.6,139.4,111.5
128,38.2376,118.7,228.5,6,3,10,70.4,137.3,126.1
128,38.2376,193.0,227.89,5,3,9,90.7,136.6,142.8
129,38.2709,87.5,86.5,4,2,8,173.0,116.0,250.0
129,38.2709,103.5,86.5,4,2,8,173.8,116.8,250.8
129,38.2709,183.5,86.5,4,2,8,172.0,115.5,246.0
129,38.2709,210.5,86.5,38,2,76,172.1,115.2,249.3
129,38.2709,273.5,86.5,4,2,8,171.2,114.2,254.1
129,38.2709,280.5,86.5,6,2,12,164.0,116.3,252.0
129,38.2709,288.5,86.5,6,2,12,171.8,114.1,250.8
129,38.2709,74.19,127.29,41,30,499,182.1,125.5,169.1
129,38.2709,80.5,120.5,6,2,12,175.7,114.7,245.7
129,38.2709,52.83,126.0,3,3,6,193.0,138.3,247.7
129,38.2709,70.71,142.0,9,4,21,172.3,114.7,249.2
129,38.2709,85.62,141.08,5,4,13,162.8,118.2,250.5
129,38.2709,80.43,145.57,2,4,7,171.7,115.1,247.0
129,38.2709,197.0,146.0,3,5,7,187.0,124.0,247.9
129,38.2709,193.29,154.0,3,3,7,193.6,123.6,250.4
129,38.2709,102.5,162.5,2,6,12,175.9,114.6,251.9
129,38.2709,274.86,163.05,12,6,44,175.7,114.2,248.4
129,38.2709,314.53,166.82,14,6,38,161.9,186.6,249.8
129,38.2709,292.39,168.14,20,5,49,156.2,199.0,244.7
129,38.2709,73.57,177.0,4,14,35,172.7,115.3,249.1
129,38.2709,264.07,174.13,6,4,15,142.7,134.8,247.2
129,38.2709,311.48,177.09,17,7,94,174.7,225.1,250.1
129,38.2709,289.33,186.21,20,8,42,116.6,135.0,236.6
129,38.2709,130.75,190.97,30,11,197,171.5,219.6,245.6
129,38.2709,314.18,186.65,11,2,17,123.5,141.1,237.7
129,38.2709,303.5,188.5,4,2,8,121.8,145.2,244.2
129,38.2709,148.5,193.5,2,4,8,124.8,137.8,236.8
129,38.2709,146.4,199.4,3,5,10,113.4,142.1,239.3
129,38.2709,137.5,202.5,14,2,26,105.2,132.8,222.0
129,38.2709,146.86,204.43,5,2,7,148.6,147.3,228.6
129,38.2709,168.17,204.83,10,2,12,141.8,146.2,225.2
129,38.2709,189.7,206.4,8,2,10,148.8,147.4,212.0
129,38.2709,202.29,208.49,18,2,35,150.4,149.9,209.9
129,38.2709,219.5,208.5,8,2,16,137.9,148.6,204.1
129,38.2709,307.91,223.93,25,11,127,149.1,174.7,196.4
129,38.2709,284.77,225.77,20,8,121,126.9,151.2,191.8
129,38.2709,122.06,227.88,7,4,16,79.9,137.6,139.4
129,38.2709,310.75,227.88,3,4,8,68.9,136.6,118.4
130,38.3043,87.5,86.5,4,2,8,173.0,116.0,250.0
130,38.3043,103.5,86.5,4,2,8,173.8,116.8,250.8
130,38.3043,183.5,86.5,4,2,8,172.0,115.5,246.0
130,38.3043,210.5,86.5,38,2,76,172.1,115.2,249.3
130,38.3043,273.5,86.5,4,2,8,171.2,114.2,254.1
130,38.3043,280.5,86.5,6,2,12,164.0,116.3,252.0
130,38.3043,288.5,86.5,6,2,12,171.8,114.1,250.8
130,38.3043,74.59,130.05,35,31,458,182.9,128.6,157.5
130,38.3043,52.83,127.0,3,3,6,193.0,138.3,248.2
130,38.3043,92.5,127.5,2,4,8,173.0,115.5,246.0
130,38.3043,64.56,133.22,2,5,9,174.4,120.4,248.8
130,38.3043,92.5,133.5,2,4,8,173.0,115.5,250.0
130,38.3043,197.5,145.0,4,5,8,184.9,122.9,246.6
130,38.3043,69.5,144.5,4,2,8,173.0,116.0,245.0
130,38.3043,102.5,162.5,2,6,12,175.9,114.6,251.9
130,38.3043,276.07,163.0,14,6,46,176.0,114.4,248.3
130,38.3043,315.23,167.14,13,5,35,162.5,189.3,250.3
130,38.3043,293.0,168.06,21,5,53,155.6,195.7,244.0
130,38.3043,73.57,177.0,4,14,35,172.7,115.3,249.1
130,38.3043,266.5,174.5,6,2,8,137.6,136.1,246.9
130,38.3043,311.83,177.21,17,7,89,174.4,225.0,249.6
130,38.3043,289.57,178.29,5,2,7,123.0,146.3,238.3
130,38.3043,284.0,183.67,6,4,12,118.9,141.9,244.7
130,38.3043,133.05,190.91,32,11,202,170.0,217.4,244.8
130,38.3043,196.82,187.45,4,4,11,197.8,121.7,248.3
130,38.3043,293.58,187.62,12,4,26,113.5,130.2,231.5
130,38.3043,314.44,186.61,11,2,18,121.6,142.7,237.3
130,38.3043,304.36,188.55,6,2,11,122.2,144.7,242.2
130,38.3043,116.11,190.56,7,2,9,143.4,145.2,229.0
130,38.3043,150.6,192.5,2,6,10,119.3,142.1,231.9
130,38.3043,109.0,192.38,5,2,8,121.1,136.2,227.1
130,38.3043,148.5,199.5,2,4,8,109.9,144.9,240.9
130,38.3043,139.78,202.48,15,2,27,106.1,132.6,221.9
130,38.3043,168.92,204.62,11,2,13,139.3,146.0,226.1
130,38.3043,200.63,207.6,26,4,35,146.4,148.1,210.7
130,38.3043,220.5,208.5,10,2,20,137.8,148.4,207.0
130,38.3043,310.02,223.38,24,11,96,158.9,182.8,205.7
130,38.3043,190.36,226.86,5,5,14,79.1,141.4,141.1
130,38.3043,265.33,227.24,10,4,21,107.8,138.2,115.5
130,38.3043,303.36,228.0,8,4,14,69.6,137.3,138.5
130,38.3043,213.17,228.17,3,3,6,62.2,129.5,95.7
130,38.3043,222.5,228.5,6,2,10,58.6,126.9,89.2
131,38.3377,87.5,86.5,4,2,8,173.0,116.0,250.0
131,38.3377,103.5,86.5,4,2,8,173.8,116.8,250.8
131,38.3377,183.5,86.5,4,2,8,172.0,115.5,246.0
131,38.3377,210.5,86.5,38,2,76,172.1,115.2,249.3
131,38.3377,273.5,86.5,4,2,8,171.2,114.2,254.1
131,38.3377,280.5,86.5,6,2,12,164.0,116.3,252.0
131,38.3377,288.5,86.5,6,2,12,171.8,114.1,250.8
131,38.3377,78.5,115.5,2,4,6,183.2,124.2,247.7
131,38.3377,65.5,118.5,4,2,8,172.0,115.5,247.0
131,38.3377,64.11,127.24,21,14,152,147.8,108.9,145.2
131,38.3377,102.5,162.5,2,6,12,175.9,114.6,251.9
131,38.3377,280.7,163.3,12,4,40,175.8,114.2,248.8
131,38.3377,298.15,167.91,20,5,55,155.1,191.7,246.1
131,38.3377,315.75,166.67,8,2,12,152.2,158.9,241.5
131,38.3377,73.57,177.0,4,14,35,172.7,115.3,249.1
131,38.3377,270.29,174.14,6,5,14,144.4,135.1,246.1
131,38.3377,314.83,176.93,11,7,59,173.9,224.8,250.0
131,38.3377,289.5,183.79,6,5,14,122.6,141.1,244.4
131,38.3377,138.04,190.91,32,11,209,171.2,215.7,245.3
131,38.3377,299.46,187.69,12,4,26,114.2,131.4,232.6
131,38.3377,317.43,186.71,5,2,7,115.0,147.6,238.3
131,38.3377,309.5,188.5,4,2,8,119.8,146.2,244.2
131,38.3377,113.27,192.47,8,2,15,128.1,136.7,241.1
131,38.3377,156.5,193.5,2,4,8,128.2,136.8,236.8
131,38.3377,110.67,196.5,2,4,6,142.7,142.7,246.2
131,38.3377,154.56,199.22,2,5,9,117.9,141.2,240.3
131,38.3377,146.04,202.46,14,2,26,105.2,135.2,223.8
131,38.3377,176.17,204.33,10,2,12,137.8,147.2,227.2
131,38.3377,128.45,206.93,34,4,69,146.3,147.8,210.8
131,38.3377,242.46,207.49,17,4,37,153.4,147.2,204.5
131,38.3377,67.86,223.91,12,4,22,161.5,189.7,221.9
131,38.3377,197.0,227.25,5,5,12,79.4,143.2,130.8
132,38.371,87.5,86.5,4,2,8,173.0,116.0,250.0
132,38.371,103.5,86.5,4,2,8,173.8,116.8,250.8
132,38.371,183.5,86.5,4,2,8,172.0,115.5,246.0
132,38.371,210.5,86.5,38,2,76,172.1,115.2,249.3
132,38.371,273.5,86.5,4,2,8,171.2,114.2,254.1
132,38.371,280.5,86.5,6,2,12,164.0,116.3,252.0
132,38.371,288.5,86.5,6,2,12,171.8,114.2,250.2
132,38.371,60.27,120.45,6,2,11,173.0,115.6,246.5
132,38.371,64.57,128.96,24,11,141,147.2,110.1,146.9
132,38.371,58.17,137.83,6,8,24,172.8,115.3,247.5
132,38.371,102.5,162.5,2,6,12,175.9,114.6,251.9
132,38.371,281.83,163.24,14,4,42,176.0,114.5,248.4
132,38.371,299.46,167.95,21,5,57,155.7,192.9,246.7
132,38.371,316.44,166.67,6,2,9,154.0,158.0,241.7
132,38.371,269.67,168.78,7,2,9,147.0,142.8,245.3
132,38.371,73.57,177.0,4,14,35,172.7,115.3,249.1
132,38.371,272.67,174.44,6,2,9,140.0,137.9,248.3
132,38.371,315.27,176.98,10,7,51,172.2,225.1,249.9
132,38.371,192.5,179.5,2,4,8,164.0,119.0,245.0
132,38.371,296.49,186.28,18,8,39,117.5,133.4,235.6
132,38.371,140.28,190.98,32,11,203,171.4,217.8,245.5
132,38.371,114.21,192.97,8,12,33,134.4,134.3,242.0
132,38.371,310.9,188.6,6,2,10,122.0,144.6,242.8
132,38.371,158.67,193.83,2,4,6,115.7,142.7,236.0
132,38.371,156.5,199.5,2,4,8,109.9,144.9,240.9
132,38.371,147.78,202.48,15,2,27,106.1,132.6,221.9
132,38.371,175.36,204.14,12,2,14,130.9,147.4,227.6
132,38.371,236.29,206.71,8,3,14,155.4,144.8,215.7
132,38.371,204.8,208.1,6,3,10,151.0,149.5,199.7
132,38.371,198.75,227.33,5,5,12,78.6,140.2,133.2
132,38.371,80.14,228.29,4,3,7,74.1,140.1,129.6
132,38.371,231.0,228.5,5,2,10,57.1,125.5,92.5
133,38.4044,87.5,86.5,4,2,8,173.0,116.0,250.0
133,38.4044,103.5,86.5,4,2,8,173.8,116.8,250.8
133,38.4044,183.5,86.5,4,2,8,172.0,115.5,246.0
133,38.4044,210.5,86.5,38,2,76,172.1,115.2,249.3
133,38.4044,273.5,86.5,4,2,8,171.2,114.2,254.1
133,38.4044,280.5,86.5,6,2,12,164.0,116.3,252.0
133,38.4044,288.5,86.5,6,2,12,171.8,114.2,250.2
133,38.4044,65.57,128.57,4,2,7,176.1,114.4,246.1
133,38.4044,58.25,146.75,8,8,32,173.0,115.1,247.0
133,38.4044,103.4,145.9,4,4,10,168.0,117.7,245.1
133,38.4044,98.43,155.43,2,4,7,169.4,114.4,253.6
133,38.4044,102.5,162.5,2,6,12,174.9,114.9,251.9
133,38.4044,284.7,163.3,12,4,40,175.8,114.2,248.8
133,38.4044,302.67,168.14,20,5,51,156.8,195.8,248.8
133,38.4044,269.67,170.33,4,3,9,122.4,139.3,241.6
133,38.4044,73.57,177.0,4,14,35,172.7,115.3,249.1
133,38.4044,274.57,174.07,7,4,14,139.1,136.4,246.9
133,38.4044,316.52,177.17,7,5,29,167.5,225.2,252.0
133,38.4044,297.75,178.0,4,3,8,133.1,142.1,235.8
133,38.4044,293.67,184.0,6,4,12,117.5,143.0,243.1
133,38.4044,144.97,190.9,31,11,202,171.2,218.7,245.4
133,38.4044,303.46,187.69,12,4,26,114.0,130.2,231.9
133,38.4044,115.5,188.5,4,2,8,171.5,116.0,246.0
133,38.4044,314.36,188.55,6,2,11,122.2,144.7,242.2
133,38.4044,127.7,190.6,8,2,10,148.1,147.7,232.5
133,38.4044,118.12,194.08,8,8,25,123.0,140.8,240.4
133,38.4044,160.67,198.78,2,6,9,126.9,139.6,238.4
133,38.4044,151.76,202.48,13,2,25,104.3,133.2,222.4
133,38.4044,183.17,204.83,10,2,12,142.5,146.5,225.3
133,38.4044,192.5,205.0,6,1,6,143.8,145.8,224.8
133,38.4044,295.18,214.73,4,6,11,161.6,192.8,198.5
133,38.4044,109.1,227.2,12,5,30,58.2,130.2,130.4
133,38.4044,120.0,228.5,5,2,8,49.8,125.1,76.8
133,38.4044,235.22,228.56,5,2,9,50.8,125.3,93.6
134,38.4378,87.5,86.5,4,2,8,173.0,116.0,250.0
134,38.4378,103.5,86.5,4,2,8,173.8,116.8,250.8
134,38.4378,183.5,86.5,4,2,8,172.0,115.5,246.0
134,38.4378,210.5,86.5,38,2,76,172.1,115.2,249.3
134,38.4378,273.5,86.5,4,2,8,171.2,114.2,254.1
134,38.4378,280.5,86.5,6,2,12,164.0,116.3,252.0
134,38.4378,288.5,86.5,6,2,12,171.8,114.1,250.8
134,38.4378,64.95,150.47,21,12,133,150.5,108.2,133.3
134,38.4378,57.83,159.17,6,6,24,173.0,115.3,246.7
134,38.4378,70.43,157.57,2,4,7,171.7,114.3,248.1
134,38.4378,102.5,162.5,2,6,12,175.9,114.6,251.9
134,38.4378,289.83,163.24,14,4,42,176.4,114.3,248.5
134,38.4378,307.07,167.98,21,5,54,155.3,194.2,243.9
134,38.4378,73.57,177.0,4,14,35,172.7,115.3,249.1
134,38.4378,279.22,174.17,8,5,18,145.2,134.0,245.8
134,38.4378,306.96,186.71,24,8,48,116.2,136.6,237.0
134,38.4378,150.98,190.99,31,11,198,171.8,219.1,245.7
134,38.4378,131.18,187.0,4,4,11,179.2,114.7,245.4
134,38.4378,133.7,190.6,8,2,10,145.4,144.2,234.8
134,38.4378,124.67,192.78,9,4,18,125.7,140.4,240.7
134,38.4378,168.67,195.0,2,6,9,121.4,142.1,238.0
134,38.4378,121.0,197.82,4,4,11,123.5,140.2,238.4
134,38.4378,166.5,199.5,2,4,8,109.0,146.5,242.0
134,38.4378,158.04,202.46,14,2,26,105.2,132.8,222.1
134,38.4378,168.43,204.43,6,2,7,144.7,149.0,231.0
134,38.4378,190.15,204.77,10,2,13,141.7,146.2,225.1
134,38.4378,312.29,207.06,14,4,31,151.2,146.8,209.0
134,38.4378,145.0,224.0,11,1,11,159.9,175.8,219.4
134,38.4378,126.22,228.33,5,3,9,53.6,128.1,84.4
135,38.4711,87.5,86.5,4,2,8,173.0,116.0,250.0
135,38.4711,103.5,86.5,4,2,8,173.8,116.8,250.8
135,38.4711,183.5,86.5,4,2,8,172.0,115.5,246.0
135,38.4711,210.5,86.5,38,2,76,172.1,115.2,249.3
135,38.4711,273.5,86.5,4,2,8,171.2,114.2,254.1
135,38.4711,280.5,86.5,6,2,12,164.0,116.3,252.0
135,38.4711,288.5,86.5,6,2,12,171.8,114.1,250.8
135,38.4711,65.5,146.5,4,2,8,178.0,113.5,248.0
135,38.4711,64.71,155.97,21,12,133,150.9,109.9,129.1
135,38.4711,58.94,164.94,10,8,36,174.7,115.0,247.4
135,38.4711,102.55,162.73,2,6,11,175.9,114.5,252.5
135,38.4711,70.43,163.71,2,4,7,170.6,116.0,251.0
135,38.4711,290.7,163.3,12,4,40,175.7,114.1,248.7
135,38.4711,308.4,168.1,20,5,48,156.2,198.4,244.2
135,38.4711,73.57,177.0,4,14,35,174.1,114.9,249.4
135,38.4711,280.07,174.13,6,4,15,142.7,134.8,247.2
135,38.4711,305.14,186.16,20,8,44,116.9,134.6,236.1
135,38.4711,152.82,190.98,30,11,196,171.4,219.8,245.4
135,38.4711,133.18,187.0,4,4,11,179.2,114.7,245.4
135,38.4711,135.7,190.6,8,2,10,146.0,143.0,234.8
135,38.4711,125.64,194.39,10,8,28,121.8,140.9,239.2
135,38.4711,170.67,193.83,2,4,6,115.7,142.7,236.0
135,38.4711,168.5,199.5,2,4,8,109.9,144.9,240.9
135,38.4711,159.78,202.48,15,2,27,106.1,132.6,221.9
135,38.4711,190.15,204.77,10,2,13,141.7,146.2,225.1
135,38.4711,141.94,206.87,34,4,68,146.6,147.6,210.0
135,38.4711,312.53,206.83,14,4,30,151.4,146.8,208.4
135,38.4711,0.64,227.18,3,5,11,74.0,124.3,116.9
135,38.4711,287.71,226.59,8,4,17,77.7,125.3,160.7
135,38.4711,294.09,227.45,4,5,11,78.1,133.2,142.2
135,38.4711,314.47,228.24,8,3,17,60.8,118.6,95.5
135,38.4711,128.0,228.5,5,2,8,49.8,125.1,76.8
136,38.5045,87.5,86.5,4,2,8,173.0,116.0,250.0
136,38.5045,103.5,86.5,4,2,8,173.8,116.8,250.8
136,38.5045,183.5,86.5,4,2,8,172.0,115.5,246.0
136,38.5045,210.5,86.5,38,2,76,172.1,115.2,249.3
136,38.5045,273.5,86.5,4,2,8,171.2,114.2,254.1
136,38.5045,280.5,86.5,6,2,12,164.0,116.3,252.0
136,38.5045,288.5,86.5,6,2,12,171.8,114.1,250.8
136,38.5045,102.33,145.03,17,23,93,125.8,34.4,154.2
136,38.5045,72.5,149.5,2,8,16,169.5,115.5,250.8
136,38.5045,294.7,163.3,12,4,40,175.8,114.2,248.8
136,38.5045,311.68,168.2,18,5,44,156.8,201.2,244.4
136,38.5045,284.31,174.19,7,4,16,140.9,135.8,246.9
136,38.5045,308.91,186.12,19,8,43,117.1,134.2,235.9
136,38.5045,157.81,190.92,31,11,200,171.5,218.2,245.7
136,38.5045,137.18,187.0,4,4,11,179.2,114.7,245.4
136,38.5045,136.12,191.58,15,4,24,133.2,142.5,237.6
136,38.5045,67.5,193.5,8,4,32,180.2,114.3,248.2
136,38.5045,128.62,196.69,3,6,13,122.2,139.1,236.9
136,38.5045,174.17,198.33,4,8,18,117.4,141.6,239.2
136,38.5045,250.5,200.5,6,2,12,172.5,115.5,252.5
136,38.5045,164.04,202.46,14,2,26,105.8,132.4,222.4
136,38.5045,192.5,205.0,6,1,6,144.7,147.3,227.3
136,38.5045,315.49,226.56,9,7,43,117.2,145.5,175.9
136,38.5045,219.71,225.57,2,5,7,87.9,120.6,143.3
136,38.5045,150.17,227.33,6,4,12,97.7,136.4,149.1
136,38.5045,216.83,228.17,3,3,6,72.5,141.2,117.8
136,38.5045,133.0,228.5,5,2,8,51.0,124.1,79.4
137,38.5379,95.19,87.14,4,15,21,186.1,127.7,253.4
137,38.5379,23.5,86.5,4,2,8,175.0,116.5,246.0
137,38.5379,217.5,86.5,32,2,64,180.6,112.6,251.4
137,38.5379,265.5,86.5,4,2,8,175.0,116.0,247.0
137,38.5379,279.5,86.5,4,2,8,158.0,120.5,248.0
137,38.5379,92.11,136.67,6,2,9,175.7,114.9,247.9
137,38.5379,99.02,153.73,26,31,422,182.9,115.6,203.6
137,38.5379,82.33,145.56,3,4,9,175.1,115.6,239.4
137,38.5379,56.5,153.5,2,4,8,184.0,113.0,245.0
137,38.5379,113.0,160.0,1,7,7,185.9,123.6,247.1
137,38.5379,290.9,162.4,6,2,10,174.3,114.5,246.5
137,38.5379,308.71,162.14,6,2,7,132.1,142.3,233.1
137,38.5379,296.88,164.71,13,2,17,149.9,163.7,241.7
137,38.5379,315.5,165.5,8,2,16,165.5,216.1,255.0
137,38.5379,283.43,167.5,4,4,14,114.9,139.5,244.0
137,38.5379,55.78,168.44,5,2,9,166.8,112.4,247.0
137,38.5379,289.17,170.67,4,2,6,123.5,140.8,229.2
137,38.5379,294.5,172.5,4,2,6,138.8,143.2,242.7
137,38.5379,308.0,173.0,7,1,7,112.7,146.0,225.9
137,38.5379,166.52,177.29,18,4,58,175.7,115.6,246.3
137,38.5379,311.17,176.33,4,2,6,123.8,138.8,229.5
137,38.5379,306.2,179.53,6,5,15,130.8,140.9,246.4
137,38.5379,164.11,187.2,27,10,171,174.1,217.5,240.1
137,38.5379,311.27,182.53,8,2,15,113.9,134.9,231.1
137,38.5379,317.5,184.5,4,2,8,111.6,138.6,232.6
137,38.5379,180.9,186.4,6,2,10,138.1,129.5,242.9
137,38.5379,74.0,190.5,3,2,6,183.2,109.8,251.8
137,38.5379,179.5,193.86,4,8,14,104.7,138.1,228.4
137,38.5379,243.5,194.5,4,6,24,173.0,116.0,245.0
137,38.5379,154.5,198.5,10,2,20,111.4,138.2,220.0
137,38.5379,168.82,200.64,16,6,50,117.0,139.8,222.2
137,38.5379,191.38,200.38,5,2,8,119.5,143.1,227.8
137,38.5379,213.75,202.25,12,2,16,118.7,148.3,223.6
137,38.5379,302.38,204.32,32,2,47,143.1,148.4,202.1
137,38.5379,92.19,224.94,5,5,16,75.0,129.1,140.0
137,38.5379,138.08,225.68,8,6,25,57.4,133.7,88.3
138,38.5712,95.19,87.14,4,15,21,186.1,127.7,253.4
138,38.5712,23.5,86.5,4,2,8,175.0,116.5,246.0
138,38.5712,217.5,86.5,32,2,64,180.6,112.6,251.4
138,38.5712,265.5,86.5,4,2,8,175.0,116.0,247.0
138,38.5712,279.5,86.5,4,2,8,158.0,120.5,248.0
138,38.5712,102.69,152.42,19,36,423,205.8,155.9,223.6
138,38.5712,91.96,155.2,10,27,92,130.1,47.0,174.0
138,38.5712,309.67,160.33,7,2,9,138.2,150.4,238.4
138,38.5712,300.81,162.69,11,2,16,148.1,170.1,243.2
138,38.5712,317.45,162.91,4,3,11,159.7,205.4,249.3
138,38.5712,287.56,165.62,5,4,16,120.4,138.5,244.1
138,38.5712,312.21,170.71,10,2,14,120.9,144.7,227.1
138,38.5712,312.77,178.97,12,6,31,127.1,136.5,238.9
138,38.5712,170.07,185.04,29,10,182,174.0,216.9,243.0
138,38.5712,186.5,184.5,4,2,6,122.7,136.7,241.8
138,38.5712,64.43,189.71,2,4,7,177.1,111.1,247.0
138,38.5712,185.19,192.12,5,7,16,111.4,139.6,232.6
138,38.5712,137.91,192.73,4,4,11,152.6,130.3,246.1
138,38.5712,160.5,196.5,10,2,20,114.5,137.7,222.7
138,38.5712,175.02,198.89,14,6,44,122.5,141.3,223.6
138,38.5712,198.9,198.4,6,2,10,123.3,144.3,230.5
138,38.5712,218.17,200.17,10,2,12,116.5,148.8,222.5
138,38.5712,227.17,200.67,4,2,6,129.7,147.7,226.3
138,38.5712,249.44,202.11,14,3,18,147.0,148.6,206.4
138,38.5712,285.0,202.75,6,2,8,149.8,153.2,203.8
138,38.5712,306.81,202.38,31,3,48,144.5,148.7,203.8
138,38.5712,3.34,222.03,7,6,29,74.3,143.0,113.9
138,38.5712,38.62,224.62,5,2,8,60.6,140.6,91.4
139,38.6046,95.19,87.14,4,15,21,186.1,127.7,253.4
139,38.6046,23.5,86.5,4,2,8,175.0,116.5,246.0
139,38.6046,217.5,86.5,32,2,64,180.6,112.6,251.4
139,38.6046,265.5,86.5,4,2,8,175.0,116.0,247.0
139,38.6046,279.5,86.5,4,2,8,158.0,120.5,248.0
139,38.6046,103.64,156.28,17,41,365,229.8,188.1,241.9
139,38.6046,112.89,153.62,13,28,112,139.2,55.4,176.0
139,38.6046,62.5,143.5,2,4,8,175.1,114.6,246.1
139,38.6046,94.29,156.55,9,28,93,125.7,37.1,158.5
139,38.6046,75.06,151.75,10,16,128,170.1,116.1,248.7
139,38.6046,317.71,158.57,4,2,7,162.1,147.3,250.3
139,38.6046,304.52,160.7,14,3,23,149.2,173.0,246.9
139,38.6046,292.21,163.29,6,5,14,125.3,139.7,245.4
139,38.6046,69.0,163.27,4,4,11,174.1,116.4,247.5
139,38.6046,304.5,168.5,4,2,6,136.2,141.3,239.8
139,38.6046,316.08,168.62,8,2,13,128.5,142.3,228.9
139,38.6046,315.18,175.47,5,5,17,138.0,139.6,247.5
139,38.6046,71.49,179.86,9,6,37,167.9,118.6,246.6
139,38.6046,176.38,182.95,28,10,172,174.0,218.7,241.6
139,38.6046,161.43,182.71,5,2,7,156.7,153.0,230.7
139,38.6046,192.67,185.17,2,4,6,130.5,133.5,232.8
139,38.6046,190.6,190.9,2,6,10,98.8,141.4,230.6
139,38.6046,145.14,190.43,4,3,7,132.7,136.7,246.9
139,38.6046,106.5,190.5,10,2,20,172.0,115.4,246.2
139,38.6046,71.83,195.83,4,4,12,166.0,123.7,248.7
139,38.6046,167.5,194.5,8,2,16,115.8,135.1,218.8
139,38.6046,181.69,195.04,12,4,26,112.5,139.8,229.5
139,38.6046,196.09,196.09,10,2,11,130.8,148.1,233.8
139,38.6046,182.53,198.53,14,2,15,132.6,146.7,221.1
139,38.6046,221.5,198.4,12,2,20,128.4,146.6,225.4
139,38.6046,143.76,200.49,35,2,67,149.6,148.0,204.8
139,38.6046,170.5,200.0,6,1,6,136.7,149.0,215.7
139,38.6046,6.83,202.33,16,2,24,147.4,150.4,203.4
139,38.6046,36.26,202.52,14,2,27,142.5,147.5,204.6
139,38.6046,58.9,202.6,6,2,10,138.9,145.9,185.9
139,38.6046,119.5,202.46,14,2,26,148.2,150.5,202.3
139,38.6046,304.74,202.09,32,2,35,144.8,148.9,202.9
139,38.6046,265.08,219.92,11,9,52,78.7,130.9,117.5
139,38.6046,6.24,220.79,8,6,29,65.3,143.8,95.7
139,38.6046,315.55,219.62,10,6,29,80.8,136.3,149.7
139,38.6046,101.2,220.8,5,5,15,73.8,130.9,139.1
139,38.6046,150.07,221.15,7,6,27,70.5,133.4,98.6
139,38.6046,249.93,220.74,10,5,27,63.0,138.0,88.4
139,38.6046,158.27,221.91,4,5,11,64.7,140.0,92.0
139,38.6046,145.5,226.17,4,3,6,49.2,142.3,49.3
139,38.6046,263.5,229.0,8,1,8,57.4,131.9,42.6
140,38.638,95.19,87.14,4,15,21,186.1,127.7,253.4
140,38.638,23.5,86.5,4,2,8,175.0,116.5,246.0
140,38.638,217.5,86.5,32,2,64,180.6,112.6,251.4
140,38.638,265.5,86.5,4,2,8,175.0,116.0,247.0
140,38.638,279.5,86.5,4,2,8,158.0,120.5,248.0
140,38.638,41.48,135.67,10,6,27,170.3,116.1,243.1
140,38.638,46.5,144.5,2,6,12,174.6,115.6,251.9
140,38.638,308.06,160.71,13,2,17,151.8,165.9,245.9
140,38.638,299.83,163.83,4,4,12,110.8,138.2,239.8
140,38.638,53.83,165.83,4,4,12,177.3,112.3,252.7
140,38.638,317.83,168.67,4,2,6,127.5,143.8,228.5
140,38.638,183.97,183.01,29,10,183,173.5,218.4,243.8
140,38.638,99.5,182.5,8,2,16,172.4,114.6,254.0
140,38.638,201.0,182.5,3,2,6,130.7,134.3,243.3
140,38.638,158.9,184.4,6,2,10,130.2,136.4,231.0
140,38.638,58.67,187.83,2,4,6,188.5,116.2,248.2
140,38.638,154.62,188.92,5,6,13,126.1,139.7,241.8
140,38.638,199.88,190.25,4,7,16,117.2,137.3,230.7
140,38.638,170.5,192.5,6,2,12,97.3,148.3,232.0
140,38.638,192.38,194.54,8,3,13,107.2,140.5,228.1
140,38.638,179.05,194.62,13,2,21,121.9,140.8,233.0
140,38.638,215.43,196.29,5,2,7,122.6,143.3,229.4
140,38.638,179.95,200.05,8,4,19,139.1,147.6,211.0
140,38.638,229.5,198.4,12,2,20,128.8,143.9,226.3
140,38.638,143.25,200.51,33,2,65,146.9,147.6,203.7
140,38.638,6.83,202.33,16,2,24,147.4,150.4,203.4
140,38.638,119.22,202.44,15,2,27,148.1,150.4,202.1
140,38.638,18.5,216.92,6,3,12,106.2,145.2,136.8
140,38.638,1.79,220.74,7,7,19,62.6,134.7,114.3
140,38.638,306.83,220.25,25,6,100,75.3,131.4,138.1
140,38.638,180.0,225.0,6,6,20,20.5,119.9,21.9
140,38.638,241.0,222.5,3,2,6,33.7,134.0,68.3
140,38.638,9.0,223.0,7,1,7,58.9,143.1,97.0
140,38.638,264.98,228.07,17,4,44,74.6,128.9,65.0
141,38.6713,95.19,87.14,4,15,21,186.1,127.7,253.4
141,38.6713,23.5,86.5,4,2,8,175.0,116.5,246.0
141,38.6713,217.5,86.5,32,2,64,180.6,112.6,251.4
141,38.6713,265.5,86.5,4,2,8,175.0,116.0,247.0
141,38.6713,279.5,86.5,4,2,8,158.0,120.5,248.0
141,38.6713,31.93,134.43,8,2,14,171.8,114.4,253.6
141,38.6713,38.5,139.5,2,4,8,171.0,117.0,251.5
141,38.6713,41.17,143.17,4,4,12,173.7,114.0,251.3
141,38.6713,92.36,163.64,4,7,11,187.1,126.6,249.1
141,38.6713,313.17,160.33,4,2,6,123.3,145.0,234.7
141,38.6713,305.43,163.21,5,4,14,118.9,141.5,242.3
141,38.6713,315.57,168.71,5,2,7,112.9,137.6,229.7
141,38.6713,53.66,179.0,4,10,35,188.1,110.9,252.1
141,38.6713,192.33,182.99,28,10,173,174.0,219.0,241.7
141,38.6713,177.83,182.67,4,2,6,156.7,152.7,231.3
141,38.6713,207.92,189.04,4,10,26,122.3,133.5,234.3
141,38.6713,162.11,190.78,3,5,9,138.9,133.6,245.7
141,38.6713,183.5,194.5,8,2,16,114.2,136.2,219.2
141,38.6713,196.86,194.9,14,3,29,113.4,139.8,229.3
141,38.6713,214.5,196.0,10,1,10,129.6,148.6,233.8
141,38.6713,197.53,198.63,16,2,19,135.4,146.6,221.2
141,38.6713,239.15,198.31,9,2,13,119.2,148.5,223.9
141,38.6713,180.18,200.18,10,2,11,145.5,148.7,205.5
141,38.6713,5.3,202.3,14,2,20,147.7,150.5,203.3
141,38.6713,39.83,202.33,4,2,6,147.0,149.0,209.3
141,38.6713,39.22,214.33,7,2,9,125.0,156.9,173.8
141,38.6713,17.55,220.67,21,6,69,62.7,139.9,114.3
141,38.6713,174.57,221.14,2,5,7,89.0,140.3,117.9
141,38.6713,250.67,221.89,4,3,9,34.3,138.1,75.9
141,38.6713,274.45,228.28,19,3,40,73.6,130.0,65.0
142,38.7047,95.19,87.14,4,15,21,186.1,127.7,253.4
142,38.7047,23.5,86.5,4,2,8,175.0,116.5,246.0
142,38.7047,217.5,86.5,32,2,64,180.6,112.6,251.4
142,38.7047,265.5,86.5,4,2,8,175.0,116.0,247.0
142,38.7047,279.5,86.5,4,2,8,158.0,120.5,248.0
142,38.7047,31.93,134.43,8,2,14,171.9,114.8,253.6
142,38.7047,38.5,139.5,2,4,8,170.9,116.9,248.9
142,38.7047,307.83,163.78,6,5,18,141.2,138.0,246.6
142,38.7047,314.0,166.67,6,2,9,126.4,134.0,229.0
142,38.7047,195.79,182.96,30,10,191,172.6,214.7,243.2
142,38.7047,213.0,182.5,3,2,6,130.7,134.3,243.3
142,38.7047,172.14,184.29,5,2,7,129.6,137.6,229.9
142,38.7047,165.86,189.36,4,6,14,137.0,136.1,245.4
142,38.7047,211.43,189.93,4,7,14,106.6,140.3,230.6
142,38.7047,195.4,194.7,26,3,50,117.9,138.4,228.2
142,38.7047,218.07,196.07,14,2,15,131.8,147.1,233.3
142,38.7047,199.91,198.59,18,2,22,138.2,146.5,219.0
142,38.7047,46.33,217.95,21,11,116,103.5,147.9,156.4
142,38.7047,13.19,220.38,4,6,16,54.6,130.7,97.4
142,38.7047,18.85,219.95,7,6,20,60.3,133.7,109.4
142,38.7047,310.82,220.38,21,7,84,69.8,129.9,142.1
142,38.7047,1.44,221.62,5,5,16,35.9,133.4,63.6
142,38.7047,157.96,221.0,6,5,24,65.7,132.4,103.2
142,38.7047,170.06,221.81,5,4,16,36.4,128.4,85.1
142,38.7047,244.62,221.54,6,4,13,46.0,137.5,94.2
142,38.7047,255.8,222.07,6,3,15,32.9,135.9,75.1
142,38.7047,25.5,222.5,6,2,12,54.7,144.2,79.0
142,38.7047,279.56,228.12,17,4,43,73.8,126.7,65.0
143,38.7381,95.19,87.14,4,15,21,186.1,127.7,253.4
143,38.7381,23.5,86.5,4,2,8,175.0,116.5,246.0
143,38.7381,217.5,86.5,32,2,64,180.6,112.6,251.4
143,38.7381,265.5,86.5,4,2,8,175.0,116.0,247.0
143,38.7381,279.5,86.5,4,2,8,158.0,120.5,248.0
143,38.7381,36.5,128.5,6,2,12,171.3,113.7,253.7
143,38.7381,26.67,137.67,3,4,9,166.9,119.8,254.2
143,38.7381,45.5,136.5,4,2,8,173.9,112.4,255.0
143,38.7381,98.75,146.75,6,6,32,169.0,116.5,246.0
143,38.7381,124.5,144.5,6,2,12,176.3,114.0,252.3
143,38.7381,52.18,154.29,4,12,28,173.1,115.2,249.5
143,38.7381,317.5,161.5,4,4,16,105.0,139.8,238.5
143,38.7381,207.9,181.83,29,11,184,174.0,217.2,242.7
143,38.7381,224.21,183.0,4,8,19,115.6,139.0,239.3
143,38.7381,181.57,184.29,5,2,7,110.7,143.9,229.9
143,38.7381,180.11,190.16,12,4,19,134.9,135.3,239.7
143,38.7381,216.43,193.22,16,8,37,114.0,140.2,229.6
143,38.7381,199.0,192.75,18,2,24,109.8,144.4,234.1
143,38.7381,195.88,220.58,22,17,155,63.4,126.9,103.7
143,38.7381,180.5,216.4,6,2,10,155.4,180.3,214.6
143,38.7381,26.35,219.04,8,7,26,63.9,136.7,116.7
143,38.7381,92.13,218.07,5,4,15,84.1,130.0,159.9
143,38.7381,1.47,219.67,5,5,15,42.3,140.3,76.4
143,38.7381,11.16,220.62,11,5,37,32.0,130.7,59.9
143,38.7381,181.84,220.68,7,5,19,56.2,128.0,89.0
143,38.7381,42.0,221.29,3,4,7,43.1,136.4,78.1
143,38.7381,33.0,221.58,7,2,12,51.4,143.2,80.1
143,38.7381,64.61,227.43,14,6,44,167.0,121.3,79.6
143,38.7381,142.16,225.58,9,4,19,43.9,123.6,48.4
143,38.7381,293.24,228.08,21,4,51,72.1,123.1,65.7
144,38.7714,23.5,86.5,4,2,8,175.0,116.5,246.0
144,38.7714,217.5,86.5,32,2,64,180.6,112.6,251.4
144,38.7714,265.5,86.5,4,2,8,175.0,116.0,247.0
144,38.7714,279.5,86.5,4,2,8,158.0,120.5,248.0
144,38.7714,26.5,132.5,2,6,12,167.7,117.3,251.2
144,38.7714,47.04,134.81,5,8,27,174.4,115.8,248.3
144,38.7714,52.22,149.31,4,14,32,173.1,115.3,248.3
144,38.7714,131.5,150.5,4,2,8,175.0,114.5,246.0
144,38.7714,90.5,169.5,2,4,8,174.8,114.2,246.8
144,38.7714,88.5,181.5,2,12,24,170.2,115.8,248.3
144,38.7714,212.62,181.64,28,11,175,174.7,216.8,243.0
144,38.7714,228.0,180.88,4,4,8,115.2,141.2,237.5
144,38.7714,129.92,187.49,14,9,85,175.4,115.9,251.7
144,38.7714,185.57,184.29,5,2,7,113.3,144.6,231.0
144,38.7714,182.0,187.82,4,4,11,130.0,140.3,246.6
144,38.7714,220.67,193.15,17,8,39,112.1,136.6,224.2
144,38.7714,195.25,192.05,28,4,40,120.4,144.5,232.8
144,38.7714,236.33,194.56,7,2,9,139.9,140.9,231.3
144,38.7714,246.5,196.0,6,1,6,129.7,147.7,235.3
144,38.7714,255.22,196.44,5,2,9,128.0,145.2,230.1
144,38.7714,262.5,196.0,6,1,6,133.7,141.0,221.0
144,38.7714,201.76,198.52,16,2,29,150.0,147.7,208.4
144,38.7714,146.38,200.38,5,2,8,144.2,149.5,194.5
144,38.7714,30.0,218.81,8,7,21,61.0,134.3,113.0
144,38.7714,10.57,220.57,21,6,69,44.2,132.4,70.6
144,38.7714,46.0,220.1,3,5,10,47.6,138.5,89.8
144,38.7714,175.43,220.27,8,5,30,60.1,127.7,99.9
144,38.7714,36.5,221.5,6,2,12,52.8,144.1,80.6
144,38.7714,64.61,227.43,14,6,44,167.0,121.3,79.6
144,38.7714,298.18,228.06,21,4,49,73.0,124.0,65.6
145,38.8048,23.5,86.5,4,2,8,175.0,116.5,246.0
145,38.8048,217.5,86.5,32,2,64,180.6,112.6,251.4
145,38.8048,265.5,86.5,4,2,8,175.0,116.0,247.0
145,38.8048,279.5,86.5,4,2,8,158.0,120.5,248.0
145,38.8048,42.5,119.5,2,4,8,169.4,117.4,248.4
145,38.8048,25.17,126.17,4,10,24,170.2,115.2,253.4
145,38.8048,45.83,123.17,4,4,12,174.8,114.8,252.4
145,38.8048,52.5,137.5,2,4,8,175.8,118.8,245.8
145,38.8048,119.87,148.39,14,6,76,173.7,115.3,245.6
145,38.8048,137.5,152.5,4,2,8,175.0,114.5,246.0
145,38.8048,107.29,156.57,4,2,7,171.0,115.7,247.1
145,38.8048,142.5,161.5,2,4,8,171.0,115.0,255.0
145,38.8048,220.01,178.6,29,11,184,175.5,216.7,243.9
145,38.8048,90.48,182.74,2,14,27,172.3,115.7,247.4
145,38.8048,202.0,178.17,5,2,6,129.5,141.2,218.5
145,38.8048,195.5,180.5,4,2,8,122.1,141.1,231.1
145,38.8048,42.85,183.94,8,9,33,176.5,121.0,245.6
145,38.8048,235.47,185.67,4,8,15,108.4,138.5,228.3
145,38.8048,190.0,186.27,6,4,11,128.0,140.5,244.8
145,38.8048,202.0,188.75,6,2,8,124.1,143.9,232.4
145,38.8048,212.5,190.5,6,2,12,128.3,135.7,224.0
145,38.8048,228.57,190.92,21,4,37,110.2,140.3,224.5
145,38.8048,256.0,192.25,12,2,16,126.3,144.4,231.6
145,38.8048,126.2,194.9,9,2,10,157.0,147.5,208.2
145,38.8048,221.39,194.5,12,2,18,138.3,146.5,216.8
145,38.8048,279.77,194.64,16,3,22,132.6,149.1,217.8
145,38.8048,22.5,195.0,6,1,6,154.0,145.0,214.0
145,38.8048,79.5,195.0,32,1,32,151.3,145.9,207.2
145,38.8048,295.5,195.0,16,1,16,150.6,145.9,209.5
145,38.8048,201.44,196.24,26,2,34,147.0,149.9,204.8
145,38.8048,311.64,196.43,16,2,28,146.9,149.3,201.2
145,38.8048,148.88,198.12,7,2,8,131.9,149.9,195.9
145,38.8048,62.32,212.09,20,12,69,112.0,160.3,159.7
145,38.8048,68.13,216.13,5,7,23,69.6,137.3,115.3
145,38.8048,15.22,217.42,28,6,91,44.8,134.2,71.0
145,38.8048,38.17,216.0,8,6,24,62.2,136.8,110.5
145,38.8048,278.5,218.2,4,3,10,35.1,130.5,53.9
145,38.8048,45.0,218.5,7,2,14,52.7,145.3,79.4
145,38.8048,165.83,220.83,3,3,6,37.0,124.2,35.0
145,38.8048,307.22,226.63,23,10,97,68.5,116.8,54.8
145,38.8048,145.43,222.71,4,3,7,62.6,137.6,48.9
145,38.8048,65.72,227.07,22,6,89,153.4,124.1,100.4
146,38.8382,23.5,86.5,4,2,8,175.0,116.5,246.0
146,38.8382,217.5,86.5,32,2,64,180.6,112.6,251.4
146,38.8382,265.5,86.5,4,2,8,175.0,116.0,247.0
146,38.8382,279.5,86.5,4,2,8,158.0,120.5,248.0
146,38.8382,27.17,107.17,4,4,12,174.2,116.5,248.8
146,38.8382,46.0,112.0,4,6,16,173.0,114.5,251.5
146,38.8382,107.5,160.5,8,2,16,174.4,113.9,254.1
146,38.8382,42.48,171.0,8,6,33,176.7,121.0,246.1
146,38.8382,155.3,171.3,8,8,60,172.3,115.5,246.3
146,38.8382,232.96,175.27,28,11,181,174.4,216.2,243.5
146,38.8382,247.2,173.4,5,4,10,121.0,137.9,233.6
146,38.8382,205.17,178.33,4,2,6,126.8,143.2,239.8
146,38.8382,241.41,187.61,18,12,61,118.7,138.8,223.2
146,38.8382,200.57,183.9,12,5,30,161.0,125.7,246.3
146,38.8382,152.8,183.3,3,4,10,181.4,119.2,245.4
146,38.8382,88.5,185.5,2,4,8,165.8,120.2,247.8
146,38.8382,211.29,184.57,4,2,7,129.3,139.4,231.9
146,38.8382,224.76,186.52,15,2,29,116.7,141.1,229.6
146,38.8382,262.3,188.3,7,2,10,126.3,142.2,231.3
146,38.8382,283.71,190.43,4,2,7,127.1,145.4,229.4
146,38.8382,203.99,192.79,40,4,68,147.3,148.9,204.9
146,38.8382,306.73,192.49,26,2,49,146.2,148.0,205.6
146,38.8382,156.5,194.33,4,2,6,132.7,146.0,195.2
146,38.8382,67.77,210.03,18,10,60,91.3,146.2,149.0
146,38.8382,135.0,206.0,7,1,7,154.9,189.6,187.0
146,38.8382,1.5,208.5,4,2,6,160.7,216.2,198.2
146,38.8382,51.12,212.08,7,7,24,70.5,135.4,120.7
146,38.8382,80.08,212.92,4,6,12,52.7,138.2,114.0
146,38.8382,5.41,212.79,11,6,34,50.5,132.9,88.9
146,38.8382,27.5,213.33,4,6,12,59.9,141.8,92.8
146,38.8382,60.0,212.86,7,5,21,67.1,142.6,122.0
146,38.8382,15.31,214.56,5,5,16,52.9,133.8,71.1
146,38.8382,24.0,214.29,3,5,7,65.0,145.3,88.1
146,38.8382,35.92,214.38,9,5,37,34.8,131.8,61.9
146,38.8382,290.89,214.56,3,4,9,41.8,132.1,87.0
146,38.8382,318.0,215.5,3,2,6,52.0,138.8,63.0
146,38.8382,197.97,221.76,8,9,34,17.4,111.9,18.0
146,38.8382,64.92,222.96,22,12,129,134.2,131.8,102.3
146,38.8382,143.14,220.33,9,4,21,43.5,133.9,39.7
146,38.8382,205.46,222.66,11,8,41,11.7,105.0,9.0
146,38.8382,315.88,225.79,8,8,34,88.6,154.4,71.3
147,38.8715,23.5,86.5,4,2,8,175.0,116.5,246.0
147,38.8715,217.5,86.5,32,2,64,180.6,112.6,251.4
147,38.8715,265.5,86.5,4,2,8,175.0,116.0,247.0
147,38.8715,279.5,86.5,4,2,8,158.0,120.5,248.0
147,38.8715,26.71,105.41,7,4,17,173.2,115.2,247.9
147,38.8715,45.5,106.5,4,2,8,174.0,113.5,253.5
147,38.8715,109.17,160.67,4,2,6,183.0,114.0,247.3
147,38.8715,149.83,163.17,4,4,12,171.0,114.0,253.2
147,38.8715,236.75,174.37,31,11,187,173.5,217.0,244.3
147,38.8715,90.5,178.5,2,10,20,173.4,115.2,248.8
147,38.8715,251.96,179.3,4,12,23,111.0,140.1,236.8
147,38.8715,209.18,176.65,8,3,17,115.4,141.0,231.7
147,38.8715,84.25,180.25,6,6,32,169.2,116.8,245.5
147,38.8715,208.14,181.91,12,4,22,117.9,139.3,236.0
147,38.8715,220.14,184.86,6,2,7,116.9,146.0,232.6
147,38.8715,228.2,185.8,7,3,10,119.6,135.0,222.6
147,38.8715,241.09,186.35,11,3,23,110.9,141.5,230.0
147,38.8715,275.47,188.18,14,2,17,129.9,145.8,233.2
147,38.8715,52.46,190.66,23,2,35,150.4,146.0,208.0
147,38.8715,181.81,191.27,21,4,37,154.0,148.6,206.2
147,38.8715,222.7,190.6,35,4,67,149.9,147.3,211.4
147,38.8715,309.86,190.96,22,4,56,146.1,146.9,211.2
147,38.8715,13.56,192.18,32,2,39,145.7,149.5,207.1
147,38.8715,197.5,192.5,4,2,8,149.4,150.9,204.4
147,38.8715,1.5,206.33,5,4,12,174.5,208.8,197.6
147,38.8715,64.75,209.56,6,4,16,109.6,143.7,165.9
147,38.8715,209.5,208.5,4,2,6,110.0,144.5,171.0
147,38.8715,3.25,210.38,4,3,8,66.9,140.9,123.2
147,38.8715,10.5,212.12,7,6,24,48.2,131.2,81.8
147,38.8715,19.61,212.87,6,6,23,56.3,133.8,77.5
147,38.8715,34.78,212.9,19,6,68,40.5,135.0,70.2
147,38.8715,121.67,211.17,2,4,6,71.2,129.8,156.2
147,38.8715,1.18,213.55,4,4,11,57.5,139.8,79.7
147,38.8715,62.2,213.4,5,3,10,53.9,144.3,89.4
147,38.8715,284.27,213.36,5,4,11,45.3,139.0,84.6
147,38.8715,53.62,213.75,4,3,8,44.1,132.8,71.0
147,38.8715,294.8,214.0,4,3,10,37.8,133.3,64.4
147,38.8715,64.92,220.42,22,11,125,133.8,127.5,100.3
147,38.8715,314.29,227.0,3,3,7,72.0,131.9,59.4
148,38.9049,23.83,87.17,4,4,12,174.7,116.3,248.3
148,38.9049,41.0,86.5,3,2,6,172.7,121.7,245.7
148,38.9049,217.5,86.5,32,2,64,180.6,112.6,251.4
148,38.9049,265.5,86.5,4,2,8,175.0,116.0,247.0
148,38.9049,279.5,86.5,4,2,8,158.0,120.5,248.0
148,38.9049,26.5,93.5,2,4,8,171.0,115.0,254.2
148,38.9049,46.5,95.5,2,4,8,171.9,115.9,251.4
148,38.9049,52.5,108.5,2,10,20,170.9,115.3,249.6
148,38.9049,248.76,171.07,30,10,184,173.0,215.9,243.7
148,38.9049,239.29,168.57,4,2,7,146.4,154.0,238.7
148,38.9049,225.0,172.5,3,2,6,127.2,138.8,229.8
148,38.9049,90.5,176.5,2,6,12,177.3,115.3,246.7
148,38.9049,252.31,182.74,30,13,94,114.7,138.0,224.3
148,38.9049,217.92,178.17,6,4,12,149.2,131.5,246.6
148,38.9049,278.56,184.22,7,2,9,124.4,144.1,231.1
148,38.9049,286.5,185.0,6,1,6,148.0,146.7,241.0
148,38.9049,298.85,186.23,10,2,13,121.5,149.5,221.2
148,38.9049,312.17,188.3,16,2,23,145.3,148.8,204.0
148,38.9049,3.72,204.86,12,13,81,118.6,167.7,153.3
148,38.9049,317.82,205.64,4,5,11,96.5,129.3,159.1
148,38.9049,15.5,207.2,4,3,10,72.4,139.4,127.0
148,38.9049,22.26,208.63,8,7,27,47.0,129.2,84.4
148,38.9049,12.38,209.46,6,5,13,61.9,138.8,91.0
148,38.9049,117.89,209.44,3,4,9,63.8,136.0,90.2
148,38.9049,306.78,210.56,4,4,9,35.0,136.6,75.2
148,38.9049,140.86,216.18,11,6,28,54.9,123.9,37.0
148,38.9049,213.01,219.25,18,10,105,13.6,106.3,7.0
149,38.9383,217.5,86.5,32,2,64,180.6,112.6,251.4
149,38.9383,265.5,86.5,4,2,8,175.0,116.0,247.0
149,38.9383,279.5,86.5,4,2,8,158.0,120.5,248.0
149,38.9383,25.5,88.5,4,2,8,179.5,113.5,255.0
149,38.9383,46.5,91.5,2,4,8,171.0,116.5,254.0
149,38.9383,45.83,96.33,4,2,6,175.7,123.3,246.7
149,38.9383,52.47,103.76,2,9,17,170.2,115.4,251.4
149,38.9383,24.5,115.5,2,4,8,172.1,117.1,245.6
149,38.9383,155.5,163.5,4,4,16,172.0,116.0,245.0
149,38.9383,252.47,169.89,28,11,176,174.6,217.7,243.0
149,38.9383,226.0,172.33,6,2,9,115.8,141.7,231.7
149,38.9383,261.11,181.62,18,12,63,115.9,137.0,222.2
149,38.9383,90.5,177.5,2,4,8,174.0,115.5,245.0
149,38.9383,223.88,178.2,13,4,25,137.4,134.0,241.5
149,38.9383,243.4,180.73,18,3,30,109.7,143.2,226.9
149,38.9383,277.43,182.43,4,2,7,136.4,138.4,229.4
149,38.9383,286.5,184.0,6,1,6,128.8,147.8,235.2
149,38.9383,295.71,184.43,4,2,7,127.1,144.3,228.9
149,38.9383,302.5,184.0,6,1,6,133.7,141.0,221.0
149,38.9383,244.86,186.55,14,2,22,145.5,147.1,211.8
149,38.9383,313.95,186.45,12,2,22,141.1,148.1,208.3
149,38.9383,5.92,200.52,16,8,65,176.1,196.2,214.1
149,38.9383,4.53,207.58,10,8,57,45.7,128.5,71.1
149,38.9383,17.42,207.35,8,6,26,65.8,140.7,106.8
149,38.9383,26.38,207.96,7,7,24,47.9,130.8,79.5
149,38.9383,58.22,211.07,44,15,251,90.3,124.8,94.1
149,38.9383,317.33,206.33,5,3,9,88.7,144.0,133.3
149,38.9383,310.83,209.58,4,5,12,41.4,135.7,62.1
149,38.9383,78.0,209.67,8,3,15,52.1,141.3,71.0
149,38.9383,216.06,218.49,20,11,108,12.8,102.2,8.7
150,38.9716,217.5,86.5,32,2,64,180.6,112.6,251.4
150,38.9716,265.5,86.5,4,2,8,175.0,116.0,247.0
150,38.9716,279.5,86.5,4,2,8,158.0,120.5,248.0
150,38.9716,53.63,91.97,4,10,35,171.9,114.4,249.7
150,38.9716,24.5,96.5,2,6,12,177.8,112.8,255.0
150,38.9716,260.58,167.88,28,11,183,174.5,218.1,243.4
150,38.9716,252.86,164.43,5,2,7,139.4,147.6,232.1
150,38.9716,275.2,165.4,5,4,10,121.0,137.9,233.6
150,38.9716,234.0,170.33,6,2,9,115.6,142.8,232.3
150,38.9716,268.75,179.75,18,12,68,117.0,138.1,222.6
150,38.9716,232.92,176.0,12,4,25,134.0,137.4,240.2
150,38.9716,251.24,178.48,17,2,33,113.1,143.0,228.2
150,38.9716,286.17,180.33,8,2,12,130.9,139.2,227.9
150,38.9716,307.74,182.48,12,2,23,130.7,145.5,224.3
150,38.9716,7.5,184.5,16,2,32,152.0,145.5,214.2
150,38.9716,178.25,184.62,20,2,32,148.7,146.0,202.2
150,38.9716,193.56,184.89,8,2,9,153.8,145.6,206.4
150,38.9716,317.83,184.33,4,2,6,140.8,148.2,211.5
150,38.9716,124.5,186.0,34,1,34,144.0,150.0,197.7
150,38.9716,7.21,201.71,18,16,199,114.9,157.1,150.6
150,38.9716,17.78,200.22,5,3,9,161.2,201.6,200.1
150,38.9716,26.5,205.11,9,7,28,64.9,134.9,89.4
150,38.9716,58.84,208.51,31,14,188,100.5,122.8,97.9
150,38.9716,33.81,206.31,4,5,16,57.6,135.0,78.8
150,38.9716,77.36,206.82,4,4,11,49.6,131.5,80.0
150,38.9716,318.2,206.7,3,4,10,49.0,130.6,72.3
150,38.9716,85.25,207.38,6,2,8,48.2,140.8,66.6
150,38.9716,73.04,210.21,8,6,24,125.3,151.1,123.7
150,38.9716,222.62,216.51,20,12,121,13.8,104.7,10.1
151,39.005,23.5,86.5,4,2,8,175.0,116.5,246.0
151,39.005,28.0,89.5,1,8,8,182.4,125.9,250.9
151,39.005,217.5,86.5,32,2,64,180.6,112.6,251.4
151,39.005,265.5,86.5,4,2,8,175.0,116.0,247.0
151,39.005,279.5,86.5,4,2,8,158.0,120.5,248.0
151,39.005,272.17,164.65,29,10,175,174.1,218.5,244.0
151,39.005,247.83,166.33,4,2,6,127.8,138.8,231.5
151,39.005,242.2,170.4,3,6,10,118.7,140.9,244.4
151,39.005,275.99,177.02,37,12,130,119.2,140.8,224.0
151,39.005,305.38,178.38,5,2,8,126.2,142.1,229.0
151,39.005,6.5,181.0,14,1,14,151.4,146.1,215.6
151,39.005,180.5,181.0,10,1,10,151.0,145.0,208.0
151,39.005,23.5,182.0,16,1,16,144.9,149.0,207.5
151,39.005,42.0,182.0,11,1,11,139.2,150.0,199.6
151,39.005,121.59,182.29,12,2,17,144.3,149.4,203.1
151,39.005,153.21,182.42,11,2,19,149.2,150.4,202.3
151,39.005,167.5,182.0,12,1,12,145.2,150.0,206.0
151,39.005,201.17,182.33,4,2,6,148.3,151.3,204.0
151,39.005,12.86,199.06,32,16,326,103.8,152.7,147.5
151,39.005,65.57,201.41,30,12,191,120.1,127.5,111.0
151,39.005,48.67,199.83,2,4,6,67.7,141.3,111.0
151,39.005,36.13,202.83,5,6,23,64.9,139.7,87.5
151,39.005,44.36,202.5,7,6,28,55.8,128.8,84.4
151,39.005,88.33,203.0,4,6,15,54.3,144.4,91.3
151,39.005,106.57,202.57,4,6,14,56.7,139.6,96.4
151,39.005,230.87,214.68,23,12,149,13.1,107.6,9.6
151,39.005,154.67,218.33,3,3,6,71.2,104.2,57.2
152,39.0384,23.5,86.5,4,2,8,175.0,116.5,246.0
152,39.0384,217.5,86.5,32,2,64,180.6,112.6,251.4
152,39.0384,265.5,86.5,4,2,8,175.0,116.0,247.0
152,39.0384,279.5,86.5,4,2,8,158.0,120.5,248.0
152,39.0384,52.84,124.47,7,6,32,176.3,120.3,245.3
152,39.0384,275.93,163.38,28,10,178,174.4,217.9,242.7
152,39.0384,262.0,162.25,4,3,8,157.5,144.8,234.5
152,39.0384,292.0,162.57,4,3,7,115.9,140.0,239.3
152,39.0384,247.27,166.91,5,4,11,118.0,141.7,241.3
152,39.0384,292.5,168.0,2,3,6,114.2,140.8,233.2
152,39.0384,290.57,171.71,2,4,7,100.6,138.7,228.1
152,39.0384,253.18,172.64,7,2,11,127.6,138.8,231.6
152,39.0384,268.83,174.55,16,2,29,112.0,139.7,223.6
152,39.0384,283.65,175.88,12,6,40,108.1,138.0,220.5
152,39.0384,316.1,178.2,8,2,10,115.6,148.2,224.8
152,39.0384,142.29,180.59,33,2,56,146.2,146.3,203.4
152,39.0384,259.35,180.5,40,2,52,146.7,147.3,210.6
152,39.0384,14.33,197.78,34,15,365,104.9,150.9,151.1
152,39.0384,103.55,197.36,24,13,108,115.8,152.9,172.8
152,39.0384,67.18,200.75,33,15,234,104.1,121.4,98.1
152,39.0384,114.44,198.75,9,11,32,72.1,135.2,132.8
152,39.0384,91.63,201.16,5,8,19,62.9,144.9,106.9
152,39.0384,40.14,201.62,5,6,21,64.0,139.7,85.0
152,39.0384,47.1,200.2,5,3,10,63.1,131.0,100.0
152,39.0384,218.71,200.0,3,3,7,106.6,148.4,181.0
152,39.0384,233.62,214.6,23,12,150,12.4,106.2,9.1
153,39.0717,23.5,86.5,4,2,8,175.0,116.5,246.0
153,39.0717,217.5,86.5,32,2,64,180.6,112.6,251.4
153,39.0717,265.5,86.5,4,2,8,175.0,116.0,247.0
153,39.0717,279.5,86.5,4,2,8,158.0,120.5,248.0
153,39.0717,42.5,115.5,2,8,16,173.4,114.4,255.0
153,39.0717,70.57,119.29,2,4,7,180.3,122.7,250.6
153,39.0717,50.42,124.69,10,5,26,174.3,116.3,251.4
153,39.0717,65.78,127.0,5,3,9,176.7,119.7,246.9
153,39.0717,281.92,161.41,28,10,177,174.5,218.3,242.8
153,39.0717,275.0,158.5,5,2,6,142.8,151.3,235.2
153,39.0717,267.83,160.67,4,2,6,149.7,151.7,230.3
153,39.0717,259.17,162.33,4,2,6,132.2,141.8,232.2
153,39.0717,252.88,164.88,4,4,8,114.9,141.1,241.6
153,39.0717,297.43,167.93,4,7,14,106.1,139.0,229.6
153,39.0717,259.88,170.62,5,2,8,128.5,138.1,231.8
153,39.0717,274.26,172.52,14,2,27,112.7,138.8,223.5
153,39.0717,288.09,173.97,14,6,35,107.9,136.9,219.0
153,39.0717,310.9,174.4,6,2,10,124.9,143.7,233.3
153,39.0717,298.5,175.0,6,1,6,154.2,148.8,235.5
153,39.0717,18.29,195.69,42,16,450,106.2,150.7,154.0
153,39.0717,68.59,197.71,40,14,264,97.1,122.2,94.1
153,39.0717,107.09,196.02,24,12,102,103.2,149.4,157.2
153,39.0717,45.38,199.77,4,6,13,63.1,139.4,84.7
153,39.0717,117.0,200.71,3,3,7,43.7,131.6,66.1
153,39.0717,196.8,212.05,18,16,130,148.5,168.7,149.4
153,39.0717,240.07,213.48,25,13,171,11.3,103.8,8.4
153,39.0717,126.33,215.21,10,7,33,144.7,175.6,138.9
153,39.0717,188.0,216.5,3,2,6,55.3,80.3,68.3
153,39.0717,131.17,222.33,4,2,6,156.3,228.3,150.3
154,39.1051,77.51,88.46,4,10,35,171.5,120.3,250.7
154,39.1051,23.5,86.5,4,2,8,175.0,116.5,246.0
154,39.1051,217.5,86.5,32,2,64,180.6,112.6,251.4
154,39.1051,265.5,86.5,4,2,8,175.0,116.0,247.0
154,39.1051,279.5,86.5,4,2,8,158.0,120.5,248.0
154,39.1051,52.5,115.5,2,8,16,173.4,114.4,255.0
154,39.1051,60.42,124.69,10,5,26,174.3,116.4,251.1
154,39.1051,287.26,160.24,31,11,185,174.2,216.6,245.0
154,39.1051,262.1,162.4,6,2,10,121.3,141.1,231.1
154,39.1051,260.26,167.47,10,6,19,126.1,141.4,240.3
154,39.1051,293.81,172.96,26,14,95,122.4,140.6,222.2
154,39.1051,278.1,171.2,16,2,20,109.8,141.6,227.1
154,39.1051,312.88,172.62,6,2,8,140.9,141.9,235.6
154,39.1051,13.31,176.77,10,2,13,152.2,145.5,212.9
154,39.1051,57.5,177.0,12,1,12,158.0,145.0,212.0
154,39.1051,37.5,178.0,16,1,16,143.8,150.0,204.5
154,39.1051,119.72,178.48,16,2,29,147.5,149.1,205.4
154,39.1051,155.78,178.44,5,2,9,149.0,150.4,202.1
154,39.1051,192.02,178.24,32,2,42,146.4,149.7,204.4
154,39.1051,259.14,178.29,25,2,35,147.3,150.3,202.7
154,39.1051,134.56,191.17,32,20,300,136.4,158.6,180.8
154,39.1051,20.81,194.68,45,16,490,107.6,146.1,155.9
154,39.1051,119.17,191.5,5,4,18,168.9,199.9,218.5
154,39.1051,111.89,195.31,14,10,65,91.4,137.8,148.8
154,39.1051,42.62,192.54,7,3,13,165.5,211.4,216.2
154,39.1051,104.13,198.07,5,6,15,56.1,144.3,93.6
154,39.1051,122.0,199.71,3,3,7,46.1,134.7,67.7
154,39.1051,249.7,211.35,24,14,186,15.2,108.1,12.2
154,39.1051,124.61,217.72,12,11,46,128.7,160.5,126.5
154,39.1051,117.0,221.0,5,3,7,152.9,234.7,156.1
154,39.1051,69.14,224.57,5,2,7,44.6,139.6,45.6
155,39.1385,23.5,86.5,4,2,8,175.0,116.5,246.0
155,39.1385,217.5,86.5,32,2,64,180.6,112.6,251.4
155,39.1385,265.5,86.5,4,2,8,175.0,116.0,247.0
155,39.1385,279.5,86.5,4,2,8,158.0,120.5,248.0
155,39.1385,90.5,104.5,2,6,12,170.1,114.4,250.8
155,39.1385,91.0,126.0,3,5,9,179.3,121.7,248.1
155,39.1385,71.5,131.17,8,4,24,174.1,116.3,250.1
155,39.1385,85.71,134.43,4,2,7,176.4,119.4,245.6
155,39.1385,292.76,157.06,30,10,192,173.0,216.6,243.6
155,39.1385,310.5,159.5,2,4,8,126.2,140.2,238.8
155,39.1385,262.5,163.5,2,4,8,123.2,141.2,246.2
155,39.1385,295.65,168.65,32,12,86,112.2,137.5,222.5
155,39.1385,271.33,166.67,4,2,6,128.7,139.7,231.7
155,39.1385,8.7,172.9,18,2,20,152.4,145.1,211.5
155,39.1385,171.1,195.1,7,6,21,69.1,146.0,116.0
155,39.1385,92.56,195.69,20,6,72,45.9,136.2,73.1
155,39.1385,242.91,194.97,8,5,32,69.2,134.2,118.8
155,39.1385,78.62,196.12,4,4,8,78.6,117.0,82.5
155,39.1385,65.65,199.71,9,3,17,100.2,121.9,97.6
155,39.1385,65.5,202.67,8,2,12,76.9,120.9,73.1
155,39.1385,256.4,211.52,25,15,199,15.4,108.3,11.7
155,39.1385,119.63,224.43,10,10,35,134.1,170.3,135.7
155,39.1385,206.5,228.67,4,2,6,93.2,107.7,89.2
155,39.1385,230.5,228.5,4,2,6,153.5,249.7,155.2
156,39.1718,23.5,86.5,4,2,8,175.0,116.5,246.0
156,39.1718,217.5,86.5,32,2,64,180.6,112.6,251.4
156,39.1718,265.5,86.5,4,2,8,175.0,116.0,247.0
156,39.1718,279.5,86.5,4,2,8,158.0,120.5,248.0
156,39.1718,100.33,113.83,2,4,6,169.2,115.5,245.8
156,39.1718,73.5,131.75,6,10,32,173.5,115.5,250.9
156,39.1718,101.33,134.83,2,4,6,182.8,124.8,249.7
156,39.1718,296.94,155.78,28,10,180,174.1,216.6,245.4
156,39.1718,307.75,165.41,18,16,61,113.6,136.5,224.9
156,39.1718,270.83,158.33,5,2,6,125.5,145.0,231.2
156,39.1718,266.33,161.83,2,4,6,125.7,138.7,243.0
156,39.1718,274.67,164.67,6,2,9,125.4,140.0,232.2
156,39.1718,287.72,166.56,18,2,32,115.3,143.9,230.4
156,39.1718,243.65,175.87,40,19,323,150.8,155.3,176.7
156,39.1718,19.5,172.5,40,2,80,150.2,146.8,208.6
156,39.1718,210.21,172.86,12,2,14,152.9,145.6,206.3
156,39.1718,280.18,172.59,42,2,61,146.3,147.1,212.8
156,39.1718,152.0,173.0,11,1,11,158.0,145.0,210.0
156,39.1718,252.17,190.5,7,3,12,148.4,159.5,177.6
156,39.1718,96.19,194.57,19,6,68,45.1,134.7,71.7
156,39.1718,123.54,194.35,9,5,26,62.5,143.4,95.3
156,39.1718,166.15,194.23,3,5,13,59.6,130.9,100.5
156,39.1718,173.38,193.25,3,4,8,66.2,137.1,119.2
156,39.1718,175.06,201.55,11,6,31,22.2,119.7,10.2
156,39.1718,140.01,205.89,21,9,80,83.2,131.8,69.4
156,39.1718,262.79,209.61,27,17,250,12.0,105.4,7.9
156,39.1718,117.0,221.57,4,3,7,156.0,250.7,157.0
156,39.1718,203.14,221.43,5,2,7,153.9,250.3,155.0
156,39.1718,187.5,222.5,4,2,8,153.8,250.6,151.8
157,39.2052,23.5,86.5,4,2,8,175.0,116.5,246.0
157,39.2052,217.5,86.5,32,2,64,180.6,112.6,251.4
157,39.2052,265.5,86.5,4,2,8,175.0,116.0,247.0
157,39.2052,279.5,86.5,4,2,8,158.0,120.5,248.0
157,39.2052,111.17,133.17,4,4,12,173.2,115.2,245.5
157,39.2052,97.83,143.17,4,4,12,174.8,115.8,245.5
157,39.2052,300.17,157.05,33,10,206,171.6,212.8,243.6
157,39.2052,318.5,159.5,2,4,8,124.2,139.8,237.8
157,39.2052,273.17,160.33,4,2,6,113.0,146.0,235.7
157,39.2052,271.29,163.71,4,4,7,129.7,143.6,244.4
157,39.2052,305.47,169.06,32,12,99,118.6,138.3,223.2
157,39.2052,170.19,167.62,8,4,26,165.3,119.3,249.7
157,39.2052,8.7,172.9,18,2,20,152.4,145.1,211.5
157,39.2052,285.5,174.0,12,1,12,144.3,149.7,209.7
157,39.2052,5.06,189.07,11,12,71,138.0,159.4,193.5
157,39.2052,170.5,190.0,6,1,6,170.8,221.5,221.5
157,39.2052,260.46,192.69,5,4,13,107.2,131.2,161.8
157,39.2052,171.1,194.1,6,6,20,73.6,135.9,121.1
157,39.2052,5.22,195.56,3,5,9,70.8,130.2,113.6
157,39.2052,100.56,195.72,20,6,71,45.9,135.5,72.5
157,39.2052,270.36,209.97,30,18,286,11.5,106.2,6.6
157,39.2052,132.82,206.0,3,5,11,67.5,133.6,51.7
157,39.2052,141.63,206.39,15,7,54,78.6,117.1,62.6
157,39.2052,66.6,224.87,9,3,15,45.5,140.5,46.5
158,39.2386,23.5,86.5,4,2,8,175.0,116.5,246.0
158,39.2386,217.5,86.5,32,2,64,180.6,112.6,251.4
158,39.2386,265.5,86.5,4,2,8,175.0,116.0,247.0
158,39.2386,279.5,86.5,4,2,8,158.0,120.5,248.0
158,39.2386,116.5,103.5,2,4,8,172.5,116.0,255.0
158,39.2386,86.5,112.5,2,6,12,165.7,117.3,252.7
158,39.2386,115.83,121.17,4,4,12,172.3,115.7,245.7
158,39.2386,103.5,146.5,4,2,8,174.0,116.0,248.0
158,39.2386,113.07,151.36,8,6,28,173.1,115.5,248.1
158,39.2386,301.42,157.93,29,10,197,172.5,213.9,244.6
158,39.2386,276.0,160.33,6,2,9,120.0,142.9,230.1
158,39.2386,274.52,165.43,11,6,21,127.7,141.5,238.6
158,39.2386,310.57,169.43,18,13,60,112.8,138.2,222.6
158,39.2386,170.5,168.5,6,2,12,173.3,116.3,249.7
158,39.2386,253.65,177.62,38,20,356,151.0,150.9,168.7
158,39.2386,292.13,169.04,18,3,23,114.0,142.4,229.0
158,39.2386,142.54,174.68,31,3,50,151.3,146.3,205.7
158,39.2386,219.51,174.8,20,3,35,149.2,146.1,208.7
158,39.2386,289.86,174.55,28,2,44,144.0,147.5,215.6
158,39.2386,237.83,176.33,4,2,6,143.0,149.0,202.7
158,39.2386,1.38,187.56,4,5,16,181.2,199.8,233.3
158,39.2386,6.52,191.81,9,11,48,131.2,153.4,183.0
158,39.2386,169.5,190.67,4,2,6,171.3,231.3,226.3
158,39.2386,265.0,194.87,12,7,52,74.8,128.9,131.5
158,39.2386,317.21,194.67,5,6,24,89.8,130.0,164.3
158,39.2386,170.77,195.18,9,7,22,65.6,133.3,116.5
158,39.2386,178.12,194.12,3,3,8,84.9,137.9,148.9
158,39.2386,85.17,196.89,6,6,18,45.9,131.8,69.9
158,39.2386,101.41,196.76,19,6,71,45.7,135.4,71.8
158,39.2386,176.68,202.66,11,8,41,20.4,117.0,11.5
158,39.2386,274.01,210.67,31,19,299,11.7,106.9,7.3
158,39.2386,140.97,207.36,20,8,86,77.2,124.7,62.2
158,39.2386,246.86,217.57,5,2,7,47.6,143.6,46.6
158,39.2386,64.77,226.58,16,4,26,45.5,140.5,46.5
159,39.2719,23.5,86.5,4,2,8,175.0,116.5,246.0
159,39.2719,217.5,86.5,32,2,64,180.6,112.6,251.4
159,39.2719,265.5,86.5,4,2,8,175.0,116.0,247.0
159,39.2719,279.5,86.5,4,2,8,158.0,120.5,248.0
159,39.2719,96.5,120.5,2,6,12,163.7,117.7,252.7
159,39.2719,125.83,123.83,4,4,12,178.7,113.0,246.0
159,39.2719,125.77,129.23,4,4,13,172.0,115.8,245.6
159,39.2719,113.5,155.5,4,4,16,174.0,116.2,249.2
159,39.2719,305.43,160.0,33,11,184,172.6,213.7,243.3
159,39.2719,123.5,159.83,8,4,24,173.2,114.9,249.7
159,39.2719,293.5,158.5,4,2,6,142.7,150.2,233.7
159,39.2719,113.5,160.5,4,2,8,173.0,115.5,246.0
159,39.2719,285.57,160.29,5,2,7,129.7,142.7,224.9
159,39.2719,279.62,162.38,5,2,8,117.0,143.0,230.1
159,39.2719,105.5,164.5,4,2,8,171.1,113.1,251.1
159,39.2719,276.94,168.22,10,4,18,131.1,138.2,241.2
159,39.2719,171.5,169.5,8,4,32,172.3,117.0,250.7
159,39.2719,257.73,177.84,33,20,363,152.7,152.7,172.0
159,39.2719,305.31,174.35,38,10,88,125.5,141.5,219.8
159,39.2719,294.05,170.95,18,2,19,105.1,146.3,233.1
159,39.2719,152.27,176.91,17,4,33,154.1,145.9,204.2
159,39.2719,229.43,176.71,5,2,7,152.0,145.3,211.0
159,39.2719,200.39,178.22,28,2,36,146.1,150.0,203.9
159,39.2719,219.0,178.0,7,1,7,140.7,149.1,202.9
159,39.2719,276.11,178.78,7,2,9,150.4,154.2,200.6
159,39.2719,7.14,192.78,16,13,98,143.9,163.4,196.6
159,39.2719,181.29,196.0,3,3,7,81.7,133.1,146.9
159,39.2719,88.14,199.14,5,6,21,57.4,130.0,73.1
159,39.2719,104.69,199.1,19,6,71,43.9,133.6,68.9
159,39.2719,173.87,198.73,4,6,15,59.3,129.9,96.7
159,39.2719,64.92,200.92,5,3,12,140.5,141.5,138.2
159,39.2719,276.17,206.17,3,3,6,28.5,135.2,12.8
159,39.2719,281.14,213.96,33,18,304,13.4,104.0,7.3
159,39.2719,141.16,210.33,20,8,90,78.8,121.8,63.9
159,39.2719,281.0,222.0,5,3,11,12.8,114.3,6.9
159,39.2719,66.25,228.58,9,2,12,45.2,140.2,46.2
159,39.2719,214.0,228.5,5,2,6,154.0,250.3,155.3
160,39.3053,23.5,86.5,4,2,8,175.0,116.5,246.0
160,39.3053,217.5,86.5,32,2,64,180.6,112.6,251.4
160,39.3053,265.5,86.5,4,2,8,175.0,116.0,247.0
160,39.3053,279.5,86.5,4,2,8,158.0,120.5,248.0
160,39.3053,132.5,107.5,2,4,8,173.6,112.1,254.4
160,39.3053,106.5,121.5,2,8,16,167.8,116.8,249.8
160,39.3053,135.83,123.83,4,4,12,178.7,113.0,246.0
160,39.3053,135.77,129.23,4,4,13,172.0,115.8,245.6
160,39.3053,123.17,155.83,4,4,12,174.0,116.0,248.7
160,39.3053,105.0,157.67,4,4,9,184.2,119.2,253.0
160,39.3053,308.19,163.34,29,10,184,174.5,215.5,245.3
160,39.3053,281.17,166.33,4,2,6,125.2,142.2,230.8
160,39.3053,119.03,169.43,16,4,60,179.7,112.6,247.6
160,39.3053,171.93,169.64,8,4,28,171.7,116.7,248.7
160,39.3053,307.8,175.76,28,6,83,116.6,141.6,225.6
160,39.3053,194.83,180.67,8,2,12,152.4,146.8,208.4
160,39.3053,295.5,180.5,20,2,36,150.5,148.1,209.8
160,39.3053,301.61,197.89,40,14,349,102.3,138.0,168.7
160,39.3053,272.71,199.24,18,10,76,88.0,131.9,146.8
160,39.3053,1.17,198.33,4,5,12,146.2,178.2,202.7
160,39.3053,184.57,199.29,2,4,7,79.7,136.7,142.7
160,39.3053,108.75,202.82,22,9,93,53.6,131.9,68.1
160,39.3053,134.56,199.56,5,3,9,70.8,140.2,131.8
160,39.3053,177.86,201.45,7,6,22,74.2,138.0,118.4
160,39.3053,187.5,201.86,4,6,14,54.4,131.1,105.4
160,39.3053,81.04,202.0,10,5,26,44.2,126.8,71.8
160,39.3053,91.0,202.5,5,5,16,52.2,128.1,68.8
160,39.3053,182.0,209.35,12,7,40,19.6,118.0,7.5
160,39.3053,292.57,218.7,36,20,367,10.6,107.6,8.1
160,39.3053,138.47,212.76,23,9,113,74.8,121.6,60.6
160,39.3053,125.0,213.0,3,3,7,44.7,132.7,42.6
160,39.3053,166.5,220.5,4,2,6,50.8,145.8,53.8
161,39.3387,23.5,86.5,4,2,8,175.0,116.5,246.0
161,39.3387,217.5,86.5,32,2,64,180.6,112.6,251.4
161,39.3387,265.5,86.5,4,2,8,175.0,116.0,247.0
161,39.3387,279.5,86.5,4,2,8,158.0,120.5,248.0
161,39.3387,132.5,107.5,2,4,8,173.6,112.1,254.4
161,39.3387,106.5,121.5,2,8,16,167.8,116.8,249.8
161,39.3387,135.83,123.83,4,4,12,178.7,113.0,246.0
161,39.3387,135.77,129.23,4,4,13,172.0,115.8,245.6
161,39.3387,123.17,155.83,4,4,12,174.0,116.0,248.7
161,39.3387,105.0,157.67,4,4,9,184.2,119.2,253.0
161,39.3387,308.78,163.29,28,10,187,173.8,214.0,244.6
161,39.3387,287.17,164.33,4,2,6,131.5,143.2,231.5
161,39.3387,281.57,166.29,5,2,7,120.1,141.6,230.7
161,39.3387,119.03,169.43,16,4,60,179.7,112.6,247.6
161,39.3387,179.5,168.5,4,2,8,172.5,116.5,245.5
161,39.3387,307.84,175.79,28,7,76,119.8,141.5,225.6
161,39.3387,297.52,180.55,23,2,42,147.8,147.5,211.8
161,39.3387,302.06,197.86,39,14,339,102.6,137.9,169.7
161,39.3387,273.18,199.23,20,10,84,86.3,133.1,148.3
161,39.3387,185.6,199.3,4,5,10,79.3,139.9,139.4
161,39.3387,179.31,200.31,8,7,29,83.4,133.4,139.3
161,39.3387,108.29,202.16,20,7,75,41.3,134.4,70.1
161,39.3387,188.6,201.73,4,6,15,53.9,131.0,103.9
161,39.3387,92.28,202.61,6,5,18,62.8,126.9,67.8
161,39.3387,0.78,202.44,3,4,9,62.7,137.7,88.7
161,39.3387,116.07,207.43,7,3,14,41.6,127.8,40.6
161,39.3387,180.58,208.42,11,6,31,21.4,119.9,8.6
161,39.3387,64.5,207.92,6,3,12,58.0,129.2,57.6
161,39.3387,185.78,210.28,7,7,18,36.3,133.2,27.6
161,39.3387,295.62,220.29,35,20,365,14.3,106.9,8.9
161,39.3387,139.15,214.9,25,9,119,75.6,125.3,63.3
161,39.3387,164.83,214.33,4,2,6,44.3,139.3,49.3
161,39.3387,167.79,221.14,6,3,14,48.0,143.3,49.3
161,39.3387,268.38,225.62,3,4,8,53.1,146.5,50.4
162,39.372,23.5,86.5,4,2,8,175.0,116.5,246.0
162,39.372,217.5,86.5,32,2,64,180.6,112.6,251.4
162,39.372,265.5,86.5,4,2,8,175.0,116.0,247.0
162,39.372,279.5,86.5,4,2,8,158.0,120.5,248.0
162,39.372,132.5,107.5,2,4,8,173.6,112.1,254.4
162,39.372,106.5,121.5,2,8,16,167.8,116.8,249.8
162,39.372,131.33,126.5,4,3,6,170.8,123.2,246.5
162,39.372,123.17,155.83,4,4,12,174.0,116.0,248.7
162,39.372,105.0,157.67,4,4,9,184.2,119.2,253.0
162,39.372,310.2,163.41,25,10,163,177.1,216.3,244.8
162,39.372,273.83,161.83,4,4,12,179.8,114.8,247.2
162,39.372,285.35,163.62,11,8,40,150.4,129.9,243.8
162,39.372,176.5,166.5,6,2,12,172.8,116.8,245.8
162,39.372,119.03,169.43,16,4,60,179.7,112.6,247.6
162,39.372,185.5,170.5,4,2,8,172.9,116.9,245.9
162,39.372,309.31,175.89,26,6,74,118.1,142.2,225.7
162,39.372,303.38,197.89,37,14,311,102.1,137.2,168.7
162,39.372,84.62,201.38,6,8,24,59.0,125.2,70.5
162,39.372,153.29,198.71,3,4,7,67.1,130.3,124.6
162,39.372,183.5,200.12,10,8,32,71.3,137.7,137.8
162,39.372,2.53,201.68,7,6,19,67.9,137.3,100.7
162,39.372,93.85,202.1,5,6,20,52.1,135.4,76.3
162,39.372,110.51,202.26,20,6,72,43.7,133.0,68.6
162,39.372,190.71,201.57,3,6,14,51.9,134.9,109.5
162,39.372,184.66,208.57,13,6,44,15.5,114.1,10.1
162,39.372,110.33,208.93,8,3,15,38.6,133.1,36.9
162,39.372,304.72,219.59,32,21,397,9.2,108.4,4.2
162,39.372,137.27,215.26,25,8,135,73.3,120.5,57.6
162,39.372,109.5,218.5,4,2,6,49.8,141.8,48.8
162,39.372,169.0,221.82,7,3,11,47.2,142.5,48.5
162,39.372,271.73,226.45,6,2,11,49.7,141.7,50.7
163,39.4054,23.5,86.5,4,2,8,175.0,116.5,246.0
163,39.4054,217.5,86.5,32,2,64,180.6,112.6,251.4
163,39.4054,265.5,86.5,4,2,8,175.0,116.0,247.0
163,39.4054,279.5,86.5,4,2,8,158.0,120.5,248.0
163,39.4054,132.5,107.5,2,4,8,173.6,112.1,254.4
163,39.4054,106.5,121.5,2,8,16,167.8,116.8,249.8
163,39.4054,131.33,126.5,4,3,6,170.8,123.2,246.5
163,39.4054,123.17,155.83,4,4,12,174.0,116.0,248.7
163,39.4054,310.6,163.56,26,10,149,175.9,215.1,245.1
163,39.4054,115.5,164.5,4,2,8,171.1,113.1,251.1
163,39.4054,179.27,165.0,4,4,11,171.9,117.7,246.7
163,39.4054,111.5,170.5,4,2,8,172.5,115.0,249.5
163,39.4054,135.5,183.0,8,1,8,150.1,156.1,198.9
163,39.4054,304.2,197.87,35,14,295,104.7,138.5,171.7
163,39.4054,277.64,198.86,21,11,87,87.7,134.2,149.7
163,39.4054,155.5,198.5,2,4,6,69.5,128.7,126.8
163,39.4054,189.57,199.29,3,5,7,66.0,138.3,131.6
163,39.4054,184.9,208.0,16,17,98,28.8,115.6,37.3
163,39.4054,4.0,201.64,9,6,22,69.0,138.1,103.2
163,39.4054,108.48,202.22,29,6,100,46.9,134.1,71.0
163,39.4054,192.57,201.57,4,6,14,53.5,131.8,105.3
163,39.4054,107.36,209.0,7,3,11,35.0,133.1,45.9
163,39.4054,309.35,220.91,25,22,309,12.1,106.6,5.7
163,39.4054,138.64,216.41,25,10,152,70.5,123.0,59.4
163,39.4054,123.0,218.25,4,3,8,44.2,127.8,33.5
163,39.4054,170.0,223.19,7,3,16,44.9,140.4,46.4
164,39.4388,23.5,86.5,4,2,8,175.0,116.5,246.0
164,39.4388,217.5,86.5,32,2,64,180.6,112.6,251.4
164,39.4388,265.5,86.5,4,2,8,175.0,116.0,247.0
164,39.4388,279.5,86.5,4,2,8,158.0,120.5,248.0
164,39.4388,118.21,95.43,6,4,14,175.7,116.0,247.1
164,39.4388,104.5,115.5,2,4,8,174.0,114.5,247.0
164,39.4388,104.43,131.48,6,4,23,172.0,116.0,245.0
164,39.4388,135.83,134.33,4,2,6,172.0,116.3,245.0
164,39.4388,123.17,159.83,4,4,12,174.0,116.0,250.3
164,39.4388,130.5,163.5,2,4,8,172.8,114.8,250.2
164,39.4388,177.17,163.67,6,4,18,172.1,117.3,247.1
164,39.4388,107.43,169.4,8,4,30,170.1,114.3,251.7
164,39.4388,115.5,168.5,4,2,8,171.2,113.2,247.8
164,39.4388,313.92,179.13,14,6,39,126.9,144.3,214.2
164,39.4388,154.23,180.54,7,2,13,158.0,145.0,210.0
164,39.4388,8.5,182.0,18,1,18,144.6,149.5,207.9
164,39.4388,37.88,182.38,16,2,26,148.2,149.9,208.1
164,39.4388,58.5,182.25,6,2,8,146.5,149.2,212.5
164,39.4388,137.68,182.36,16,2,25,143.8,147.5,201.5
164,39.4388,202.21,182.29,10,2,14,147.7,150.6,202.1
164,39.4388,5.24,195.13,13,12,100,173.2,188.9,222.0
164,39.4388,178.09,198.64,6,5,11,149.5,192.5,203.7
164,39.4388,108.76,203.98,28,13,125,47.6,132.0,68.3
164,39.4388,191.45,200.55,3,6,11,73.5,138.4,134.8
164,39.4388,186.69,208.02,16,16,101,33.1,114.0,43.2
164,39.4388,194.36,202.71,4,6,14,52.0,131.4,100.9
164,39.4388,4.72,203.06,6,5,18,58.4,137.6,89.5
164,39.4388,250.0,202.5,3,2,6,89.0,141.3,141.0
164,39.4388,137.72,216.9,30,10,188,71.5,117.7,60.5
164,39.4388,66.0,213.5,7,2,14,43.1,87.4,43.1
164,39.4388,317.57,214.57,3,4,7,23.3,126.7,20.6
164,39.4388,121.0,216.71,3,4,7,52.3,129.0,34.9
164,39.4388,312.91,223.39,15,14,132,11.8,104.0,10.9
164,39.4388,171.38,225.19,7,3,16,47.1,142.6,48.6
164,39.4388,288.38,227.12,7,2,8,52.4,142.4,53.4
165,39.4721,23.5,86.5,4,2,8,175.0,116.5,246.0
165,39.4721,217.5,86.5,32,2,64,180.6,112.6,251.4
165,39.4721,265.5,86.5,4,2,8,175.0,116.0,247.0
165,39.4721,279.5,86.5,4,2,8,158.0,120.5,248.0
165,39.4721,117.5,104.5,4,2,8,175.1,113.6,254.5
165,39.4721,113.0,108.0,4,6,16,174.5,114.5,250.0
165,39.4721,121.09,106.73,6,3,11,179.0,116.6,252.4
165,39.4721,104.5,122.5,2,6,12,174.0,114.3,247.0
165,39.4721,135.83,136.33,4,2,6,178.7,113.0,246.0
165,39.4721,104.24,139.62,6,4,21,172.0,116.0,245.0
165,39.4721,135.5,142.5,4,2,8,171.4,115.9,245.9
165,39.4721,106.36,156.45,6,2,11,170.8,119.0,249.0
165,39.4721,178.63,165.32,6,4,19,172.1,117.2,247.2
165,39.4721,123.17,167.83,4,4,12,174.0,116.3,248.7
165,39.4721,187.5,168.5,4,2,8,172.5,116.5,245.5
165,39.4721,130.5,171.5,2,4,8,174.5,116.5,252.0
165,39.4721,121.5,176.5,4,2,8,166.9,117.4,245.9
165,39.4721,316.68,180.88,7,7,25,140.2,143.2,221.1
165,39.4721,215.15,184.23,8,3,13,148.3,149.5,205.8
165,39.4721,7.5,184.0,16,1,16,144.8,149.3,208.4
165,39.4721,24.5,184.0,14,1,14,145.9,150.0,206.0
165,39.4721,40.5,184.0,14,1,14,145.9,150.0,206.0
165,39.4721,58.1,184.4,6,2,10,151.6,148.0,213.6
165,39.4721,139.5,184.4,12,2,20,149.3,149.9,205.4
165,39.4721,204.21,184.29,10,2,14,147.7,150.6,202.1
165,39.4721,8.97,197.44,23,11,146,167.6,181.8,217.2
165,39.4721,305.63,200.81,31,14,277,106.5,138.4,171.6
165,39.4721,180.78,200.89,5,4,9,146.2,186.7,204.1
165,39.4721,193.45,202.55,3,6,11,77.1,137.1,136.5
165,39.4721,116.51,205.14,20,7,71,43.7,135.1,70.2
165,39.4721,189.33,210.32,15,17,99,32.6,110.9,42.8
165,39.4721,92.56,203.0,5,3,9,92.4,159.3,130.1
165,39.4721,172.79,204.05,6,6,19,66.5,129.1,128.5
165,39.4721,196.6,204.73,4,6,15,53.7,131.8,106.6
165,39.4721,6.5,205.55,6,5,20,55.3,135.8,85.0
165,39.4721,251.43,204.86,4,3,7,92.7,142.7,144.6
165,39.4721,99.48,210.41,10,5,29,53.9,120.0,57.9
165,39.4721,136.59,219.39,32,11,199,72.7,117.0,59.7
165,39.4721,117.83,219.67,4,2,6,57.7,138.0,42.7
165,39.4721,318.5,222.0,2,3,6,26.0,126.0,23.3
165,39.4721,318.11,226.22,4,4,9,22.3,122.9,8.1
165,39.4721,173.47,227.53,7,4,15,45.6,141.1,47.1
165,39.4721,315.86,228.71,5,2,7,25.6,122.9,17.4
165,39.4721,292.5,229.0,6,1,6,55.3,145.3,56.3
166,39.5055,23.5,86.5,4,2,8,175.0,116.5,246.0
166,39.5055,217.5,86.5,32,2,64,180.6,112.6,251.4
166,39.5055,265.5,86.5,4,2,8,175.0,116.0,247.0
166,39.5055,279.5,86.5,4,2,8,158.0,120.5,248.0
166,39.5055,116.43,115.36,14,8,42,175.8,115.0,247.2
166,39.5055,126.5,121.5,2,4,8,170.5,114.5,250.0
166,39.5055,132.5,128.5,2,6,12,170.3,115.7,251.7
166,39.5055,104.5,132.5,2,6,12,173.7,115.0,246.3
166,39.5055,104.0,147.63,6,4,19,172.0,116.0,245.0
166,39.5055,180.9,163.3,6,4,20,172.3,116.8,247.8
166,39.5055,107.62,164.62,4,3,8,174.9,120.6,249.0
166,39.5055,121.83,176.67,4,2,6,175.5,116.8,245.8
166,39.5055,131.67,180.53,8,2,15,168.9,124.6,253.1
166,39.5055,82.65,185.85,14,3,26,148.4,148.5,206.8
166,39.5055,144.41,186.39,30,2,49,148.3,149.0,204.0
166,39.5055,113.94,207.45,31,8,100,47.7,137.1,72.5
166,39.5055,160.29,204.43,3,4,7,67.4,133.0,125.9
166,39.5055,195.44,205.0,3,5,9,75.8,135.9,135.7
166,39.5055,92.5,206.75,4,7,16,82.1,145.2,112.7
166,39.5055,188.18,206.64,4,5,11,57.5,136.5,114.0
166,39.5055,191.71,214.82,17,11,107,16.3,106.6,9.6
166,39.5055,98.59,213.21,10,6,29,64.1,136.2,64.7
166,39.5055,131.14,213.43,3,4,7,33.3,130.0,33.1
166,39.5055,137.33,221.99,30,11,216,72.0,118.4,58.2
166,39.5055,167.71,221.43,4,2,7,45.9,140.9,50.9
166,39.5055,111.0,223.5,5,2,8,60.1,147.1,52.1
167,39.5389,23.5,86.5,4,2,8,175.0,116.5,246.0
167,39.5389,217.5,86.5,32,2,64,180.6,112.6,251.4
167,39.5389,265.5,86.5,4,2,8,175.0,116.0,247.0
167,39.5389,279.5,86.5,4,2,8,158.0,120.5,248.0
167,39.5389,133.17,137.83,4,4,12,174.8,113.1,254.5
167,39.5389,104.5,156.5,6,2,12,172.0,116.0,245.0
167,39.5389,135.83,160.33,4,2,6,172.0,116.3,245.0
167,39.5389,100.89,169.21,6,4,19,170.9,115.9,252.2
167,39.5389,291.33,176.83,4,6,12,119.2,140.2,240.2
167,39.5389,66.1,188.27,24,2,30,142.5,148.9,209.3
167,39.5389,307.3,205.37,28,15,238,105.1,138.9,170.6
167,39.5389,195.16,215.07,22,20,180,32.5,119.4,41.9
167,39.5389,162.62,206.62,2,5,8,69.8,134.8,128.8
167,39.5389,197.25,206.38,3,4,8,79.9,137.2,143.6
167,39.5389,11.86,209.38,9,5,21,65.8,137.2,94.9
167,39.5389,95.17,207.58,8,2,12,59.1,135.2,99.7
167,39.5389,115.0,209.94,10,6,32,39.2,135.9,61.9
167,39.5389,104.08,210.0,7,5,24,51.3,137.2,82.5
167,39.5389,125.57,210.45,10,7,44,49.4,130.6,60.5
167,39.5389,255.5,209.5,4,2,8,82.5,141.8,134.5
167,39.5389,2.71,210.86,6,2,7,42.1,137.1,47.1
167,39.5389,131.5,224.1,44,12,295,78.5,124.5,58.7
167,39.5389,64.5,223.0,6,1,6,105.8,126.2,97.2
168,39.5722,23.5,86.5,4,2,8,175.0,116.5,246.0
168,39.5722,217.5,86.5,32,2,64,180.6,112.6,251.4
168,39.5722,265.5,86.5,4,2,8,175.0,116.0,247.0
168,39.5722,279.5,86.5,4,2,8,158.0,120.5,248.0
168,39.5722,126.5,136.5,6,2,12,175.8,114.5,246.5
168,39.5722,138.5,147.5,2,4,8,175.0,116.5,246.0
168,39.5722,314.26,172.05,18,30,262,136.3,140.4,196.5
168,39.5722,99.5,169.5,4,4,16,171.8,117.6,246.8
168,39.5722,204.5,177.5,2,4,8,179.5,114.5,247.5
168,39.5722,295.57,176.29,5,2,7,118.6,142.7,236.6
168,39.5722,211.5,178.5,4,2,8,172.5,116.0,245.0
168,39.5722,293.25,180.38,4,3,8,136.9,139.4,246.0
168,39.5722,217.64,181.43,4,4,14,177.3,116.1,245.3
168,39.5722,231.64,181.43,4,4,14,177.4,116.2,245.4
168,39.5722,300.3,182.7,7,2,10,130.5,139.2,231.7
168,39.5722,196.89,217.27,20,20,169,27.5,117.4,39.2
168,39.5722,13.91,211.27,9,5,22,70.0,137.3,94.5
168,39.5722,202.62,211.62,3,6,13,36.5,129.7,85.7
168,39.5722,6.27,212.27,3,5,11,61.8,134.5,90.8
168,39.5722,105.81,212.06,7,5,16,51.9,127.4,70.1
168,39.5722,260.5,213.33,4,2,6,54.8,134.5,90.2
168,39.5722,135.0,225.61,33,9,201,72.5,115.5,60.2
168,39.5722,119.0,228.5,3,2,6,66.0,136.7,33.3
169,39.6056,23.5,86.5,4,2,8,175.0,116.5,246.0
169,39.6056,217.5,86.5,32,2,64,180.6,112.6,251.4
169,39.6056,265.5,86.5,4,2,8,175.0,116.0,247.0
169,39.6056,279.5,86.5,4,2,8,158.0,120.5,248.0
169,39.6056,100.83,164.17,10,8,48,172.3,115.2,247.7
169,39.6056,142.09,173.09,3,5,11,168.8,137.5,210.1
169,39.6056,205.0,173.0,6,4,16,179.6,113.6,248.1
169,39.6056,315.09,176.94,12,5,35,164.7,219.9,252.3
169,39.6056,297.17,178.33,4,2,6,124.2,142.5,233.5
169,39.6056,294.43,181.71,2,4,7,138.9,135.0,244.7
169,39.6056,317.22,186.56,5,2,9,123.7,138.9,218.0
169,39.6056,312.14,209.36,20,13,151,111.0,144.3,174.6
169,39.6056,292.83,210.82,24,11,129,80.1,129.1,141.9
169,39.6056,128.78,214.06,10,11,51,50.3,135.5,72.8
169,39.6056,167.27,212.27,3,7,11,69.0,133.5,111.5
169,39.6056,195.06,212.76,6,6,17,69.6,134.9,130.1
169,39.6056,201.44,212.0,3,5,9,71.2,133.3,130.7
169,39.6056,100.38,212.12,4,3,8,55.2,138.8,105.2
169,39.6056,118.26,214.16,11,6,31,48.9,139.5,74.9
169,39.6056,141.9,212.95,5,5,20,58.5,138.8,100.8
169,39.6056,201.18,220.56,19,17,159,17.8,110.9,14.1
169,39.6056,274.9,213.29,11,6,41,78.8,136.9,122.1
169,39.6056,8.27,214.27,3,5,11,61.8,134.5,90.8
169,39.6056,14.87,214.13,6,5,15,59.9,136.5,82.7
169,39.6056,107.28,214.28,8,5,25,35.0,133.6,61.2
169,39.6056,139.83,218.17,3,3,6,159.2,237.2,126.2
169,39.6056,135.51,226.44,36,8,190,71.2,115.4,61.4
169,39.6056,114.56,228.44,5,3,9,59.8,124.4,24.2
170,39.639,23.5,86.5,4,2,8,175.0,116.5,246.0
170,39.639,217.5,86.5,32,2,64,180.6,112.6,251.4
170,39.639,265.5,86.5,4,2,8,175.0,116.0,247.0
170,39.639,279.5,86.5,4,2,8,158.0,120.5,248.0
170,39.639,114.5,159.5,2,4,8,168.0,117.0,246.0
170,39.639,314.8,177.7,12,7,40,158.8,203.8,245.7
170,39.639,301.0,178.3,7,2,10,125.7,139.9,230.6
170,39.639,297.0,182.5,4,6,12,128.1,144.2,241.7
170,39.639,41.1,192.85,23,4,39,152.2,148.0,212.6
170,39.639,318.5,193.5,2,4,6,139.7,149.7,199.7
170,39.639,234.5,193.0,6,1,6,151.0,145.0,205.0
170,39.639,264.5,193.0,18,1,18,151.9,145.9,205.9
170,39.639,207.21,194.06,32,2,34,143.5,148.6,202.1
170,39.639,247.5,194.0,16,1,16,144.0,149.0,198.0
170,39.639,294.5,194.0,42,1,42,142.4,149.6,196.5
170,39.639,308.86,210.85,28,13,198,100.1,139.1,162.7
170,39.639,288.55,212.11,15,10,71,78.0,132.1,143.4
170,39.639,185.67,210.17,2,4,6,132.2,194.2,193.7
170,39.639,181.65,213.75,6,7,20,71.2,133.7,128.1
170,39.639,201.41,222.49,23,19,157,19.8,109.0,18.1
170,39.639,117.76,214.88,4,6,17,41.7,134.8,75.9
170,39.639,142.69,214.69,5,6,16,74.4,144.2,94.3
170,39.639,195.29,214.79,4,6,14,50.5,127.4,98.6
170,39.639,206.3,214.2,4,5,10,45.6,128.6,73.9
170,39.639,276.13,214.47,10,6,38,76.4,137.1,119.6
170,39.639,121.67,214.33,3,3,6,36.8,146.5,67.3
170,39.639,210.29,213.29,5,2,7,66.1,123.3,130.3
170,39.639,100.0,216.83,3,3,6,149.0,189.7,148.3
170,39.639,136.64,217.91,4,5,11,59.0,146.0,44.3
170,39.639,165.83,216.33,4,2,6,61.5,139.5,80.8
170,39.639,134.38,227.58,35,5,123,67.8,118.3,63.0
171,39.6723,23.5,86.5,4,2,8,175.0,116.5,246.0
171,39.6723,217.5,86.5,32,2,64,180.6,112.6,251.4
171,39.6723,265.5,86.5,4,2,8,175.0,116.0,247.0
171,39.6723,279.5,86.5,4,2,8,158.0,120.5,248.0
171,39.6723,187.5,154.5,8,2,16,184.8,113.8,245.8
171,39.6723,147.5,162.5,8,2,16,178.1,113.3,247.1
171,39.6723,90.52,165.52,7,4,23,171.7,117.5,246.3
171,39.6723,212.75,170.25,8,8,32,181.2,112.7,249.9
171,39.6723,158.5,173.5,2,4,8,175.0,116.5,246.0
171,39.6723,214.24,182.03,6,9,29,173.9,116.4,245.9
171,39.6723,315.32,181.39,10,5,31,161.9,219.8,251.2
171,39.6723,300.0,182.33,6,2,9,120.0,141.9,230.6
171,39.6723,161.2,185.1,4,4,10,172.4,120.5,247.0
171,39.6723,296.67,186.5,2,4,6,141.3,135.0,246.2
171,39.6723,219.83,187.67,6,4,18,177.7,115.9,245.7
171,39.6723,302.77,188.54,7,2,13,128.0,144.0,236.2
171,39.6723,314.0,190.5,11,2,20,117.7,145.2,231.8
171,39.6723,310.05,213.86,22,13,185,103.9,137.2,166.7
171,39.6723,285.18,216.16,26,11,116,79.2,132.5,135.7
171,39.6723,182.55,216.95,6,7,20,72.5,132.5,134.6
171,39.6723,210.53,222.78,18,16,133,21.9,107.4,30.1
171,39.6723,0.4,217.9,2,6,10,55.7,133.0,87.2
171,39.6723,146.42,217.46,8,6,24,80.0,139.9,101.1
171,39.6723,110.41,218.53,6,5,17,52.3,136.3,71.5
171,39.6723,196.38,218.23,4,5,13,53.2,129.2,94.9
171,39.6723,10.0,218.6,3,4,10,59.0,131.5,88.8
171,39.6723,166.17,220.0,4,3,6,40.3,119.8,55.2
171,39.6723,200.53,225.91,12,11,55,13.7,106.7,6.8
171,39.6723,17.62,225.54,4,4,13,169.3,235.9,173.8
171,39.6723,97.67,225.0,4,3,6,108.3,145.0,99.0
171,39.6723,116.29,228.57,4,2,7,75.9,125.0,37.3
171,39.6723,144.17,228.83,10,2,12,49.9,122.8,37.1
172,39.7057,23.5,86.5,4,2,8,175.0,116.5,246.0
172,39.7057,217.5,86.5,32,2,64,180.6,112.6,251.4
172,39.7057,265.5,86.5,4,2,8,175.0,116.0,247.0
172,39.7057,279.5,86.5,4,2,8,158.0,120.5,248.0
172,39.7057,213.49,175.51,10,18,61,177.4,114.5,247.6
172,39.7057,163.83,179.83,4,8,24,167.8,118.1,248.4
172,39.7057,315.0,182.33,11,6,36,159.5,207.0,247.4
172,39.7057,302.4,182.4,6,2,10,128.0,138.0,229.0
172,39.7057,219.5,185.5,4,4,16,177.5,115.5,245.5
172,39.7057,119.17,187.83,4,4,12,173.1,114.8,248.4
172,39.7057,297.27,187.73,4,4,11,136.6,138.6,245.7
172,39.7057,17.5,198.0,20,1,20,144.1,149.3,207.8
172,39.7057,13.76,212.24,29,15,210,156.3,179.0,200.2
172,39.7057,309.75,215.14,22,13,181,100.2,137.1,163.5
172,39.7057,286.36,217.14,27,10,113,77.2,133.1,135.1
172,39.7057,208.76,224.1,22,16,166,21.6,113.6,25.1
172,39.7057,103.5,216.5,6,2,10,47.0,133.0,97.3
172,39.7057,0.44,219.22,2,5,9,51.3,130.3,81.0
172,39.7057,196.75,219.25,5,5,12,51.5,128.5,98.0
172,39.7057,10.0,219.6,3,4,10,60.6,130.5,91.3
172,39.7057,110.82,219.94,7,4,17,54.1,135.4,74.8
172,39.7057,144.5,221.0,2,3,6,62.8,138.5,85.8
172,39.7057,264.17,220.67,5,2,6,54.8,134.2,92.7
172,39.7057,197.2,226.8,3,6,10,32.4,131.6,19.6
172,39.7057,16.75,226.62,3,4,8,167.4,242.0,168.4
172,39.7057,101.0,226.5,3,2,6,167.0,235.7,161.7
172,39.7057,121.71,228.42,13,3,24,65.8,134.5,66.5
173,39.7391,23.5,86.5,4,2,8,175.0,116.5,246.0
173,39.7391,217.5,86.5,32,2,64,180.6,112.6,251.4
173,39.7391,265.5,86.5,4,2,8,175.0,116.0,247.0
173,39.7391,279.5,86.5,4,2,8,158.0,120.5,248.0
173,39.7391,216.55,166.91,8,10,44,179.1,113.9,247.1
173,39.7391,216.7,180.3,6,6,20,173.5,116.3,245.9
173,39.7391,314.97,184.3,11,6,37,159.2,206.0,248.0
173,39.7391,302.4,184.4,6,2,10,127.6,137.6,228.6
173,39.7391,297.27,189.73,4,4,11,136.6,138.6,245.7
173,39.7391,125.28,201.15,31,20,253,154.5,150.7,172.5
173,39.7391,13.2,214.24,27,16,204,157.8,180.0,203.4
173,39.7391,309.78,217.08,22,13,179,100.9,137.2,164.6
173,39.7391,286.16,219.09,27,10,118,78.0,133.5,136.6
173,39.7391,138.64,217.82,2,7,11,80.5,137.3,117.6
173,39.7391,118.73,222.32,5,9,22,59.0,133.8,66.0
173,39.7391,0.44,221.22,2,5,9,56.3,134.2,89.1
173,39.7391,24.91,225.88,15,11,80,127.2,146.8,142.8
173,39.7391,131.75,219.75,5,3,12,67.8,135.2,101.8
173,39.7391,196.33,221.33,4,5,12,53.4,131.5,104.5
173,39.7391,212.83,219.67,3,3,6,96.3,131.7,150.7
173,39.7391,10.0,221.6,3,4,10,63.4,133.1,97.5
173,39.7391,110.79,222.54,9,5,24,57.6,136.0,68.6
173,39.7391,199.57,227.71,2,4,7,22.6,128.3,9.0
173,39.7391,108.0,228.31,6,3,13,138.5,148.2,126.1
174,39.7724,23.5,86.5,4,2,8,175.0,116.5,246.0
174,39.7724,217.5,86.5,32,2,64,180.6,112.6,251.4
174,39.7724,265.5,86.5,4,2,8,175.0,116.0,247.0
174,39.7724,279.5,86.5,4,2,8,158.0,120.5,248.0
174,39.7724,91.5,169.5,8,4,32,169.9,116.8,253.0
174,39.7724,315.32,187.39,10,5,31,161.9,219.8,251.2
174,39.7724,49.87,188.0,6,4,15,165.9,120.9,245.9
174,39.7724,203.17,187.17,4,4,12,177.8,119.4,249.4
174,39.7724,300.43,188.14,6,2,7,118.4,142.6,229.1
174,39.7724,299.47,194.13,10,4,15,124.4,144.5,238.9
174,39.7724,119.93,202.64,41,18,299,151.7,148.1,168.7
174,39.7724,203.5,194.5,4,2,8,177.8,115.8,245.8
174,39.7724,233.5,194.5,4,2,8,178.1,116.1,246.1
174,39.7724,313.08,196.92,12,2,13,112.1,146.2,229.6
174,39.7724,186.83,197.17,5,2,6,160.7,144.7,221.0
174,39.7724,77.07,202.82,41,5,106,157.1,149.4,215.3
174,39.7724,157.93,203.86,5,4,14,150.1,148.0,200.5
174,39.7724,2.5,203.0,6,1,6,151.8,146.2,215.5
174,39.7724,215.5,203.0,16,1,16,152.1,145.9,209.0
174,39.7724,303.26,221.0,38,13,282,94.0,136.9,156.1
174,39.7724,137.5,220.6,2,6,10,79.3,133.3,123.3
174,39.7724,203.14,222.14,7,7,22,97.9,155.0,155.2
174,39.7724,141.86,221.14,4,3,7,86.6,146.9,124.7
174,39.7724,175.24,223.93,21,8,87,63.7,131.1,99.0
174,39.7724,116.47,224.63,6,7,19,58.4,130.6,71.7
174,39.7724,129.1,222.48,9,4,21,84.8,141.4,109.8
174,39.7724,100.0,224.1,5,6,21,49.4,135.2,85.0
174,39.7724,195.31,224.46,3,6,13,60.5,139.2,112.4
174,39.7724,276.27,224.32,9,6,37,73.4,136.3,115.0
174,39.7724,9.1,225.0,3,5,10,62.6,132.6,93.6
174,39.7724,90.29,225.47,6,5,17,54.7,134.5,71.2
174,39.7724,109.5,225.0,2,5,10,44.6,129.9,57.0
174,39.7724,264.0,226.17,3,3,6,54.0,136.0,89.0
174,39.7724,53.14,228.86,6,2,7,54.6,143.7,52.0
175,39.8058,23.5,86.5,4,2,8,175.0,116.5,246.0
175,39.8058,217.5,86.5,32,2,64,180.6,112.6,251.4
175,39.8058,265.5,86.5,4,2,8,175.0,116.0,247.0
175,39.8058,279.5,86.5,4,2,8,158.0,120.5,248.0
175,39.8058,89.5,167.5,8,4,32,172.0,116.2,252.2
175,39.8058,203.67,186.33,6,3,12,177.2,121.7,247.5
175,39.8058,311.83,186.67,4,2,6,148.2,155.2,232.8
175,39.8058,315.17,188.86,12,6,36,165.5,221.9,253.0
175,39.8058,134.68,194.39,13,3,28,176.7,117.4,246.9
175,39.8058,153.5,197.5,4,4,16,175.7,118.2,252.3
175,39.8058,316.0,198.5,7,2,14,128.6,139.3,227.3
175,39.8058,2.5,203.0,6,1,6,151.8,146.2,215.5
175,39.8058,56.11,204.44,25,2,45,148.3,148.7,208.4
175,39.8058,303.08,221.94,40,13,290,95.6,137.3,159.6
175,39.8058,136.62,221.0,2,5,8,85.1,132.6,134.8
175,39.8058,129.1,223.1,7,3,10,81.4,136.2,121.2
175,39.8058,171.83,222.33,4,2,6,86.0,141.3,126.3
175,39.8058,196.75,224.36,9,7,28,74.5,137.4,130.9
175,39.8058,275.71,225.18,9,7,34,77.8,134.7,115.4
175,39.8058,99.14,225.29,7,6,21,42.4,131.1,79.6
175,39.8058,173.39,226.52,19,6,54,54.5,128.4,75.8
175,39.8058,8.2,226.5,3,4,10,61.0,133.0,90.4
175,39.8058,89.73,226.8,6,4,15,52.0,133.3,68.2
175,39.8058,108.17,226.83,3,5,12,44.6,129.5,54.3
176,39.8392,23.5,86.5,4,2,8,175.0,116.5,246.0
176,39.8392,217.5,86.5,32,2,64,180.6,112.6,251.4
176,39.8392,265.5,86.5,4,2,8,175.0,116.0,247.0
176,39.8392,279.5,86.5,4,2,8,158.0,120.5,248.0
176,39.8392,91.5,169.5,8,4,32,170.3,115.8,251.7
176,39.8392,37.17,184.67,4,2,6,167.3,118.7,245.3
176,39.8392,312.81,191.0,18,8,62,169.9,216.1,248.8
176,39.8392,150.0,192.5,4,6,16,177.6,115.4,246.1
176,39.8392,100.41,195.28,10,8,58,175.9,119.0,251.1
176,39.8392,294.5,195.5,2,4,8,128.8,143.2,241.8
176,39.8392,315.17,200.44,9,3,18,124.8,140.0,234.9
176,39.8392,100.86,204.86,6,2,7,157.1,147.0,218.6
176,39.8392,133.9,224.0,4,4,10,76.8,140.2,101.8
176,39.8392,199.43,225.57,3,4,7,78.0,137.4,143.3
176,39.8392,97.85,227.0,7,5,20,40.5,132.2,72.2
176,39.8392,106.43,227.67,12,5,30,62.2,138.8,77.9
176,39.8392,191.71,226.38,9,5,21,77.9,139.9,135.5
176,39.8392,202.36,227.18,3,5,11,63.4,137.2,105.2
176,39.8392,87.3,228.1,5,4,10,51.5,131.2,73.7
176,39.8392,6.12,228.12,3,3,8,63.6,131.4,96.9
177,39.8725,23.5,86.5,4,2,8,175.0,116.5,246.0
177,39.8725,217.5,86.5,32,2,64,180.6,112.6,251.4
177,39.8725,265.5,86.5,4,2,8,175.0,116.0,247.0
177,39.8725,279.5,86.5,4,2,8,158.0,120.5,248.0
177,39.8725,229.61,162.94,4,10,36,172.9,114.9,250.5
177,39.8725,26.59,171.29,3,8,17,174.9,117.1,249.7
177,39.8725,93.17,173.83,4,4,12,171.5,118.2,250.7
177,39.8725,221.2,173.7,3,4,10,170.5,121.9,248.5
177,39.8725,313.7,192.61,16,9,69,166.9,219.1,251.6
177,39.8725,299.25,192.25,6,2,8,126.4,139.8,232.4
177,39.8725,89.81,199.06,18,8,63,167.8,117.4,250.3
177,39.8725,99.6,194.9,4,4,10,188.0,116.2,246.2
177,39.8725,152.5,196.5,2,6,12,173.3,114.3,253.0
177,39.8725,292.5,196.31,8,6,26,122.7,141.7,239.6
177,39.8725,297.36,200.73,8,2,11,134.0,141.0,232.8
177,39.8725,312.96,202.54,14,2,26,125.6,141.8,236.3
177,39.8725,87.5,203.0,12,1,12,165.9,124.9,245.9
177,39.8725,21.21,208.64,18,2,28,152.5,145.8,211.9
177,39.8725,218.34,208.69,20,2,29,151.1,145.9,209.7
177,39.8725,235.5,209.0,8,1,8,153.9,145.1,211.4
177,39.8725,250.5,209.0,10,1,10,153.1,145.1,211.1
177,39.8725,154.2,210.4,9,2,15,148.8,151.1,198.9
177,39.8725,189.0,210.25,6,2,8,146.8,150.8,196.8
177,39.8725,9.38,222.58,20,13,156,160.1,179.6,209.2
177,39.8725,306.93,224.91,28,10,203,117.9,141.7,187.2
177,39.8725,143.5,223.35,7,5,20,168.4,199.5,219.2
177,39.8725,22.71,222.29,6,2,7,155.3,167.0,205.6
177,39.8725,137.33,223.5,4,3,6,77.0,128.0,141.3
177,39.8725,281.09,226.78,26,7,85,89.1,138.5,161.8
177,39.8725,183.55,224.36,7,2,11,166.1,226.6,216.5
177,39.8725,104.36,227.86,6,4,14,58.8,134.9,65.1
177,39.8725,172.21,227.59,14,4,39,86.7,130.7,148.9
177,39.8725,193.5,227.67,9,4,18,84.7,142.6,152.8
177,39.8725,70.76,228.18,8,3,17,44.9,136.3,76.2
177,39.8725,94.14,228.36,13,3,22,52.9,126.8,84.7
178,39.9059,23.5,86.5,4,2,8,175.0,116.5,246.0
178,39.9059,217.5,86.5,32,2,64,180.6,112.6,251.4
178,39.9059,265.5,86.5,4,2,8,175.0,116.0,247.0
178,39.9059,279.5,86.5,4,2,8,158.0,120.5,248.0
178,39.9059,178.5,129.5,2,4,8,172.5,116.0,245.0
178,39.9059,213.83,137.17,4,4,12,185.4,108.4,252.0
178,39.9059,171.5,139.5,4,4,16,172.9,115.2,252.1
178,39.9059,56.5,150.5,6,2,12,171.9,116.2,248.2
178,39.9059,162.5,161.5,2,4,8,167.0,117.5,245.0
178,39.9059,16.33,172.67,6,10,48,172.6,115.6,248.3
178,39.9059,168.5,169.5,2,4,8,188.8,107.2,255.0
178,39.9059,88.94,171.39,10,4,36,171.3,116.4,251.1
178,39.9059,21.09,181.82,4,4,11,172.6,118.5,245.1
178,39.9059,27.48,188.02,11,8,58,174.6,116.9,251.0
178,39.9059,312.66,193.86,19,10,86,171.6,221.0,249.3
178,39.9059,308.43,190.14,6,2,7,120.4,142.4,224.6
178,39.9059,295.0,194.5,3,2,6,126.3,141.0,230.3
178,39.9059,290.0,197.69,5,4,13,124.5,141.9,240.6
178,39.9059,230.1,200.6,6,2,10,177.7,116.1,245.7
178,39.9059,310.83,204.0,6,3,12,122.4,139.6,237.2
178,39.9059,74.5,210.0,14,1,14,145.0,149.9,203.9
178,39.9059,189.0,210.25,6,2,8,146.8,150.8,196.8
178,39.9059,155.86,224.65,44,11,262,137.5,162.5,188.5
178,39.9059,306.43,225.39,30,10,195,122.0,142.7,194.0
178,39.9059,280.68,227.08,21,6,63,97.1,137.7,173.4
178,39.9059,182.8,225.7,9,2,10,165.8,209.6,213.6
178,39.9059,195.44,227.78,4,4,9,81.7,135.8,147.0
178,39.9059,188.81,228.19,10,3,21,87.6,138.4,156.8
178,39.9059,95.12,228.62,7,2,8,49.9,128.6,84.6
178,39.9059,199.88,228.62,5,2,8,72.6,131.1,152.1
178,39.9059,265.75,228.5,6,2,8,133.4,160.6,195.6
179,39.9393,23.5,86.5,4,2,8,175.0,116.5,246.0
179,39.9393,217.5,86.5,32,2,64,180.6,112.6,251.4
179,39.9393,265.5,86.5,4,2,8,175.0,116.0,247.0
179,39.9393,279.5,86.5,4,2,8,158.0,120.5,248.0
179,39.9393,178.13,121.98,10,6,46,172.3,115.5,248.7
179,39.9393,171.17,131.83,4,4,12,173.8,114.4,249.8
179,39.9393,163.7,164.5,8,8,40,174.1,115.2,246.5
179,39.9393,230.33,163.83,2,4,6,169.3,119.7,248.3
179,39.9393,212.1,174.1,8,4,20,172.2,115.0,253.4
179,39.9393,311.72,193.53,21,9,102,172.7,221.1,248.9
179,39.9393,123.7,196.1,4,6,20,171.6,114.6,250.6
179,39.9393,293.0,194.5,3,2,6,126.3,141.0,230.3
179,39.9393,288.62,198.31,3,6,13,124.9,142.7,239.8
179,39.9393,309.0,203.0,7,1,7,101.7,148.0,241.7
179,39.9393,131.83,208.67,4,2,6,147.3,145.3,209.7
179,39.9393,317.0,208.75,6,2,8,140.1,146.6,214.6
179,39.9393,7.0,210.0,15,1,15,143.1,149.5,207.7
179,39.9393,150.82,210.35,11,2,17,148.4,149.7,199.9
179,39.9393,189.0,210.25,6,2,8,146.8,150.8,196.8
179,39.9393,8.76,223.59,22,11,153,163.6,180.1,214.0
179,39.9393,42.11,224.97,45,11,337,140.6,156.3,196.6
179,39.9393,305.96,225.26,32,10,207,125.0,142.7,196.9
179,39.9393,277.77,227.12,24,6,65,101.8,135.0,177.5
179,39.9393,179.25,225.62,6,2,8,168.1,217.1,211.5
179,39.9393,189.0,227.87,13,4,30,85.4,135.7,151.9
179,39.9393,67.3,228.6,7,2,10,34.8,139.9,85.7
179,39.9393,94.25,228.5,5,2,8,59.4,133.5,56.1
180,39.9726,23.5,86.5,4,2,8,175.0,116.5,246.0
180,39.9726,217.5,86.5,32,2,64,180.6,112.6,251.4
180,39.9726,265.5,86.5,4,2,8,175.0,116.0,247.0
180,39.9726,279.5,86.5,4,2,8,158.0,120.5,248.0
180,39.9726,29.78,134.56,5,2,9,173.1,117.1,245.9
180,39.9726,44.5,146.0,6,4,16,170.4,117.2,248.7
180,39.9726,160.9,151.4,4,4,10,167.2,116.6,246.6
180,39.9726,169.7,163.7,4,8,20,171.2,115.7,251.1
180,39.9726,217.5,166.5,4,2,8,171.8,114.8,246.8
180,39.9726,208.71,171.07,6,5,14,176.3,122.0,248.4
180,39.9726,84.5,173.5,2,4,8,175.8,114.2,249.2
180,39.9726,147.25,182.38,4,3,8,179.2,123.8,249.2
180,39.9726,88.67,185.67,3,4,9,171.1,118.1,245.4
180,39.9726,101.5,184.5,4,2,8,172.6,117.1,248.6
180,39.9726,311.08,193.47,23,12,118,175.4,221.9,247.4
180,39.9726,69.82,189.27,4,4,11,174.7,115.5,248.9
180,39.9726,313.83,188.67,4,2,6,148.2,155.2,232.8
180,39.9726,204.08,194.92,8,6,24,178.8,122.4,249.0
180,39.9726,151.17,195.17,4,4,12,179.0,114.3,245.0
180,39.9726,291.0,194.5,3,2,6,126.3,141.0,230.3
180,39.9726,286.0,197.69,5,4,13,124.5,141.9,240.6
180,39.9726,203.75,203.0,4,3,8,198.4,135.9,249.8
180,39.9726,306.83,204.0,6,3,12,122.4,139.6,237.2
180,39.9726,317.0,204.5,3,2,6,120.3,146.0,229.3
180,39.9726,316.58,208.42,8,4,12,138.4,146.4,214.4
180,39.9726,6.0,210.0,13,1,13,142.9,149.5,207.8
180,39.9726,136.92,210.15,11,2,13,145.2,148.9,204.4
180,39.9726,149.17,210.33,12,2,18,148.3,149.7,199.8
180,39.9726,189.0,210.25,6,2,8,146.8,150.8,196.8
180,39.9726,152.12,224.56,45,12,304,138.0,161.9,189.4
180,39.9726,8.28,224.2,22,11,132,157.2,174.5,203.0
180,39.9726,42.61,224.84,41,11,302,142.8,158.8,199.6
180,39.9726,17.24,223.71,6,5,21,154.0,169.0,216.8
180,39.9726,23.89,224.22,5,4,9,147.0,155.6,218.0
180,39.9726,184.41,227.41,18,5,44,108.5,155.7,171.2
180,39.9726,65.3,228.6,7,2,10,43.8,137.5,85.7
180,39.9726,85.3,228.6,8,2,10,51.5,133.1,59.3
